txn_id,date,month_no,month_th,weekday,hour,customer_id,brand,brand_th,size_kg,txn_type,is_order,full_out,empty_in,net_unreturned,gas_amount,deposit_amount,payment_method,channel,delivery,driver
T00001,2026-04-01,4,เม.ย.,3,7,C007,SGP,สยามแก๊ส,15,exchange,1,1,1,0,423,0,transfer,phone,delivery,คนส่ง B
T00002,2026-04-01,4,เม.ย.,3,8,C161,PTT,ปตท.,15,exchange,1,2,2,0,846,0,transfer,phone,delivery,คนส่ง B
T00003,2026-04-01,4,เม.ย.,3,9,C156,WP,เวิลด์แก๊ส,15,exchange,1,1,1,0,423,0,credit,phone,delivery,คนส่ง A
T00004,2026-04-01,4,เม.ย.,3,10,C192,PTT,ปตท.,15,exchange,1,1,1,0,423,0,cash,walk_in,pickup,
T00005,2026-04-01,4,เม.ย.,3,10,C164,PTT,ปตท.,15,exchange,1,2,2,0,846,0,credit,phone,delivery,คนส่ง A
T00006,2026-04-01,4,เม.ย.,3,11,C204,WP,เวิลด์แก๊ส,15,exchange,1,1,1,0,423,0,credit,line,delivery,คนส่ง A
T00007,2026-04-01,4,เม.ย.,3,11,C179,WP,เวิลด์แก๊ส,15,exchange,1,2,2,0,846,0,cash,walk_in,pickup,
T00008,2026-04-01,4,เม.ย.,3,15,C210,PTT,ปตท.,4,exchange,1,1,1,0,160,0,cash,walk_in,pickup,
T00009,2026-04-01,4,เม.ย.,3,16,C186,UNQ,ยูนิคแก๊ส,15,exchange,1,3,3,0,1269,0,credit,phone,delivery,คนส่ง B
T00010,2026-04-01,4,เม.ย.,3,17,C176,PTT,ปตท.,15,exchange,1,2,2,0,846,0,cash,phone,delivery,คนส่ง A
T00011,2026-04-02,4,เม.ย.,4,10,C184,PTT,ปตท.,48,exchange,1,3,3,0,4050,0,transfer,walk_in,pickup,
T00012,2026-04-02,4,เม.ย.,4,11,C181,WP,เวิลด์แก๊ส,15,exchange,1,2,2,0,846,0,credit,walk_in,pickup,
T00013,2026-04-03,4,เม.ย.,5,8,C199,UNQ,ยูนิคแก๊ส,15,exchange,1,1,1,0,423,0,cash,walk_in,pickup,
T00014,2026-04-03,4,เม.ย.,5,8,C201,WP,เวิลด์แก๊ส,4,exchange,1,1,0,1,160,0,transfer,line,delivery,คนส่ง A
T00015,2026-04-03,4,เม.ย.,5,10,C180,PTT,ปตท.,15,exchange,1,4,4,0,1692,0,transfer,phone,delivery,คนส่ง B
T00016,2026-04-03,4,เม.ย.,5,10,C157,WP,เวิลด์แก๊ส,15,exchange,1,5,5,0,2115,0,cash,walk_in,pickup,
T00017,2026-04-03,4,เม.ย.,5,11,C006,PTT,ปตท.,15,exchange,1,1,1,0,423,0,transfer,walk_in,pickup,
T00018,2026-04-03,4,เม.ย.,5,12,C183,UNQ,ยูนิคแก๊ส,15,exchange,1,5,5,0,2115,0,credit,phone,delivery,คนส่ง A
T00019,2026-04-03,4,เม.ย.,5,13,C190,SGP,สยามแก๊ส,15,exchange,1,3,3,0,1269,0,credit,line,delivery,คนส่ง A
T00020,2026-04-03,4,เม.ย.,5,14,C208,WP,เวิลด์แก๊ส,15,exchange,1,1,1,0,423,0,cash,phone,delivery,คนส่ง A
T00021,2026-04-03,4,เม.ย.,5,15,C094,SGP,สยามแก๊ส,15,exchange,1,1,1,0,423,0,cash,phone,delivery,คนส่ง B
T00022,2026-04-03,4,เม.ย.,5,16,C162,PTT,ปตท.,15,exchange,1,3,3,0,1269,0,transfer,line,delivery,คนส่ง A
T00023,2026-04-03,4,เม.ย.,5,17,C167,UNQ,ยูนิคแก๊ส,15,exchange,1,4,4,0,1692,0,transfer,phone,delivery,คนส่ง B
T00024,2026-04-04,4,เม.ย.,6,8,C169,WP,เวิลด์แก๊ส,15,exchange,1,2,2,0,846,0,credit,walk_in,pickup,
T00025,2026-04-04,4,เม.ย.,6,9,C219,PTT,ปตท.,4,exchange,1,1,1,0,160,0,transfer,walk_in,pickup,
T00026,2026-04-04,4,เม.ย.,6,10,C189,WP,เวิลด์แก๊ส,48,exchange,1,2,2,0,2700,0,transfer,phone,delivery,คนส่ง B
T00027,2026-04-04,4,เม.ย.,6,11,C187,WP,เวิลด์แก๊ส,48,exchange,1,1,1,0,1350,0,transfer,phone,delivery,คนส่ง A
T00028,2026-04-04,4,เม.ย.,6,13,C211,WP,เวิลด์แก๊ส,4,exchange,1,1,1,0,160,0,transfer,walk_in,pickup,
T00029,2026-04-04,4,เม.ย.,6,14,C159,WP,เวิลด์แก๊ส,15,exchange,1,4,4,0,1692,0,transfer,phone,delivery,คนส่ง B
T00030,2026-04-04,4,เม.ย.,6,17,C141,SGP,สยามแก๊ส,15,exchange,1,1,1,0,423,0,transfer,phone,delivery,คนส่ง A
T00031,2026-04-05,4,เม.ย.,7,8,C050,SGP,สยามแก๊ส,15,exchange,1,1,1,0,423,0,cash,phone,delivery,คนส่ง A
T00032,2026-04-05,4,เม.ย.,7,8,C115,PTT,ปตท.,15,exchange,1,1,1,0,423,0,cash,phone,delivery,คนส่ง A
T00033,2026-04-05,4,เม.ย.,7,8,C025,WP,เวิลด์แก๊ส,15,exchange,1,1,1,0,423,0,cash,line,delivery,คนส่ง B
T00034,2026-04-05,4,เม.ย.,7,8,C151,UNQ,ยูนิคแก๊ส,48,exchange,1,2,2,0,2700,0,cash,line,delivery,คนส่ง A
T00035,2026-04-05,4,เม.ย.,7,10,C076,WP,เวิลด์แก๊ส,15,exchange,1,1,1,0,423,0,transfer,line,delivery,คนส่ง B
T00036,2026-04-05,4,เม.ย.,7,11,C142,PTT,ปตท.,15,exchange,1,1,1,0,423,0,transfer,line,delivery,คนส่ง A
T00037,2026-04-05,4,เม.ย.,7,11,C198,SGP,สยามแก๊ส,4,exchange,1,1,1,0,160,0,cash,line,delivery,คนส่ง B
T00038,2026-04-05,4,เม.ย.,7,11,C045,PTT,ปตท.,4,exchange,1,1,0,1,160,0,transfer,line,delivery,คนส่ง B
T00039,2026-04-05,4,เม.ย.,7,16,C214,SGP,สยามแก๊ส,15,exchange,1,1,1,0,423,0,cash,phone,delivery,คนส่ง A
T00040,2026-04-05,4,เม.ย.,7,16,C197,WP,เวิลด์แก๊ส,15,exchange,1,1,1,0,423,0,transfer,line,delivery,คนส่ง A
T00041,2026-04-06,4,เม.ย.,1,7,C096,WP,เวิลด์แก๊ส,15,exchange,1,1,1,0,423,0,cash,line,delivery,คนส่ง A
T00042,2026-04-06,4,เม.ย.,1,7,C178,WP,เวิลด์แก๊ส,15,exchange,1,3,3,0,1269,0,credit,phone,delivery,คนส่ง A
T00043,2026-04-06,4,เม.ย.,1,8,C120,WP,เวิลด์แก๊ส,15,exchange,1,1,1,0,423,0,transfer,walk_in,pickup,
T00044,2026-04-06,4,เม.ย.,1,8,C109,WP,เวิลด์แก๊ส,15,exchange,1,1,1,0,423,0,transfer,phone,delivery,คนส่ง B
T00045,2026-04-06,4,เม.ย.,1,9,C156,WP,เวิลด์แก๊ส,15,exchange,1,2,2,0,846,0,credit,phone,delivery,คนส่ง B
T00046,2026-04-06,4,เม.ย.,1,10,C161,PTT,ปตท.,15,exchange,1,1,1,0,423,0,cash,phone,delivery,คนส่ง B
T00047,2026-04-06,4,เม.ย.,1,10,C216,WP,เวิลด์แก๊ส,15,exchange,1,1,0,1,423,0,cash,phone,delivery,คนส่ง A
T00048,2026-04-06,4,เม.ย.,1,10,C185,WP,เวิลด์แก๊ส,15,exchange,1,2,2,0,846,0,credit,line,delivery,คนส่ง B
T00049,2026-04-06,4,เม.ย.,1,10,C163,UNQ,ยูนิคแก๊ส,15,exchange,1,4,4,0,1692,0,cash,phone,delivery,คนส่ง A
T00050,2026-04-06,4,เม.ย.,1,11,C152,UNQ,ยูนิคแก๊ส,15,exchange,1,3,3,0,1269,0,credit,walk_in,pickup,
T00051,2026-04-06,4,เม.ย.,1,11,C104,UNQ,ยูนิคแก๊ส,15,exchange,1,1,1,0,423,0,transfer,phone,delivery,คนส่ง A
T00052,2026-04-06,4,เม.ย.,1,12,C062,WP,เวิลด์แก๊ส,15,exchange,1,1,1,0,423,0,cash,phone,delivery,คนส่ง B
T00053,2026-04-06,4,เม.ย.,1,13,C158,WP,เวิลด์แก๊ส,48,exchange,1,3,3,0,4050,0,credit,line,delivery,คนส่ง A
T00054,2026-04-06,4,เม.ย.,1,15,C186,UNQ,ยูนิคแก๊ส,15,exchange,1,4,4,0,1692,0,credit,line,delivery,คนส่ง A
T00055,2026-04-06,4,เม.ย.,1,15,C149,UNQ,ยูนิคแก๊ส,15,exchange,1,1,1,0,423,0,cash,walk_in,pickup,
T00056,2026-04-06,4,เม.ย.,1,16,C173,WP,เวิลด์แก๊ส,48,exchange,1,3,3,0,4050,0,transfer,walk_in,pickup,
T00057,2026-04-06,4,เม.ย.,1,16,C160,WP,เวิลด์แก๊ส,48,exchange,1,4,4,0,5400,0,cash,phone,delivery,คนส่ง A
T00058,2026-04-07,4,เม.ย.,2,7,C191,PTT,ปตท.,15,exchange,1,5,5,0,2115,0,credit,line,delivery,คนส่ง B
T00059,2026-04-07,4,เม.ย.,2,9,C188,SGP,สยามแก๊ส,15,exchange,1,2,2,0,846,0,credit,walk_in,pickup,
T00060,2026-04-07,4,เม.ย.,2,9,C181,WP,เวิลด์แก๊ส,15,exchange,1,3,3,0,1269,0,credit,walk_in,pickup,
T00061,2026-04-07,4,เม.ย.,2,11,C182,WP,เวิลด์แก๊ส,15,exchange,1,3,3,0,1269,0,cash,phone,delivery,คนส่ง B
T00062,2026-04-07,4,เม.ย.,2,11,C177,UNQ,ยูนิคแก๊ส,48,exchange,1,2,1,1,2700,0,credit,phone,delivery,คนส่ง A
T00063,2026-04-07,4,เม.ย.,2,11,C001,SGP,สยามแก๊ส,15,new_cylinder,1,1,0,0,423,1300,cash,phone,delivery,คนส่ง B
T00064,2026-04-07,4,เม.ย.,2,11,C220,PTT,ปตท.,15,exchange,1,1,1,0,423,0,cash,phone,delivery,คนส่ง B
T00065,2026-04-07,4,เม.ย.,2,12,C099,WP,เวิลด์แก๊ส,15,exchange,1,1,1,0,423,0,transfer,line,delivery,คนส่ง B
T00066,2026-04-07,4,เม.ย.,2,13,C193,PTT,ปตท.,48,exchange,1,3,3,0,4050,0,credit,walk_in,pickup,
T00067,2026-04-07,4,เม.ย.,2,13,C179,WP,เวิลด์แก๊ส,15,exchange,1,2,2,0,846,0,cash,walk_in,pickup,
T00068,2026-04-07,4,เม.ย.,2,14,C162,PTT,ปตท.,15,exchange,1,3,3,0,1269,0,transfer,phone,delivery,คนส่ง A
T00069,2026-04-07,4,เม.ย.,2,15,C164,PTT,ปตท.,15,exchange,1,4,4,0,1692,0,credit,line,delivery,คนส่ง B
T00070,2026-04-07,4,เม.ย.,2,15,C175,SGP,สยามแก๊ส,15,exchange,1,3,3,0,1269,0,transfer,walk_in,pickup,
T00071,2026-04-07,4,เม.ย.,2,16,C170,UNQ,ยูนิคแก๊ส,15,exchange,1,2,2,0,846,0,cash,walk_in,pickup,
T00072,2026-04-08,4,เม.ย.,3,8,C171,SGP,สยามแก๊ส,48,exchange,1,2,2,0,2700,0,cash,phone,delivery,คนส่ง A
T00073,2026-04-08,4,เม.ย.,3,8,C168,WP,เวิลด์แก๊ส,48,exchange,1,3,3,0,4050,0,credit,line,delivery,คนส่ง B
T00074,2026-04-08,4,เม.ย.,3,9,C174,SGP,สยามแก๊ส,48,exchange,1,3,3,0,4050,0,credit,walk_in,pickup,
T00075,2026-04-08,4,เม.ย.,3,11,C167,UNQ,ยูนิคแก๊ส,15,exchange,1,3,3,0,1269,0,transfer,line,delivery,คนส่ง B
T00076,2026-04-08,4,เม.ย.,3,11,C123,WP,เวิลด์แก๊ส,15,exchange,1,1,1,0,423,0,transfer,walk_in,pickup,
T00077,2026-04-08,4,เม.ย.,3,13,C176,PTT,ปตท.,15,exchange,1,1,1,0,423,0,cash,line,delivery,คนส่ง A
T00078,2026-04-08,4,เม.ย.,3,14,C192,PTT,ปตท.,15,exchange,1,2,2,0,846,0,cash,line,delivery,คนส่ง B
T00079,2026-04-08,4,เม.ย.,3,15,C154,UNQ,ยูนิคแก๊ส,48,exchange,1,3,3,0,4050,0,cash,phone,delivery,คนส่ง A
T00080,2026-04-08,4,เม.ย.,3,16,C043,WP,เวิลด์แก๊ส,15,exchange,1,1,1,0,423,0,cash,phone,delivery,คนส่ง A
T00081,2026-04-08,4,เม.ย.,3,16,C190,SGP,สยามแก๊ส,15,exchange,1,2,2,0,846,0,credit,phone,delivery,คนส่ง A
T00082,2026-04-08,4,เม.ย.,3,17,C153,WP,เวิลด์แก๊ส,48,exchange,1,3,3,0,4050,0,credit,walk_in,pickup,
T00083,2026-04-08,4,เม.ย.,3,18,C215,UNQ,ยูนิคแก๊ส,4,exchange,1,1,1,0,160,0,cash,phone,delivery,คนส่ง A
T00084,2026-04-09,4,เม.ย.,4,8,C008,WP,เวิลด์แก๊ส,15,exchange,1,1,1,0,423,0,cash,walk_in,pickup,
T00085,2026-04-09,4,เม.ย.,4,8,C169,WP,เวิลด์แก๊ส,15,exchange,1,2,2,0,846,0,credit,phone,delivery,คนส่ง A
T00086,2026-04-09,4,เม.ย.,4,8,C195,PTT,ปตท.,15,exchange,1,3,3,0,1269,0,transfer,line,delivery,คนส่ง B
T00087,2026-04-09,4,เม.ย.,4,12,C204,WP,เวิลด์แก๊ส,15,exchange,1,1,1,0,423,0,credit,walk_in,pickup,
T00088,2026-04-09,4,เม.ย.,4,12,C155,SGP,สยามแก๊ส,48,exchange,1,4,4,0,5400,0,transfer,walk_in,pickup,
T00089,2026-04-09,4,เม.ย.,4,14,C180,PTT,ปตท.,15,exchange,1,2,2,0,846,0,transfer,walk_in,pickup,
T00090,2026-04-09,4,เม.ย.,4,15,C093,UNQ,ยูนิคแก๊ส,15,exchange,1,1,1,0,423,0,cash,walk_in,pickup,
T00091,2026-04-09,4,เม.ย.,4,15,C151,UNQ,ยูนิคแก๊ส,48,exchange,1,2,2,0,2700,0,transfer,phone,delivery,คนส่ง A
T00092,2026-04-09,4,เม.ย.,4,16,C186,UNQ,ยูนิคแก๊ส,15,exchange,1,2,2,0,846,0,credit,phone,delivery,คนส่ง B
T00093,2026-04-09,4,เม.ย.,4,16,C194,PTT,ปตท.,15,exchange,1,3,3,0,1269,0,credit,line,delivery,คนส่ง B
T00094,2026-04-09,4,เม.ย.,4,16,C166,PTT,ปตท.,15,exchange,1,3,3,0,1269,0,credit,phone,delivery,คนส่ง A
T00095,2026-04-09,4,เม.ย.,4,17,C020,UNQ,ยูนิคแก๊ส,15,exchange,1,1,1,0,423,0,cash,phone,delivery,คนส่ง B
T00096,2026-04-10,4,เม.ย.,5,9,C207,PTT,ปตท.,15,exchange,1,1,1,0,423,0,cash,phone,delivery,คนส่ง A
T00097,2026-04-10,4,เม.ย.,5,9,C184,PTT,ปตท.,48,exchange,1,3,3,0,4050,0,cash,walk_in,pickup,
T00098,2026-04-10,4,เม.ย.,5,10,C210,PTT,ปตท.,4,exchange,1,1,1,0,160,0,cash,phone,delivery,คนส่ง A
T00099,2026-04-10,4,เม.ย.,5,14,C010,WP,เวิลด์แก๊ส,15,exchange,1,1,1,0,423,0,cash,phone,delivery,คนส่ง A
T00100,2026-04-10,4,เม.ย.,5,14,C078,UNQ,ยูนิคแก๊ส,4,exchange,1,1,0,1,160,0,cash,line,delivery,คนส่ง A
T00101,2026-04-10,4,เม.ย.,5,15,C157,WP,เวิลด์แก๊ส,15,exchange,1,4,4,0,1692,0,transfer,phone,delivery,คนส่ง A
T00102,2026-04-10,4,เม.ย.,5,17,C106,PTT,ปตท.,4,exchange,1,1,1,0,160,0,cash,phone,delivery,คนส่ง A
T00103,2026-04-11,4,เม.ย.,6,8,C100,PTT,ปตท.,15,exchange,1,1,1,0,423,0,cash,phone,delivery,คนส่ง B
T00104,2026-04-11,4,เม.ย.,6,8,C200,WP,เวิลด์แก๊ส,15,exchange,1,1,1,0,423,0,cash,walk_in,pickup,
T00105,2026-04-11,4,เม.ย.,6,9,C158,WP,เวิลด์แก๊ส,48,exchange,1,4,4,0,5400,0,credit,walk_in,pickup,
T00106,2026-04-11,4,เม.ย.,6,10,C053,PTT,ปตท.,15,exchange,1,1,1,0,423,0,cash,walk_in,pickup,
T00107,2026-04-11,4,เม.ย.,6,11,C185,WP,เวิลด์แก๊ส,15,exchange,1,2,2,0,846,0,credit,line,delivery,คนส่ง A
T00108,2026-04-11,4,เม.ย.,6,11,C038,SGP,สยามแก๊ส,15,exchange,1,1,1,0,423,0,transfer,line,delivery,คนส่ง A
T00109,2026-04-11,4,เม.ย.,6,13,C152,UNQ,ยูนิคแก๊ส,15,exchange,1,2,2,0,846,0,credit,walk_in,pickup,
T00110,2026-04-11,4,เม.ย.,6,13,C182,WP,เวิลด์แก๊ส,15,exchange,1,2,2,0,846,0,cash,walk_in,pickup,
T00111,2026-04-11,4,เม.ย.,6,13,C121,WP,เวิลด์แก๊ส,15,exchange,1,1,1,0,423,0,transfer,phone,delivery,คนส่ง B
T00112,2026-04-11,4,เม.ย.,6,13,C189,WP,เวิลด์แก๊ส,48,exchange,1,2,2,0,2700,0,cash,walk_in,pickup,
T00113,2026-04-11,4,เม.ย.,6,14,C183,UNQ,ยูนิคแก๊ส,15,exchange,1,3,3,0,1269,0,credit,phone,delivery,คนส่ง A
T00114,2026-04-11,4,เม.ย.,6,14,C033,UNQ,ยูนิคแก๊ส,15,exchange,1,1,1,0,423,0,cash,phone,delivery,คนส่ง A
T00115,2026-04-11,4,เม.ย.,6,16,C048,UNQ,ยูนิคแก๊ส,15,exchange,1,1,1,0,423,0,cash,line,delivery,คนส่ง B
T00116,2026-04-11,4,เม.ย.,6,16,C196,WP,เวิลด์แก๊ส,15,exchange,1,1,1,0,423,0,cash,phone,delivery,คนส่ง B
T00117,2026-04-11,4,เม.ย.,6,18,C203,PTT,ปตท.,4,exchange,1,1,1,0,160,0,cash,phone,delivery,คนส่ง B
T00118,2026-04-11,4,เม.ย.,6,18,C199,UNQ,ยูนิคแก๊ส,15,exchange,1,1,1,0,423,0,transfer,walk_in,pickup,
T00119,2026-04-12,4,เม.ย.,7,7,C213,WP,เวิลด์แก๊ส,4,exchange,1,1,1,0,160,0,transfer,phone,delivery,คนส่ง A
T00120,2026-04-12,4,เม.ย.,7,10,C170,UNQ,ยูนิคแก๊ส,15,exchange,1,4,4,0,1692,0,cash,phone,delivery,คนส่ง B
T00121,2026-04-12,4,เม.ย.,7,10,C083,UNQ,ยูนิคแก๊ส,15,exchange,1,1,1,0,423,0,cash,line,delivery,คนส่ง A
T00122,2026-04-12,4,เม.ย.,7,16,C181,WP,เวิลด์แก๊ส,15,exchange,1,2,2,0,846,0,credit,line,delivery,คนส่ง B
T00123,2026-04-12,4,เม.ย.,7,17,C156,WP,เวิลด์แก๊ส,15,exchange,1,2,2,0,846,0,credit,phone,delivery,คนส่ง A
T00124,2026-04-12,4,เม.ย.,7,17,C201,WP,เวิลด์แก๊ส,4,exchange,1,1,2,-1,160,0,cash,phone,delivery,คนส่ง A
T00125,2026-04-13,4,เม.ย.,1,7,C180,PTT,ปตท.,15,exchange,1,3,3,0,1269,0,cash,walk_in,pickup,
T00126,2026-04-13,4,เม.ย.,1,8,C140,PTT,ปตท.,15,exchange,1,1,1,0,423,0,transfer,line,delivery,คนส่ง B
T00127,2026-04-13,4,เม.ย.,1,8,C069,WP,เวิลด์แก๊ส,15,exchange,1,1,1,0,423,0,cash,phone,delivery,คนส่ง A
T00128,2026-04-13,4,เม.ย.,1,8,C195,PTT,ปตท.,15,exchange,1,4,4,0,1692,0,cash,phone,delivery,คนส่ง B
T00129,2026-04-13,4,เม.ย.,1,9,C065,SGP,สยามแก๊ส,15,exchange,1,1,1,0,423,0,cash,walk_in,pickup,
T00130,2026-04-13,4,เม.ย.,1,9,C134,PTT,ปตท.,15,exchange,1,1,1,0,423,0,cash,phone,delivery,คนส่ง A
T00131,2026-04-13,4,เม.ย.,1,9,C154,UNQ,ยูนิคแก๊ส,48,exchange,1,3,3,0,4050,0,transfer,phone,delivery,คนส่ง B
T00132,2026-04-13,4,เม.ย.,1,10,C191,PTT,ปตท.,15,exchange,1,3,3,0,1269,0,credit,phone,delivery,คนส่ง A
T00133,2026-04-13,4,เม.ย.,1,10,C161,PTT,ปตท.,15,exchange,1,1,1,0,423,0,cash,phone,delivery,คนส่ง B
T00134,2026-04-13,4,เม.ย.,1,10,C173,WP,เวิลด์แก๊ส,48,exchange,1,4,4,0,5400,0,cash,phone,delivery,คนส่ง B
T00135,2026-04-13,4,เม.ย.,1,11,C041,UNQ,ยูนิคแก๊ส,15,exchange,1,1,1,0,423,0,transfer,walk_in,pickup,
T00136,2026-04-13,4,เม.ย.,1,11,C160,WP,เวิลด์แก๊ส,48,exchange,1,5,5,0,6750,0,cash,line,delivery,คนส่ง A
T00137,2026-04-13,4,เม.ย.,1,11,C217,SGP,สยามแก๊ส,4,exchange,1,1,1,0,160,0,cash,line,delivery,คนส่ง A
T00138,2026-04-13,4,เม.ย.,1,11,C187,WP,เวิลด์แก๊ส,48,exchange,1,1,1,0,1350,0,transfer,line,delivery,คนส่ง B
T00139,2026-04-13,4,เม.ย.,1,11,C198,SGP,สยามแก๊ส,4,exchange,1,1,1,0,160,0,cash,phone,delivery,คนส่ง B
T00140,2026-04-13,4,เม.ย.,1,12,C130,WP,เวิลด์แก๊ส,15,exchange,1,1,1,0,423,0,transfer,line,delivery,คนส่ง B
T00141,2026-04-13,4,เม.ย.,1,13,C159,WP,เวิลด์แก๊ส,15,exchange,1,2,2,0,846,0,cash,phone,delivery,คนส่ง B
T00142,2026-04-13,4,เม.ย.,1,13,C188,SGP,สยามแก๊ส,15,exchange,1,2,2,0,846,0,credit,phone,delivery,คนส่ง A
T00143,2026-04-13,4,เม.ย.,1,13,C174,SGP,สยามแก๊ส,48,exchange,1,3,2,1,4050,0,credit,phone,delivery,คนส่ง B
T00144,2026-04-13,4,เม.ย.,1,16,C211,WP,เวิลด์แก๊ส,4,exchange,1,1,1,0,160,0,cash,phone,delivery,คนส่ง A
T00145,2026-04-13,4,เม.ย.,1,16,C178,WP,เวิลด์แก๊ส,15,exchange,1,3,3,0,1269,0,credit,walk_in,pickup,
T00146,2026-04-13,4,เม.ย.,1,16,C193,PTT,ปตท.,48,exchange,1,2,2,0,2700,0,credit,phone,delivery,คนส่ง A
T00147,2026-04-13,4,เม.ย.,1,16,C208,WP,เวิลด์แก๊ส,15,exchange,1,1,1,0,423,0,cash,phone,delivery,คนส่ง B
T00148,2026-04-13,4,เม.ย.,1,17,C164,PTT,ปตท.,15,exchange,1,2,1,1,846,0,credit,phone,delivery,คนส่ง B
T00149,2026-04-13,4,เม.ย.,1,18,C168,WP,เวิลด์แก๊ส,48,exchange,1,2,2,0,2700,0,credit,walk_in,pickup,
T00150,2026-04-14,4,เม.ย.,2,7,C215,UNQ,ยูนิคแก๊ส,4,exchange,1,1,1,0,160,0,transfer,line,delivery,คนส่ง A
T00151,2026-04-14,4,เม.ย.,2,8,C205,WP,เวิลด์แก๊ส,15,exchange,1,1,1,0,423,0,cash,walk_in,pickup,
T00152,2026-04-14,4,เม.ย.,2,8,C179,WP,เวิลด์แก๊ส,15,exchange,1,2,2,0,846,0,transfer,walk_in,pickup,
T00153,2026-04-14,4,เม.ย.,2,8,C218,WP,เวิลด์แก๊ส,15,exchange,1,1,1,0,423,0,transfer,phone,delivery,คนส่ง B
T00154,2026-04-14,4,เม.ย.,2,9,C153,WP,เวิลด์แก๊ส,48,exchange,1,3,3,0,4050,0,credit,phone,delivery,คนส่ง A
T00155,2026-04-14,4,เม.ย.,2,9,C175,SGP,สยามแก๊ส,15,exchange,1,3,3,0,1269,0,cash,line,delivery,คนส่ง A
T00156,2026-04-14,4,เม.ย.,2,11,C137,PTT,ปตท.,15,exchange,1,1,1,0,423,0,cash,phone,delivery,คนส่ง B
T00157,2026-04-14,4,เม.ย.,2,11,C177,UNQ,ยูนิคแก๊ส,48,exchange,1,2,3,-1,2700,0,credit,phone,delivery,คนส่ง A
T00158,2026-04-14,4,เม.ย.,2,12,C091,PTT,ปตท.,15,exchange,1,1,1,0,423,0,transfer,phone,delivery,คนส่ง A
T00159,2026-04-14,4,เม.ย.,2,14,C090,WP,เวิลด์แก๊ส,15,exchange,1,1,1,0,423,0,cash,phone,delivery,คนส่ง A
T00160,2026-04-14,4,เม.ย.,2,15,C192,PTT,ปตท.,15,exchange,1,2,2,0,846,0,transfer,phone,delivery,คนส่ง B
T00161,2026-04-14,4,เม.ย.,2,16,C162,PTT,ปตท.,15,exchange,1,2,2,0,846,0,cash,phone,delivery,คนส่ง A
T00162,2026-04-14,4,เม.ย.,2,17,C171,SGP,สยามแก๊ส,48,exchange,1,3,3,0,4050,0,cash,phone,delivery,คนส่ง A
T00163,2026-04-14,4,เม.ย.,2,17,C163,UNQ,ยูนิคแก๊ส,15,exchange,1,2,2,0,846,0,transfer,phone,delivery,คนส่ง B
T00164,2026-04-15,4,เม.ย.,3,8,C167,UNQ,ยูนิคแก๊ส,15,exchange,1,5,5,0,2115,0,transfer,phone,delivery,คนส่ง A
T00165,2026-04-15,4,เม.ย.,3,8,C147,WP,เวิลด์แก๊ส,15,exchange,1,1,1,0,423,0,cash,walk_in,pickup,
T00166,2026-04-15,4,เม.ย.,3,8,C216,WP,เวิลด์แก๊ส,15,exchange,1,1,1,0,423,0,cash,phone,delivery,คนส่ง A
T00167,2026-04-15,4,เม.ย.,3,9,C128,WP,เวิลด์แก๊ส,15,exchange,1,1,1,0,423,0,cash,walk_in,pickup,
T00168,2026-04-15,4,เม.ย.,3,10,C152,UNQ,ยูนิคแก๊ส,15,exchange,1,3,3,0,1269,0,credit,phone,delivery,คนส่ง B
T00169,2026-04-15,4,เม.ย.,3,10,C194,PTT,ปตท.,15,exchange,1,2,2,0,846,0,credit,line,delivery,คนส่ง B
T00170,2026-04-15,4,เม.ย.,3,10,C176,PTT,ปตท.,15,exchange,1,4,4,0,1692,0,cash,phone,delivery,คนส่ง A
T00171,2026-04-15,4,เม.ย.,3,12,C057,SGP,สยามแก๊ส,15,exchange,1,1,1,0,423,0,cash,phone,delivery,คนส่ง A
T00172,2026-04-15,4,เม.ย.,3,14,C152,UNQ,ยูนิคแก๊ส,15,new_cylinder,1,1,0,0,423,1300,credit,phone,delivery,คนส่ง B
T00173,2026-04-15,4,เม.ย.,3,15,C197,WP,เวิลด์แก๊ส,15,exchange,1,1,1,0,423,0,cash,walk_in,pickup,
T00174,2026-04-15,4,เม.ย.,3,16,C169,WP,เวิลด์แก๊ส,15,exchange,1,2,2,0,846,0,credit,phone,delivery,คนส่ง A
T00175,2026-04-15,4,เม.ย.,3,16,C124,WP,เวิลด์แก๊ส,15,exchange,1,1,1,0,423,0,transfer,line,delivery,คนส่ง B
T00176,2026-04-15,4,เม.ย.,3,17,C169,WP,เวิลด์แก๊ส,15,new_cylinder,1,1,0,0,423,1300,credit,line,delivery,คนส่ง B
T00177,2026-04-15,4,เม.ย.,3,17,C155,SGP,สยามแก๊ส,48,exchange,1,2,2,0,2700,0,transfer,walk_in,pickup,
T00178,2026-04-16,4,เม.ย.,4,7,C190,SGP,สยามแก๊ส,15,exchange,1,4,4,0,1692,0,credit,phone,delivery,คนส่ง A
T00179,2026-04-16,4,เม.ย.,4,8,C151,UNQ,ยูนิคแก๊ส,48,exchange,1,2,2,0,2700,0,transfer,phone,delivery,คนส่ง B
T00180,2026-04-16,4,เม.ย.,4,10,C157,WP,เวิลด์แก๊ส,15,exchange,1,3,3,0,1269,0,cash,phone,delivery,คนส่ง B
T00181,2026-04-16,4,เม.ย.,4,14,C113,WP,เวิลด์แก๊ส,15,exchange,1,1,0,1,423,0,cash,walk_in,pickup,
T00182,2026-04-16,4,เม.ย.,4,15,C166,PTT,ปตท.,15,exchange,1,4,4,0,1692,0,credit,line,delivery,คนส่ง B
T00183,2026-04-16,4,เม.ย.,4,16,C168,WP,เวิลด์แก๊ส,48,exchange,1,5,5,0,6750,0,credit,phone,delivery,คนส่ง A
T00184,2026-04-16,4,เม.ย.,4,16,C185,WP,เวิลด์แก๊ส,15,exchange,1,2,2,0,846,0,credit,phone,delivery,คนส่ง A
T00185,2026-04-16,4,เม.ย.,4,17,C186,UNQ,ยูนิคแก๊ส,15,exchange,1,2,2,0,846,0,credit,line,delivery,คนส่ง B
T00186,2026-04-16,4,เม.ย.,4,17,C156,WP,เวิลด์แก๊ส,15,exchange,1,2,2,0,846,0,credit,walk_in,pickup,
T00187,2026-04-16,4,เม.ย.,4,17,C219,PTT,ปตท.,4,exchange,1,1,1,0,160,0,transfer,phone,delivery,คนส่ง A
T00188,2026-04-16,4,เม.ย.,4,17,C064,PTT,ปตท.,15,exchange,1,1,1,0,423,0,cash,phone,delivery,คนส่ง B
T00189,2026-04-17,4,เม.ย.,5,9,C182,WP,เวิลด์แก๊ส,15,exchange,1,2,2,0,846,0,transfer,phone,delivery,คนส่ง B
T00190,2026-04-17,4,เม.ย.,5,9,C204,WP,เวิลด์แก๊ส,15,exchange,1,1,1,0,423,0,credit,walk_in,pickup,
T00191,2026-04-17,4,เม.ย.,5,10,C173,WP,เวิลด์แก๊ส,48,exchange,1,3,3,0,4050,0,transfer,phone,delivery,คนส่ง B
T00192,2026-04-17,4,เม.ย.,5,10,C178,WP,เวิลด์แก๊ส,15,exchange,1,2,2,0,846,0,credit,walk_in,pickup,
T00193,2026-04-17,4,เม.ย.,5,11,C158,WP,เวิลด์แก๊ส,48,exchange,1,5,5,0,6750,0,credit,walk_in,pickup,
T00194,2026-04-17,4,เม.ย.,5,11,C193,PTT,ปตท.,48,exchange,1,2,2,0,2700,0,credit,line,delivery,คนส่ง A
T00195,2026-04-17,4,เม.ย.,5,12,C174,SGP,สยามแก๊ส,48,exchange,1,3,3,0,4050,0,credit,phone,delivery,คนส่ง B
T00196,2026-04-17,4,เม.ย.,5,13,C161,PTT,ปตท.,15,exchange,1,1,1,0,423,0,transfer,line,delivery,คนส่ง A
T00197,2026-04-17,4,เม.ย.,5,15,C184,PTT,ปตท.,48,exchange,1,3,3,0,4050,0,transfer,line,delivery,คนส่ง B
T00198,2026-04-17,4,เม.ย.,5,16,C189,WP,เวิลด์แก๊ส,48,exchange,1,3,3,0,4050,0,cash,phone,delivery,คนส่ง A
T00199,2026-04-17,4,เม.ย.,5,16,C195,PTT,ปตท.,15,exchange,1,4,4,0,1692,0,transfer,phone,delivery,คนส่ง B
T00200,2026-04-18,4,เม.ย.,6,7,C154,UNQ,ยูนิคแก๊ส,48,exchange,1,3,3,0,4050,0,transfer,walk_in,pickup,
T00201,2026-04-18,4,เม.ย.,6,8,C220,PTT,ปตท.,15,exchange,1,1,1,0,423,0,cash,phone,delivery,คนส่ง B
T00202,2026-04-18,4,เม.ย.,6,10,C183,UNQ,ยูนิคแก๊ส,15,exchange,1,4,4,0,1692,0,credit,phone,delivery,คนส่ง B
T00203,2026-04-18,4,เม.ย.,6,11,C164,PTT,ปตท.,15,exchange,1,2,3,-1,846,0,credit,phone,delivery,คนส่ง B
T00204,2026-04-18,4,เม.ย.,6,11,C122,UNQ,ยูนิคแก๊ส,15,exchange,1,1,1,0,423,0,cash,walk_in,pickup,
T00205,2026-04-18,4,เม.ย.,6,11,C175,SGP,สยามแก๊ส,15,exchange,1,3,3,0,1269,0,cash,walk_in,pickup,
T00206,2026-04-18,4,เม.ย.,6,12,C192,PTT,ปตท.,15,exchange,1,1,1,0,423,0,transfer,walk_in,pickup,
T00207,2026-04-18,4,เม.ย.,6,13,C088,PTT,ปตท.,15,exchange,1,1,0,1,423,0,transfer,line,delivery,คนส่ง B
T00208,2026-04-18,4,เม.ย.,6,14,C095,WP,เวิลด์แก๊ส,15,exchange,1,1,1,0,423,0,cash,phone,delivery,คนส่ง A
T00209,2026-04-18,4,เม.ย.,6,15,C181,WP,เวิลด์แก๊ส,15,exchange,1,3,3,0,1269,0,credit,phone,delivery,คนส่ง B
T00210,2026-04-18,4,เม.ย.,6,15,C214,SGP,สยามแก๊ส,15,exchange,1,1,1,0,423,0,cash,walk_in,pickup,
T00211,2026-04-18,4,เม.ย.,6,16,C136,PTT,ปตท.,15,exchange,1,1,1,0,423,0,cash,line,delivery,คนส่ง A
T00212,2026-04-18,4,เม.ย.,6,17,C159,WP,เวิลด์แก๊ส,15,exchange,1,4,4,0,1692,0,cash,walk_in,pickup,
T00213,2026-04-19,4,เม.ย.,7,8,C070,WP,เวิลด์แก๊ส,15,exchange,1,1,1,0,423,0,cash,phone,delivery,คนส่ง A
T00214,2026-04-19,4,เม.ย.,7,8,C207,PTT,ปตท.,15,exchange,1,1,1,0,423,0,cash,line,delivery,คนส่ง B
T00215,2026-04-19,4,เม.ย.,7,10,C177,UNQ,ยูนิคแก๊ส,48,exchange,1,4,4,0,5400,0,credit,phone,delivery,คนส่ง B
T00216,2026-04-19,4,เม.ย.,7,11,C191,PTT,ปตท.,15,exchange,1,6,6,0,2538,0,credit,line,delivery,คนส่ง A
T00217,2026-04-19,4,เม.ย.,7,14,C146,WP,เวิลด์แก๊ส,4,exchange,1,1,1,0,160,0,cash,line,delivery,คนส่ง A
T00218,2026-04-19,4,เม.ย.,7,18,C170,UNQ,ยูนิคแก๊ส,15,exchange,1,4,4,0,1692,0,cash,line,delivery,คนส่ง A
T00219,2026-04-20,4,เม.ย.,1,7,C167,UNQ,ยูนิคแก๊ส,15,exchange,1,5,5,0,2115,0,transfer,phone,delivery,คนส่ง A
T00220,2026-04-20,4,เม.ย.,1,8,C185,WP,เวิลด์แก๊ส,15,exchange,1,2,2,0,846,0,credit,line,delivery,คนส่ง B
T00221,2026-04-20,4,เม.ย.,1,8,C030,PTT,ปตท.,15,exchange,1,1,1,0,423,0,transfer,line,delivery,คนส่ง A
T00222,2026-04-20,4,เม.ย.,1,8,C180,PTT,ปตท.,15,exchange,1,4,4,0,1692,0,transfer,line,delivery,คนส่ง B
T00223,2026-04-20,4,เม.ย.,1,9,C138,WP,เวิลด์แก๊ส,15,exchange,1,1,1,0,423,0,transfer,line,delivery,คนส่ง B
T00224,2026-04-20,4,เม.ย.,1,9,C009,SGP,สยามแก๊ส,15,exchange,1,1,1,0,423,0,cash,line,delivery,คนส่ง A
T00225,2026-04-20,4,เม.ย.,1,9,C143,UNQ,ยูนิคแก๊ส,15,new_cylinder,1,1,0,0,423,1300,transfer,walk_in,pickup,
T00226,2026-04-20,4,เม.ย.,1,11,C187,WP,เวิลด์แก๊ส,48,exchange,1,1,1,0,1350,0,cash,phone,delivery,คนส่ง B
T00227,2026-04-20,4,เม.ย.,1,13,C201,WP,เวิลด์แก๊ส,4,exchange,1,1,1,0,160,0,cash,phone,delivery,คนส่ง B
T00228,2026-04-20,4,เม.ย.,1,13,C188,SGP,สยามแก๊ส,15,exchange,1,2,2,0,846,0,credit,line,delivery,คนส่ง B
T00229,2026-04-20,4,เม.ย.,1,16,C023,SGP,สยามแก๊ส,15,exchange,1,1,1,0,423,0,transfer,walk_in,pickup,
T00230,2026-04-20,4,เม.ย.,1,16,C160,WP,เวิลด์แก๊ส,48,exchange,1,2,2,0,2700,0,cash,phone,delivery,คนส่ง A
T00231,2026-04-20,4,เม.ย.,1,17,C153,WP,เวิลด์แก๊ส,48,exchange,1,5,5,0,6750,0,credit,line,delivery,คนส่ง B
T00232,2026-04-20,4,เม.ย.,1,17,C163,UNQ,ยูนิคแก๊ส,15,exchange,1,3,2,1,1269,0,transfer,phone,delivery,คนส่ง B
T00233,2026-04-20,4,เม.ย.,1,18,C059,WP,เวิลด์แก๊ส,4,exchange,1,1,1,0,160,0,cash,phone,delivery,คนส่ง A
T00234,2026-04-21,4,เม.ย.,2,8,C169,WP,เวิลด์แก๊ส,15,exchange,1,4,3,1,1692,0,credit,phone,delivery,คนส่ง A
T00235,2026-04-21,4,เม.ย.,2,8,C156,WP,เวิลด์แก๊ส,15,exchange,1,2,2,0,846,0,credit,walk_in,pickup,
T00236,2026-04-21,4,เม.ย.,2,11,C210,PTT,ปตท.,4,exchange,1,1,0,1,160,0,cash,walk_in,pickup,
T00237,2026-04-21,4,เม.ย.,2,12,C199,UNQ,ยูนิคแก๊ส,15,exchange,1,1,1,0,423,0,cash,line,delivery,คนส่ง A
T00238,2026-04-21,4,เม.ย.,2,13,C176,PTT,ปตท.,15,exchange,1,3,3,0,1269,0,cash,phone,delivery,คนส่ง B
T00239,2026-04-21,4,เม.ย.,2,13,C105,WP,เวิลด์แก๊ส,15,exchange,1,1,1,0,423,0,cash,phone,delivery,คนส่ง A
T00240,2026-04-21,4,เม.ย.,2,13,C203,PTT,ปตท.,4,exchange,1,1,1,0,160,0,transfer,phone,delivery,คนส่ง B
T00241,2026-04-21,4,เม.ย.,2,13,C176,PTT,ปตท.,15,new_cylinder,1,1,0,0,423,1300,cash,walk_in,pickup,
T00242,2026-04-21,4,เม.ย.,2,14,C157,WP,เวิลด์แก๊ส,15,exchange,1,3,3,0,1269,0,transfer,line,delivery,คนส่ง B
T00243,2026-04-21,4,เม.ย.,2,14,C174,SGP,สยามแก๊ส,48,exchange,1,3,3,0,4050,0,credit,walk_in,pickup,
T00244,2026-04-21,4,เม.ย.,2,14,C195,PTT,ปตท.,15,exchange,1,5,5,0,2115,0,cash,walk_in,pickup,
T00245,2026-04-21,4,เม.ย.,2,14,C194,PTT,ปตท.,15,exchange,1,4,4,0,1692,0,credit,walk_in,pickup,
T00246,2026-04-21,4,เม.ย.,2,15,C200,WP,เวิลด์แก๊ส,15,exchange,1,1,1,0,423,0,cash,phone,delivery,คนส่ง A
T00247,2026-04-21,4,เม.ย.,2,16,C190,SGP,สยามแก๊ส,15,exchange,1,3,3,0,1269,0,credit,phone,delivery,คนส่ง B
T00248,2026-04-21,4,เม.ย.,2,16,C155,SGP,สยามแก๊ส,48,exchange,1,3,3,0,4050,0,transfer,walk_in,pickup,
T00249,2026-04-22,4,เม.ย.,3,8,C179,WP,เวิลด์แก๊ส,15,exchange,1,2,2,0,846,0,cash,phone,delivery,คนส่ง A
T00250,2026-04-22,4,เม.ย.,3,9,C117,PTT,ปตท.,4,exchange,1,1,1,0,160,0,cash,phone,delivery,คนส่ง A
T00251,2026-04-22,4,เม.ย.,3,9,C152,UNQ,ยูนิคแก๊ส,15,exchange,1,2,2,0,846,0,credit,phone,delivery,คนส่ง B
T00252,2026-04-22,4,เม.ย.,3,9,C168,WP,เวิลด์แก๊ส,48,exchange,1,2,2,0,2700,0,credit,walk_in,pickup,
T00253,2026-04-22,4,เม.ย.,3,10,C158,WP,เวิลด์แก๊ส,48,exchange,1,3,3,0,4050,0,credit,walk_in,pickup,
T00254,2026-04-22,4,เม.ย.,3,11,C148,PTT,ปตท.,4,exchange,1,1,1,0,160,0,transfer,walk_in,pickup,
T00255,2026-04-22,4,เม.ย.,3,12,C166,PTT,ปตท.,15,exchange,1,3,3,0,1269,0,credit,line,delivery,คนส่ง B
T00256,2026-04-22,4,เม.ย.,3,13,C173,WP,เวิลด์แก๊ส,48,exchange,1,2,2,0,2700,0,transfer,line,delivery,คนส่ง A
T00257,2026-04-22,4,เม.ย.,3,14,C213,WP,เวิลด์แก๊ส,4,exchange,1,1,1,0,160,0,cash,phone,delivery,คนส่ง A
T00258,2026-04-22,4,เม.ย.,3,16,C049,PTT,ปตท.,15,exchange,1,1,1,0,423,0,transfer,phone,delivery,คนส่ง A
T00259,2026-04-22,4,เม.ย.,3,17,C208,WP,เวิลด์แก๊ส,15,exchange,1,1,1,0,423,0,transfer,walk_in,pickup,
T00260,2026-04-22,4,เม.ย.,3,17,C171,SGP,สยามแก๊ส,48,exchange,1,2,2,0,2700,0,cash,phone,delivery,คนส่ง A
T00261,2026-04-23,4,เม.ย.,4,10,C184,PTT,ปตท.,48,exchange,1,5,5,0,6750,0,transfer,line,delivery,คนส่ง B
T00262,2026-04-23,4,เม.ย.,4,10,C098,WP,เวิลด์แก๊ส,15,exchange,1,1,1,0,423,0,transfer,phone,delivery,คนส่ง A
T00263,2026-04-23,4,เม.ย.,4,11,C218,WP,เวิลด์แก๊ส,15,exchange,1,1,1,0,423,0,cash,line,delivery,คนส่ง B
T00264,2026-04-23,4,เม.ย.,4,11,C186,UNQ,ยูนิคแก๊ส,15,exchange,1,3,3,0,1269,0,credit,phone,delivery,คนส่ง A
T00265,2026-04-23,4,เม.ย.,4,14,C151,UNQ,ยูนิคแก๊ส,48,exchange,1,2,2,0,2700,0,transfer,line,delivery,คนส่ง A
T00266,2026-04-23,4,เม.ย.,4,15,C177,UNQ,ยูนิคแก๊ส,48,exchange,1,6,6,0,8100,0,credit,phone,delivery,คนส่ง A
T00267,2026-04-23,4,เม.ย.,4,16,C217,SGP,สยามแก๊ส,4,exchange,1,1,1,0,160,0,cash,phone,delivery,คนส่ง A
T00268,2026-04-23,4,เม.ย.,4,16,C164,PTT,ปตท.,15,exchange,1,2,2,0,846,0,credit,phone,delivery,คนส่ง A
T00269,2026-04-23,4,เม.ย.,4,17,C042,WP,เวิลด์แก๊ส,15,exchange,1,1,1,0,423,0,cash,phone,delivery,คนส่ง A
T00270,2026-04-23,4,เม.ย.,4,17,C162,PTT,ปตท.,15,exchange,1,1,1,0,423,0,transfer,phone,delivery,คนส่ง A
T00271,2026-04-23,4,เม.ย.,4,18,C161,PTT,ปตท.,15,exchange,1,2,2,0,846,0,transfer,walk_in,pickup,
T00272,2026-04-24,4,เม.ย.,5,9,C192,PTT,ปตท.,15,exchange,1,1,1,0,423,0,transfer,line,delivery,คนส่ง A
T00273,2026-04-24,4,เม.ย.,5,9,C017,PTT,ปตท.,15,exchange,1,1,1,0,423,0,cash,line,delivery,คนส่ง B
T00274,2026-04-24,4,เม.ย.,5,11,C193,PTT,ปตท.,48,exchange,1,2,2,0,2700,0,credit,phone,delivery,คนส่ง B
T00275,2026-04-24,4,เม.ย.,5,11,C196,WP,เวิลด์แก๊ส,15,exchange,1,1,1,0,423,0,cash,walk_in,pickup,
T00276,2026-04-24,4,เม.ย.,5,11,C182,WP,เวิลด์แก๊ส,15,exchange,1,1,1,0,423,0,transfer,line,delivery,คนส่ง B
T00277,2026-04-24,4,เม.ย.,5,12,C191,PTT,ปตท.,15,exchange,1,3,3,0,1269,0,credit,line,delivery,คนส่ง A
T00278,2026-04-24,4,เม.ย.,5,14,C084,PTT,ปตท.,4,exchange,1,1,1,0,160,0,transfer,phone,delivery,คนส่ง A
T00279,2026-04-24,4,เม.ย.,5,14,C220,PTT,ปตท.,15,exchange,1,1,1,0,423,0,cash,line,delivery,คนส่ง B
T00280,2026-04-24,4,เม.ย.,5,17,C175,SGP,สยามแก๊ส,15,exchange,1,2,2,0,846,0,cash,line,delivery,คนส่ง B
T00281,2026-04-24,4,เม.ย.,5,18,C181,WP,เวิลด์แก๊ส,15,exchange,1,3,3,0,1269,0,credit,walk_in,pickup,
T00282,2026-04-25,4,เม.ย.,6,7,C215,UNQ,ยูนิคแก๊ส,4,exchange,1,1,1,0,160,0,cash,line,delivery,คนส่ง B
T00283,2026-04-25,4,เม.ย.,6,8,C204,WP,เวิลด์แก๊ส,15,exchange,1,1,1,0,423,0,credit,phone,delivery,คนส่ง A
T00284,2026-04-25,4,เม.ย.,6,9,C194,PTT,ปตท.,15,exchange,1,3,3,0,1269,0,credit,phone,delivery,คนส่ง A
T00285,2026-04-25,4,เม.ย.,6,9,C211,WP,เวิลด์แก๊ส,4,exchange,1,1,0,1,160,0,cash,phone,delivery,คนส่ง A
T00286,2026-04-25,4,เม.ย.,6,10,C081,UNQ,ยูนิคแก๊ส,15,exchange,1,1,1,0,423,0,cash,line,delivery,คนส่ง A
T00287,2026-04-25,4,เม.ย.,6,10,C195,PTT,ปตท.,15,exchange,1,4,4,0,1692,0,cash,line,delivery,คนส่ง A
T00288,2026-04-25,4,เม.ย.,6,11,C189,WP,เวิลด์แก๊ส,48,exchange,1,2,2,0,2700,0,cash,phone,delivery,คนส่ง B
T00289,2026-04-25,4,เม.ย.,6,11,C188,SGP,สยามแก๊ส,15,exchange,1,1,1,0,423,0,credit,phone,delivery,คนส่ง A
T00290,2026-04-25,4,เม.ย.,6,11,C180,PTT,ปตท.,15,exchange,1,3,3,0,1269,0,cash,phone,delivery,คนส่ง B
T00291,2026-04-25,4,เม.ย.,6,13,C159,WP,เวิลด์แก๊ส,15,exchange,1,3,3,0,1269,0,transfer,phone,delivery,คนส่ง B
T00292,2026-04-25,4,เม.ย.,6,15,C163,UNQ,ยูนิคแก๊ส,15,exchange,1,3,4,-1,1269,0,transfer,walk_in,pickup,
T00293,2026-04-25,4,เม.ย.,6,17,C178,WP,เวิลด์แก๊ส,15,exchange,1,2,2,0,846,0,credit,phone,delivery,คนส่ง A
T00294,2026-04-25,4,เม.ย.,6,18,C197,WP,เวิลด์แก๊ส,15,exchange,1,1,1,0,423,0,cash,phone,delivery,คนส่ง B
T00295,2026-04-26,4,เม.ย.,7,7,C219,PTT,ปตท.,4,exchange,1,1,1,0,160,0,cash,line,delivery,คนส่ง A
T00296,2026-04-26,4,เม.ย.,7,14,C198,SGP,สยามแก๊ส,4,exchange,1,1,1,0,160,0,cash,phone,delivery,คนส่ง B
T00297,2026-04-26,4,เม.ย.,7,15,C185,WP,เวิลด์แก๊ส,15,exchange,1,1,1,0,423,0,credit,walk_in,pickup,
T00298,2026-04-27,4,เม.ย.,1,7,C183,UNQ,ยูนิคแก๊ส,15,exchange,1,5,5,0,2115,0,credit,line,delivery,คนส่ง A
T00299,2026-04-27,4,เม.ย.,1,9,C153,WP,เวิลด์แก๊ส,48,exchange,1,4,4,0,5400,0,credit,phone,delivery,คนส่ง B
T00300,2026-04-27,4,เม.ย.,1,10,C111,WP,เวิลด์แก๊ส,15,exchange,1,1,1,0,423,0,transfer,phone,delivery,คนส่ง B
T00301,2026-04-27,4,เม.ย.,1,10,C154,UNQ,ยูนิคแก๊ส,48,exchange,1,2,2,0,2700,0,transfer,walk_in,pickup,
T00302,2026-04-27,4,เม.ย.,1,10,C173,WP,เวิลด์แก๊ส,48,exchange,1,2,2,0,2700,0,cash,phone,delivery,คนส่ง B
T00303,2026-04-27,4,เม.ย.,1,10,C018,WP,เวิลด์แก๊ส,15,exchange,1,1,1,0,423,0,cash,line,delivery,คนส่ง B
T00304,2026-04-27,4,เม.ย.,1,10,C187,WP,เวิลด์แก๊ส,48,exchange,1,1,1,0,1350,0,cash,line,delivery,คนส่ง A
T00305,2026-04-27,4,เม.ย.,1,11,C205,WP,เวิลด์แก๊ส,15,exchange,1,1,1,0,423,0,cash,walk_in,pickup,
T00306,2026-04-27,4,เม.ย.,1,11,C174,SGP,สยามแก๊ส,48,exchange,1,4,4,0,5400,0,credit,line,delivery,คนส่ง B
T00307,2026-04-27,4,เม.ย.,1,11,C157,WP,เวิลด์แก๊ส,15,exchange,1,4,4,0,1692,0,transfer,phone,delivery,คนส่ง B
T00308,2026-04-27,4,เม.ย.,1,11,C166,PTT,ปตท.,15,exchange,1,3,2,1,1269,0,credit,phone,delivery,คนส่ง B
T00309,2026-04-27,4,เม.ย.,1,12,C156,WP,เวิลด์แก๊ส,15,exchange,1,2,2,0,846,0,credit,phone,delivery,คนส่ง A
T00310,2026-04-27,4,เม.ย.,1,13,C170,UNQ,ยูนิคแก๊ส,15,exchange,1,3,3,0,1269,0,transfer,line,delivery,คนส่ง A
T00311,2026-04-27,4,เม.ย.,1,13,C169,WP,เวิลด์แก๊ส,15,exchange,1,4,4,0,1692,0,credit,phone,delivery,คนส่ง B
T00312,2026-04-27,4,เม.ย.,1,14,C026,WP,เวิลด์แก๊ส,15,exchange,1,1,1,0,423,0,cash,phone,delivery,คนส่ง A
T00313,2026-04-27,4,เม.ย.,1,15,C186,UNQ,ยูนิคแก๊ส,15,exchange,1,3,3,0,1269,0,credit,walk_in,pickup,
T00314,2026-04-27,4,เม.ย.,1,15,C155,SGP,สยามแก๊ส,48,exchange,1,4,4,0,5400,0,cash,phone,delivery,คนส่ง B
T00315,2026-04-27,4,เม.ย.,1,16,C216,WP,เวิลด์แก๊ส,15,exchange,1,1,2,-1,423,0,transfer,phone,delivery,คนส่ง A
T00316,2026-04-27,4,เม.ย.,1,17,C179,WP,เวิลด์แก๊ส,15,exchange,1,2,2,0,846,0,cash,phone,delivery,คนส่ง B
T00317,2026-04-28,4,เม.ย.,2,8,C190,SGP,สยามแก๊ส,15,exchange,1,2,2,0,846,0,credit,phone,delivery,คนส่ง B
T00318,2026-04-28,4,เม.ย.,2,10,C158,WP,เวิลด์แก๊ส,48,exchange,1,2,2,0,2700,0,credit,walk_in,pickup,
T00319,2026-04-28,4,เม.ย.,2,10,C021,PTT,ปตท.,15,exchange,1,1,1,0,423,0,transfer,walk_in,pickup,
T00320,2026-04-28,4,เม.ย.,2,11,C039,PTT,ปตท.,15,exchange,1,1,1,0,423,0,cash,walk_in,pickup,
T00321,2026-04-28,4,เม.ย.,2,11,C160,WP,เวิลด์แก๊ส,48,exchange,1,2,2,0,2700,0,cash,line,delivery,คนส่ง B
T00322,2026-04-28,4,เม.ย.,2,12,C167,UNQ,ยูนิคแก๊ส,15,exchange,1,3,3,0,1269,0,cash,line,delivery,คนส่ง A
T00323,2026-04-28,4,เม.ย.,2,15,C176,PTT,ปตท.,15,exchange,1,4,4,0,1692,0,transfer,phone,delivery,คนส่ง B
T00324,2026-04-28,4,เม.ย.,2,16,C214,SGP,สยามแก๊ส,15,exchange,1,1,1,0,423,0,transfer,walk_in,pickup,
T00325,2026-04-28,4,เม.ย.,2,18,C102,PTT,ปตท.,4,exchange,1,1,1,0,160,0,cash,phone,delivery,คนส่ง A
T00326,2026-04-29,4,เม.ย.,3,8,C164,PTT,ปตท.,15,exchange,1,2,2,0,846,0,credit,phone,delivery,คนส่ง B
T00327,2026-04-29,4,เม.ย.,3,8,C184,PTT,ปตท.,48,exchange,1,3,3,0,4050,0,cash,line,delivery,คนส่ง A
T00328,2026-04-29,4,เม.ย.,3,9,C028,PTT,ปตท.,4,exchange,1,1,1,0,160,0,cash,phone,delivery,คนส่ง B
T00329,2026-04-29,4,เม.ย.,3,9,C168,WP,เวิลด์แก๊ส,48,new_cylinder,1,1,0,0,1350,3800,credit,walk_in,pickup,
T00330,2026-04-29,4,เม.ย.,3,9,C108,WP,เวิลด์แก๊ส,15,exchange,1,1,1,0,423,0,cash,phone,delivery,คนส่ง B
T00331,2026-04-29,4,เม.ย.,3,10,C168,WP,เวิลด์แก๊ส,48,exchange,1,3,3,0,4050,0,credit,walk_in,pickup,
T00332,2026-04-29,4,เม.ย.,3,11,C177,UNQ,ยูนิคแก๊ส,48,exchange,1,4,4,0,5400,0,credit,phone,delivery,คนส่ง B
T00333,2026-04-29,4,เม.ย.,3,11,C180,PTT,ปตท.,15,exchange,1,4,3,1,1692,0,cash,phone,delivery,คนส่ง B
T00334,2026-04-29,4,เม.ย.,3,12,C162,PTT,ปตท.,15,exchange,1,4,4,0,1692,0,cash,walk_in,pickup,
T00335,2026-04-29,4,เม.ย.,3,16,C003,PTT,ปตท.,4,exchange,1,1,1,0,160,0,transfer,walk_in,pickup,
T00336,2026-04-29,4,เม.ย.,3,17,C152,UNQ,ยูนิคแก๊ส,15,exchange,1,3,3,0,1269,0,credit,phone,delivery,คนส่ง A
T00337,2026-04-29,4,เม.ย.,3,17,C034,UNQ,ยูนิคแก๊ส,15,exchange,1,1,1,0,423,0,cash,line,delivery,คนส่ง A
T00338,2026-04-29,4,เม.ย.,3,18,C151,UNQ,ยูนิคแก๊ส,48,exchange,1,3,3,0,4050,0,cash,walk_in,pickup,
T00339,2026-04-30,4,เม.ย.,4,10,C192,PTT,ปตท.,15,exchange,1,1,1,0,423,0,cash,walk_in,pickup,
T00340,2026-04-30,4,เม.ย.,4,10,C178,WP,เวิลด์แก๊ส,15,exchange,1,3,3,0,1269,0,credit,phone,delivery,คนส่ง A
T00341,2026-04-30,4,เม.ย.,4,10,C220,PTT,ปตท.,15,exchange,1,1,1,0,423,0,cash,walk_in,pickup,
T00342,2026-04-30,4,เม.ย.,4,12,C191,PTT,ปตท.,15,exchange,1,5,5,0,2115,0,credit,phone,delivery,คนส่ง B
T00343,2026-04-30,4,เม.ย.,4,13,C161,PTT,ปตท.,15,exchange,1,1,1,0,423,0,cash,line,delivery,คนส่ง B
T00344,2026-04-30,4,เม.ย.,4,13,C182,WP,เวิลด์แก๊ส,15,exchange,1,2,1,1,846,0,transfer,walk_in,pickup,
T00345,2026-04-30,4,เม.ย.,4,15,C171,SGP,สยามแก๊ส,48,exchange,1,3,3,0,4050,0,transfer,phone,delivery,คนส่ง B
T00346,2026-04-30,4,เม.ย.,4,17,C178,WP,เวิลด์แก๊ส,15,new_cylinder,1,1,0,0,423,1300,credit,line,delivery,คนส่ง B
T00347,2026-04-30,4,เม.ย.,4,18,C208,WP,เวิลด์แก๊ส,15,exchange,1,1,1,0,423,0,cash,line,delivery,คนส่ง A
T00348,2026-05-01,5,พ.ค.,5,8,C183,UNQ,ยูนิคแก๊ส,15,exchange,1,3,3,0,1269,0,credit,walk_in,pickup,
T00349,2026-05-01,5,พ.ค.,5,8,C210,PTT,ปตท.,4,exchange,1,1,2,-1,160,0,cash,phone,delivery,คนส่ง A
T00350,2026-05-01,5,พ.ค.,5,9,C200,WP,เวิลด์แก๊ส,15,exchange,1,1,1,0,423,0,cash,phone,delivery,คนส่ง B
T00351,2026-05-01,5,พ.ค.,5,9,C194,PTT,ปตท.,15,exchange,1,3,3,0,1269,0,credit,line,delivery,คนส่ง B
T00352,2026-05-01,5,พ.ค.,5,11,C089,UNQ,ยูนิคแก๊ส,15,exchange,1,1,1,0,423,0,cash,phone,delivery,คนส่ง B
T00353,2026-05-01,5,พ.ค.,5,11,C150,UNQ,ยูนิคแก๊ส,15,exchange,1,1,1,0,423,0,transfer,phone,delivery,คนส่ง A
T00354,2026-05-01,5,พ.ค.,5,11,C193,PTT,ปตท.,48,exchange,1,2,2,0,2700,0,credit,walk_in,pickup,
T00355,2026-05-01,5,พ.ค.,5,11,C186,UNQ,ยูนิคแก๊ส,15,exchange,1,2,2,0,846,0,credit,walk_in,pickup,
T00356,2026-05-01,5,พ.ค.,5,11,C145,PTT,ปตท.,15,exchange,1,1,1,0,423,0,transfer,walk_in,pickup,
T00357,2026-05-01,5,พ.ค.,5,13,C087,WP,เวิลด์แก๊ส,15,exchange,1,1,1,0,423,0,cash,phone,delivery,คนส่ง A
T00358,2026-05-01,5,พ.ค.,5,14,C181,WP,เวิลด์แก๊ส,15,exchange,1,2,2,0,846,0,credit,line,delivery,คนส่ง B
T00359,2026-05-01,5,พ.ค.,5,15,C195,PTT,ปตท.,15,exchange,1,3,2,1,1269,0,transfer,line,delivery,คนส่ง B
T00360,2026-05-01,5,พ.ค.,5,17,C163,UNQ,ยูนิคแก๊ส,15,exchange,1,4,4,0,1692,0,transfer,phone,delivery,คนส่ง A
T00361,2026-05-02,5,พ.ค.,6,7,C201,WP,เวิลด์แก๊ส,4,exchange,1,1,1,0,160,0,cash,walk_in,pickup,
T00362,2026-05-02,5,พ.ค.,6,8,C166,PTT,ปตท.,15,exchange,1,4,5,-1,1692,0,credit,walk_in,pickup,
T00363,2026-05-02,5,พ.ค.,6,10,C013,PTT,ปตท.,15,exchange,1,1,1,0,423,0,cash,line,delivery,คนส่ง B
T00364,2026-05-02,5,พ.ค.,6,11,C188,SGP,สยามแก๊ส,15,exchange,1,2,2,0,846,0,credit,walk_in,pickup,
T00365,2026-05-02,5,พ.ค.,6,14,C116,SGP,สยามแก๊ส,15,exchange,1,1,1,0,423,0,cash,phone,delivery,คนส่ง B
T00366,2026-05-02,5,พ.ค.,6,15,C207,PTT,ปตท.,15,exchange,1,1,1,0,423,0,cash,line,delivery,คนส่ง A
T00367,2026-05-02,5,พ.ค.,6,15,C159,WP,เวิลด์แก๊ส,15,exchange,1,5,5,0,2115,0,cash,phone,delivery,คนส่ง B
T00368,2026-05-02,5,พ.ค.,6,16,C199,UNQ,ยูนิคแก๊ส,15,exchange,1,1,0,1,423,0,cash,phone,delivery,คนส่ง A
T00369,2026-05-02,5,พ.ค.,6,17,C176,PTT,ปตท.,15,exchange,1,3,3,0,1269,0,transfer,line,delivery,คนส่ง B
T00370,2026-05-03,5,พ.ค.,7,8,C004,SGP,สยามแก๊ส,15,new_cylinder,1,1,0,0,423,1300,cash,walk_in,pickup,
T00371,2026-05-03,5,พ.ค.,7,11,C187,WP,เวิลด์แก๊ส,48,exchange,1,1,1,0,1350,0,cash,walk_in,pickup,
T00372,2026-05-03,5,พ.ค.,7,14,C160,WP,เวิลด์แก๊ส,48,exchange,1,4,4,0,5400,0,cash,walk_in,pickup,
T00373,2026-05-03,5,พ.ค.,7,14,C156,WP,เวิลด์แก๊ส,15,exchange,1,2,2,0,846,0,credit,walk_in,pickup,
T00374,2026-05-03,5,พ.ค.,7,17,C155,SGP,สยามแก๊ส,48,exchange,1,4,4,0,5400,0,cash,phone,delivery,คนส่ง B
T00375,2026-05-03,5,พ.ค.,7,18,C167,UNQ,ยูนิคแก๊ส,15,exchange,1,3,3,0,1269,0,transfer,walk_in,pickup,
T00376,2026-05-04,5,พ.ค.,1,8,C157,WP,เวิลด์แก๊ส,15,exchange,1,2,2,0,846,0,cash,phone,delivery,คนส่ง A
T00377,2026-05-04,5,พ.ค.,1,9,C170,UNQ,ยูนิคแก๊ส,15,exchange,1,2,2,0,846,0,cash,walk_in,pickup,
T00378,2026-05-04,5,พ.ค.,1,9,C217,SGP,สยามแก๊ส,4,exchange,1,1,1,0,160,0,cash,walk_in,pickup,
T00379,2026-05-04,5,พ.ค.,1,10,C179,WP,เวิลด์แก๊ส,15,exchange,1,2,2,0,846,0,cash,line,delivery,คนส่ง A
T00380,2026-05-04,5,พ.ค.,1,10,C154,UNQ,ยูนิคแก๊ส,48,exchange,1,2,2,0,2700,0,cash,phone,delivery,คนส่ง B
T00381,2026-05-04,5,พ.ค.,1,10,C184,PTT,ปตท.,48,exchange,1,4,4,0,5400,0,cash,walk_in,pickup,
T00382,2026-05-04,5,พ.ค.,1,10,C141,SGP,สยามแก๊ส,15,exchange,1,1,1,0,423,0,transfer,phone,delivery,คนส่ง B
T00383,2026-05-04,5,พ.ค.,1,11,C061,WP,เวิลด์แก๊ส,15,exchange,1,1,1,0,423,0,transfer,phone,delivery,คนส่ง A
T00384,2026-05-04,5,พ.ค.,1,11,C180,PTT,ปตท.,15,exchange,1,1,2,-1,423,0,transfer,phone,delivery,คนส่ง A
T00385,2026-05-04,5,พ.ค.,1,11,C196,WP,เวิลด์แก๊ส,15,exchange,1,1,1,0,423,0,transfer,phone,delivery,คนส่ง B
T00386,2026-05-04,5,พ.ค.,1,12,C168,WP,เวิลด์แก๊ส,48,exchange,1,6,6,0,8100,0,credit,phone,delivery,คนส่ง B
T00387,2026-05-04,5,พ.ค.,1,12,C211,WP,เวิลด์แก๊ส,4,exchange,1,1,1,0,160,0,cash,phone,delivery,คนส่ง A
T00388,2026-05-04,5,พ.ค.,1,13,C164,PTT,ปตท.,15,exchange,1,2,2,0,846,0,credit,phone,delivery,คนส่ง B
T00389,2026-05-04,5,พ.ค.,1,13,C190,SGP,สยามแก๊ส,15,exchange,1,2,2,0,846,0,credit,line,delivery,คนส่ง A
T00390,2026-05-04,5,พ.ค.,1,13,C175,SGP,สยามแก๊ส,15,exchange,1,2,2,0,846,0,transfer,walk_in,pickup,
T00391,2026-05-04,5,พ.ค.,1,14,C153,WP,เวิลด์แก๊ส,48,exchange,1,3,3,0,4050,0,credit,phone,delivery,คนส่ง A
T00392,2026-05-04,5,พ.ค.,1,14,C173,WP,เวิลด์แก๊ส,48,exchange,1,3,3,0,4050,0,cash,phone,delivery,คนส่ง A
T00393,2026-05-04,5,พ.ค.,1,14,C213,WP,เวิลด์แก๊ส,4,exchange,1,1,1,0,160,0,cash,line,delivery,คนส่ง B
T00394,2026-05-04,5,พ.ค.,1,15,C203,PTT,ปตท.,4,exchange,1,1,1,0,160,0,transfer,walk_in,pickup,
T00395,2026-05-04,5,พ.ค.,1,15,C215,UNQ,ยูนิคแก๊ส,4,exchange,1,1,1,0,160,0,transfer,line,delivery,คนส่ง B
T00396,2026-05-04,5,พ.ค.,1,16,C074,PTT,ปตท.,15,exchange,1,1,1,0,423,0,cash,line,delivery,คนส่ง A
T00397,2026-05-04,5,พ.ค.,1,16,C169,WP,เวิลด์แก๊ส,15,exchange,1,5,5,0,2115,0,credit,phone,delivery,คนส่ง B
T00398,2026-05-04,5,พ.ค.,1,16,C174,SGP,สยามแก๊ส,48,exchange,1,3,4,-1,4050,0,credit,line,delivery,คนส่ง B
T00399,2026-05-04,5,พ.ค.,1,16,C185,WP,เวิลด์แก๊ส,15,exchange,1,1,1,0,423,0,credit,phone,delivery,คนส่ง B
T00400,2026-05-04,5,พ.ค.,1,16,C001,SGP,สยามแก๊ส,15,exchange,1,1,1,0,423,0,cash,phone,delivery,คนส่ง B
T00401,2026-05-04,5,พ.ค.,1,17,C015,UNQ,ยูนิคแก๊ส,15,exchange,1,1,1,0,423,0,cash,line,delivery,คนส่ง B
T00402,2026-05-04,5,พ.ค.,1,17,C189,WP,เวิลด์แก๊ส,48,exchange,1,2,2,0,2700,0,cash,phone,delivery,คนส่ง B
T00403,2026-05-04,5,พ.ค.,1,17,C198,SGP,สยามแก๊ส,4,exchange,1,1,1,0,160,0,transfer,line,delivery,คนส่ง B
T00404,2026-05-05,5,พ.ค.,2,8,C158,WP,เวิลด์แก๊ส,48,exchange,1,3,3,0,4050,0,credit,phone,delivery,คนส่ง A
T00405,2026-05-05,5,พ.ค.,2,11,C035,UNQ,ยูนิคแก๊ส,15,exchange,1,1,1,0,423,0,cash,phone,delivery,คนส่ง A
T00406,2026-05-05,5,พ.ค.,2,11,C177,UNQ,ยูนิคแก๊ส,48,exchange,1,5,5,0,6750,0,credit,line,delivery,คนส่ง A
T00407,2026-05-05,5,พ.ค.,2,11,C056,WP,เวิลด์แก๊ส,15,exchange,1,1,1,0,423,0,cash,phone,delivery,คนส่ง A
T00408,2026-05-05,5,พ.ค.,2,14,C162,PTT,ปตท.,15,exchange,1,3,3,0,1269,0,cash,phone,delivery,คนส่ง B
T00409,2026-05-05,5,พ.ค.,2,16,C216,WP,เวิลด์แก๊ส,15,exchange,1,1,1,0,423,0,cash,walk_in,pickup,
T00410,2026-05-05,5,พ.ค.,2,16,C204,WP,เวิลด์แก๊ส,15,exchange,1,1,1,0,423,0,credit,line,delivery,คนส่ง B
T00411,2026-05-06,5,พ.ค.,3,9,C112,WP,เวิลด์แก๊ส,15,exchange,1,1,1,0,423,0,transfer,phone,delivery,คนส่ง A
T00412,2026-05-06,5,พ.ค.,3,9,C176,PTT,ปตท.,15,exchange,1,2,2,0,846,0,cash,walk_in,pickup,
T00413,2026-05-06,5,พ.ค.,3,10,C151,UNQ,ยูนิคแก๊ส,48,exchange,1,2,2,0,2700,0,cash,line,delivery,คนส่ง A
T00414,2026-05-06,5,พ.ค.,3,10,C171,SGP,สยามแก๊ส,48,exchange,1,1,1,0,1350,0,cash,walk_in,pickup,
T00415,2026-05-06,5,พ.ค.,3,11,C178,WP,เวิลด์แก๊ส,15,exchange,1,4,4,0,1692,0,credit,line,delivery,คนส่ง B
T00416,2026-05-06,5,พ.ค.,3,11,C197,WP,เวิลด์แก๊ส,15,exchange,1,1,1,0,423,0,cash,line,delivery,คนส่ง B
T00417,2026-05-06,5,พ.ค.,3,11,C163,UNQ,ยูนิคแก๊ส,15,exchange,1,3,3,0,1269,0,cash,phone,delivery,คนส่ง A
T00418,2026-05-06,5,พ.ค.,3,11,C192,PTT,ปตท.,15,exchange,1,1,1,0,423,0,cash,walk_in,pickup,
T00419,2026-05-06,5,พ.ค.,3,14,C152,UNQ,ยูนิคแก๊ส,15,exchange,1,7,7,0,2961,0,credit,phone,delivery,คนส่ง B
T00420,2026-05-06,5,พ.ค.,3,16,C011,WP,เวิลด์แก๊ส,15,exchange,1,1,1,0,423,0,cash,phone,delivery,คนส่ง A
T00421,2026-05-06,5,พ.ค.,3,16,C054,UNQ,ยูนิคแก๊ส,4,exchange,1,1,1,0,160,0,cash,line,delivery,คนส่ง B
T00422,2026-05-07,5,พ.ค.,4,8,C219,PTT,ปตท.,4,exchange,1,1,1,0,160,0,cash,line,delivery,คนส่ง A
T00423,2026-05-07,5,พ.ค.,4,9,C139,WP,เวิลด์แก๊ส,15,exchange,1,1,1,0,423,0,transfer,phone,delivery,คนส่ง A
T00424,2026-05-07,5,พ.ค.,4,10,C155,SGP,สยามแก๊ส,48,exchange,1,3,3,0,4050,0,cash,phone,delivery,คนส่ง B
T00425,2026-05-07,5,พ.ค.,4,11,C214,SGP,สยามแก๊ส,15,exchange,1,1,1,0,423,0,cash,walk_in,pickup,
T00426,2026-05-07,5,พ.ค.,4,11,C160,WP,เวิลด์แก๊ส,48,exchange,1,2,2,0,2700,0,transfer,line,delivery,คนส่ง A
T00427,2026-05-07,5,พ.ค.,4,12,C218,WP,เวิลด์แก๊ส,15,exchange,1,1,1,0,423,0,cash,phone,delivery,คนส่ง A
T00428,2026-05-07,5,พ.ค.,4,12,C191,PTT,ปตท.,15,exchange,1,5,5,0,2115,0,credit,phone,delivery,คนส่ง B
T00429,2026-05-07,5,พ.ค.,4,13,C076,WP,เวิลด์แก๊ส,15,exchange,1,1,1,0,423,0,cash,phone,delivery,คนส่ง B
T00430,2026-05-07,5,พ.ค.,4,13,C181,WP,เวิลด์แก๊ส,15,exchange,1,2,2,0,846,0,credit,walk_in,pickup,
T00431,2026-05-07,5,พ.ค.,4,14,C156,WP,เวิลด์แก๊ส,15,exchange,1,2,2,0,846,0,credit,walk_in,pickup,
T00432,2026-05-07,5,พ.ค.,4,15,C194,PTT,ปตท.,15,exchange,1,3,3,0,1269,0,credit,phone,delivery,คนส่ง A
T00433,2026-05-07,5,พ.ค.,4,16,C052,WP,เวิลด์แก๊ส,15,exchange,1,1,1,0,423,0,transfer,walk_in,pickup,
T00434,2026-05-07,5,พ.ค.,4,16,C195,PTT,ปตท.,15,exchange,1,5,5,0,2115,0,transfer,phone,delivery,คนส่ง A
T00435,2026-05-08,5,พ.ค.,5,8,C161,PTT,ปตท.,15,exchange,1,1,1,0,423,0,cash,phone,delivery,คนส่ง B
T00436,2026-05-08,5,พ.ค.,5,9,C186,UNQ,ยูนิคแก๊ส,15,exchange,1,3,3,0,1269,0,credit,walk_in,pickup,
T00437,2026-05-08,5,พ.ค.,5,9,C183,UNQ,ยูนิคแก๊ส,15,exchange,1,2,2,0,846,0,credit,line,delivery,คนส่ง B
T00438,2026-05-08,5,พ.ค.,5,9,C182,WP,เวิลด์แก๊ส,15,exchange,1,2,3,-1,846,0,transfer,phone,delivery,คนส่ง B
T00439,2026-05-08,5,พ.ค.,5,10,C159,WP,เวิลด์แก๊ส,15,exchange,1,4,4,0,1692,0,transfer,walk_in,pickup,
T00440,2026-05-08,5,พ.ค.,5,10,C012,WP,เวิลด์แก๊ส,15,exchange,1,1,1,0,423,0,cash,phone,delivery,คนส่ง A
T00441,2026-05-08,5,พ.ค.,5,12,C007,SGP,สยามแก๊ส,15,exchange,1,1,1,0,423,0,transfer,phone,delivery,คนส่ง A
T00442,2026-05-08,5,พ.ค.,5,13,C193,PTT,ปตท.,48,exchange,1,2,2,0,2700,0,credit,phone,delivery,คนส่ง B
T00443,2026-05-08,5,พ.ค.,5,15,C086,PTT,ปตท.,15,exchange,1,1,1,0,423,0,transfer,phone,delivery,คนส่ง A
T00444,2026-05-08,5,พ.ค.,5,16,C170,UNQ,ยูนิคแก๊ส,15,exchange,1,3,3,0,1269,0,transfer,line,delivery,คนส่ง A
T00445,2026-05-08,5,พ.ค.,5,16,C188,SGP,สยามแก๊ส,15,exchange,1,2,2,0,846,0,credit,phone,delivery,คนส่ง A
T00446,2026-05-08,5,พ.ค.,5,17,C002,SGP,สยามแก๊ส,15,exchange,1,1,1,0,423,0,cash,walk_in,pickup,
T00447,2026-05-08,5,พ.ค.,5,18,C167,UNQ,ยูนิคแก๊ส,15,exchange,1,4,4,0,1692,0,cash,phone,delivery,คนส่ง B
T00448,2026-05-09,5,พ.ค.,6,7,C208,WP,เวิลด์แก๊ส,15,exchange,1,1,1,0,423,0,cash,phone,delivery,คนส่ง A
T00449,2026-05-09,5,พ.ค.,6,8,C131,SGP,สยามแก๊ส,15,exchange,1,1,1,0,423,0,cash,walk_in,pickup,
T00450,2026-05-09,5,พ.ค.,6,9,C157,WP,เวิลด์แก๊ส,15,exchange,1,4,4,0,1692,0,transfer,line,delivery,คนส่ง B
T00451,2026-05-09,5,พ.ค.,6,9,C220,PTT,ปตท.,15,exchange,1,1,1,0,423,0,transfer,line,delivery,คนส่ง A
T00452,2026-05-09,5,พ.ค.,6,9,C166,PTT,ปตท.,15,exchange,1,5,5,0,2115,0,credit,phone,delivery,คนส่ง B
T00453,2026-05-09,5,พ.ค.,6,10,C205,WP,เวิลด์แก๊ส,15,exchange,1,1,1,0,423,0,cash,walk_in,pickup,
T00454,2026-05-09,5,พ.ค.,6,10,C199,UNQ,ยูนิคแก๊ส,15,exchange,1,1,1,0,423,0,cash,line,delivery,คนส่ง A
T00455,2026-05-09,5,พ.ค.,6,10,C164,PTT,ปตท.,15,exchange,1,2,2,0,846,0,credit,walk_in,pickup,
T00456,2026-05-09,5,พ.ค.,6,12,C190,SGP,สยามแก๊ส,15,exchange,1,2,2,0,846,0,credit,phone,delivery,คนส่ง B
T00457,2026-05-09,5,พ.ค.,6,13,C185,WP,เวิลด์แก๊ส,15,exchange,1,2,2,0,846,0,credit,phone,delivery,คนส่ง A
T00458,2026-05-10,5,พ.ค.,7,7,C189,WP,เวิลด์แก๊ส,48,exchange,1,2,2,0,2700,0,cash,phone,delivery,คนส่ง A
T00459,2026-05-10,5,พ.ค.,7,7,C192,PTT,ปตท.,15,exchange,1,1,1,0,423,0,cash,walk_in,pickup,
T00460,2026-05-10,5,พ.ค.,7,17,C198,SGP,สยามแก๊ส,4,exchange,1,1,1,0,160,0,transfer,phone,delivery,คนส่ง B
T00461,2026-05-10,5,พ.ค.,7,17,C210,PTT,ปตท.,4,exchange,1,1,0,1,160,0,transfer,phone,delivery,คนส่ง A
T00462,2026-05-10,5,พ.ค.,7,18,C173,WP,เวิลด์แก๊ส,48,exchange,1,3,3,0,4050,0,cash,line,delivery,คนส่ง A
T00463,2026-05-11,5,พ.ค.,1,7,C154,UNQ,ยูนิคแก๊ส,48,exchange,1,3,3,0,4050,0,cash,phone,delivery,คนส่ง B
T00464,2026-05-11,5,พ.ค.,1,7,C176,PTT,ปตท.,15,exchange,1,3,3,0,1269,0,cash,walk_in,pickup,
T00465,2026-05-11,5,พ.ค.,1,7,C153,WP,เวิลด์แก๊ส,48,exchange,1,4,4,0,5400,0,credit,phone,delivery,คนส่ง B
T00466,2026-05-11,5,พ.ค.,1,8,C203,PTT,ปตท.,4,exchange,1,1,1,0,160,0,cash,line,delivery,คนส่ง A
T00467,2026-05-11,5,พ.ค.,1,9,C207,PTT,ปตท.,15,exchange,1,1,1,0,423,0,transfer,line,delivery,คนส่ง B
T00468,2026-05-11,5,พ.ค.,1,9,C169,WP,เวิลด์แก๊ส,15,exchange,1,4,5,-1,1692,0,credit,phone,delivery,คนส่ง A
T00469,2026-05-11,5,พ.ค.,1,9,C149,UNQ,ยูนิคแก๊ส,15,exchange,1,1,1,0,423,0,cash,line,delivery,คนส่ง B
T00470,2026-05-11,5,พ.ค.,1,10,C186,UNQ,ยูนิคแก๊ส,15,exchange,1,2,2,0,846,0,credit,walk_in,pickup,
T00471,2026-05-11,5,พ.ค.,1,10,C168,WP,เวิลด์แก๊ส,48,exchange,1,5,5,0,6750,0,credit,line,delivery,คนส่ง B
T00472,2026-05-11,5,พ.ค.,1,10,C062,WP,เวิลด์แก๊ส,15,exchange,1,1,1,0,423,0,transfer,phone,delivery,คนส่ง B
T00473,2026-05-11,5,พ.ค.,1,12,C082,UNQ,ยูนิคแก๊ส,15,exchange,1,1,1,0,423,0,transfer,walk_in,pickup,
T00474,2026-05-11,5,พ.ค.,1,12,C162,PTT,ปตท.,15,exchange,1,4,4,0,1692,0,cash,phone,delivery,คนส่ง B
T00475,2026-05-11,5,พ.ค.,1,12,C187,WP,เวิลด์แก๊ส,48,exchange,1,1,1,0,1350,0,transfer,walk_in,pickup,
T00476,2026-05-11,5,พ.ค.,1,13,C178,WP,เวิลด์แก๊ส,15,exchange,1,3,3,0,1269,0,credit,phone,delivery,คนส่ง B
T00477,2026-05-11,5,พ.ค.,1,14,C180,PTT,ปตท.,15,exchange,1,2,2,0,846,0,cash,phone,delivery,คนส่ง A
T00478,2026-05-11,5,พ.ค.,1,15,C158,WP,เวิลด์แก๊ส,48,exchange,1,3,3,0,4050,0,credit,phone,delivery,คนส่ง A
T00479,2026-05-11,5,พ.ค.,1,16,C073,PTT,ปตท.,15,exchange,1,1,1,0,423,0,cash,line,delivery,คนส่ง B
T00480,2026-05-11,5,พ.ค.,1,17,C029,WP,เวิลด์แก๊ส,15,exchange,1,1,0,1,423,0,transfer,phone,delivery,คนส่ง B
T00481,2026-05-11,5,พ.ค.,1,17,C133,WP,เวิลด์แก๊ส,15,new_cylinder,1,1,0,0,423,1300,transfer,phone,delivery,คนส่ง A
T00482,2026-05-11,5,พ.ค.,1,17,C175,SGP,สยามแก๊ส,15,exchange,1,3,3,0,1269,0,transfer,phone,delivery,คนส่ง B
T00483,2026-05-11,5,พ.ค.,1,17,C014,WP,เวิลด์แก๊ส,15,exchange,1,1,1,0,423,0,transfer,line,delivery,คนส่ง B
T00484,2026-05-12,5,พ.ค.,2,9,C196,WP,เวิลด์แก๊ส,15,exchange,1,1,1,0,423,0,transfer,phone,delivery,คนส่ง B
T00485,2026-05-12,5,พ.ค.,2,10,C179,WP,เวิลด์แก๊ส,15,exchange,1,2,2,0,846,0,cash,line,delivery,คนส่ง B
T00486,2026-05-12,5,พ.ค.,2,10,C200,WP,เวิลด์แก๊ส,15,exchange,1,1,1,0,423,0,cash,phone,delivery,คนส่ง B
T00487,2026-05-12,5,พ.ค.,2,10,C215,UNQ,ยูนิคแก๊ส,4,exchange,1,1,1,0,160,0,cash,phone,delivery,คนส่ง B
T00488,2026-05-12,5,พ.ค.,2,10,C160,WP,เวิลด์แก๊ส,48,exchange,1,4,4,0,5400,0,transfer,line,delivery,คนส่ง B
T00489,2026-05-12,5,พ.ค.,2,11,C184,PTT,ปตท.,48,exchange,1,2,2,0,2700,0,cash,line,delivery,คนส่ง A
T00490,2026-05-12,5,พ.ค.,2,12,C079,UNQ,ยูนิคแก๊ส,15,exchange,1,1,1,0,423,0,cash,walk_in,pickup,
T00491,2026-05-12,5,พ.ค.,2,13,C125,WP,เวิลด์แก๊ส,15,exchange,1,1,1,0,423,0,transfer,phone,delivery,คนส่ง B
T00492,2026-05-12,5,พ.ค.,2,14,C159,WP,เวิลด์แก๊ส,15,exchange,1,4,4,0,1692,0,cash,phone,delivery,คนส่ง A
T00493,2026-05-12,5,พ.ค.,2,14,C174,SGP,สยามแก๊ส,48,exchange,1,4,4,0,5400,0,credit,walk_in,pickup,
T00494,2026-05-12,5,พ.ค.,2,16,C194,PTT,ปตท.,15,exchange,1,4,4,0,1692,0,credit,line,delivery,คนส่ง A
T00495,2026-05-12,5,พ.ค.,2,18,C163,UNQ,ยูนิคแก๊ส,15,exchange,1,4,4,0,1692,0,cash,walk_in,pickup,
T00496,2026-05-13,5,พ.ค.,3,7,C132,WP,เวิลด์แก๊ส,15,exchange,1,1,1,0,423,0,cash,phone,delivery,คนส่ง B
T00497,2026-05-13,5,พ.ค.,3,9,C171,SGP,สยามแก๊ส,48,exchange,1,2,2,0,2700,0,cash,walk_in,pickup,
T00498,2026-05-13,5,พ.ค.,3,9,C046,WP,เวิลด์แก๊ส,15,exchange,1,1,1,0,423,0,cash,walk_in,pickup,
T00499,2026-05-13,5,พ.ค.,3,10,C048,UNQ,ยูนิคแก๊ส,15,exchange,1,1,1,0,423,0,transfer,phone,delivery,คนส่ง A
T00500,2026-05-13,5,พ.ค.,3,10,C211,WP,เวิลด์แก๊ส,4,exchange,1,1,2,-1,160,0,cash,walk_in,pickup,
T00501,2026-05-13,5,พ.ค.,3,10,C189,WP,เวิลด์แก๊ส,48,exchange,1,2,2,0,2700,0,cash,phone,delivery,คนส่ง A
T00502,2026-05-13,5,พ.ค.,3,10,C191,PTT,ปตท.,15,exchange,1,4,4,0,1692,0,credit,walk_in,pickup,
T00503,2026-05-13,5,พ.ค.,3,11,C181,WP,เวิลด์แก๊ส,15,exchange,1,3,3,0,1269,0,credit,phone,delivery,คนส่ง B
T00504,2026-05-13,5,พ.ค.,3,11,C068,PTT,ปตท.,15,exchange,1,1,1,0,423,0,transfer,line,delivery,คนส่ง B
T00505,2026-05-13,5,พ.ค.,3,12,C177,UNQ,ยูนิคแก๊ส,48,exchange,1,5,5,0,6750,0,credit,phone,delivery,คนส่ง B
T00506,2026-05-13,5,พ.ค.,3,15,C204,WP,เวิลด์แก๊ส,15,exchange,1,1,0,1,423,0,credit,phone,delivery,คนส่ง B
T00507,2026-05-13,5,พ.ค.,3,16,C188,SGP,สยามแก๊ส,15,exchange,1,2,2,0,846,0,credit,phone,delivery,คนส่ง A
T00508,2026-05-13,5,พ.ค.,3,16,C152,UNQ,ยูนิคแก๊ส,15,exchange,1,7,7,0,2961,0,credit,phone,delivery,คนส่ง B
T00509,2026-05-13,5,พ.ค.,3,17,C107,UNQ,ยูนิคแก๊ส,15,exchange,1,1,1,0,423,0,transfer,walk_in,pickup,
T00510,2026-05-13,5,พ.ค.,3,17,C045,PTT,ปตท.,4,exchange,1,1,1,0,160,0,transfer,phone,delivery,คนส่ง A
T00511,2026-05-13,5,พ.ค.,3,17,C151,UNQ,ยูนิคแก๊ส,48,exchange,1,2,2,0,2700,0,cash,walk_in,pickup,
T00512,2026-05-14,5,พ.ค.,4,7,C167,UNQ,ยูนิคแก๊ส,15,exchange,1,5,5,0,2115,0,transfer,phone,delivery,คนส่ง B
T00513,2026-05-14,5,พ.ค.,4,8,C190,SGP,สยามแก๊ส,15,exchange,1,3,3,0,1269,0,credit,phone,delivery,คนส่ง B
T00514,2026-05-14,5,พ.ค.,4,8,C217,SGP,สยามแก๊ส,4,exchange,1,1,1,0,160,0,cash,walk_in,pickup,
T00515,2026-05-14,5,พ.ค.,4,10,C195,PTT,ปตท.,15,exchange,1,4,5,-1,1692,0,cash,line,delivery,คนส่ง A
T00516,2026-05-14,5,พ.ค.,4,10,C033,UNQ,ยูนิคแก๊ส,15,exchange,1,1,1,0,423,0,cash,line,delivery,คนส่ง B
T00517,2026-05-14,5,พ.ค.,4,11,C170,UNQ,ยูนิคแก๊ส,15,exchange,1,3,3,0,1269,0,cash,walk_in,pickup,
T00518,2026-05-14,5,พ.ค.,4,12,C164,PTT,ปตท.,15,exchange,1,3,3,0,1269,0,credit,phone,delivery,คนส่ง B
T00519,2026-05-14,5,พ.ค.,4,13,C060,SGP,สยามแก๊ส,15,exchange,1,1,1,0,423,0,cash,phone,delivery,คนส่ง B
T00520,2026-05-14,5,พ.ค.,4,14,C161,PTT,ปตท.,15,exchange,1,1,1,0,423,0,cash,walk_in,pickup,
T00521,2026-05-14,5,พ.ค.,4,15,C006,PTT,ปตท.,15,exchange,1,1,1,0,423,0,cash,phone,delivery,คนส่ง B
T00522,2026-05-14,5,พ.ค.,4,15,C121,WP,เวิลด์แก๊ส,15,exchange,1,1,1,0,423,0,cash,phone,delivery,คนส่ง B
T00523,2026-05-14,5,พ.ค.,4,15,C213,WP,เวิลด์แก๊ส,4,exchange,1,1,1,0,160,0,transfer,line,delivery,คนส่ง B
T00524,2026-05-14,5,พ.ค.,4,15,C050,SGP,สยามแก๊ส,15,exchange,1,1,1,0,423,0,transfer,phone,delivery,คนส่ง A
T00525,2026-05-14,5,พ.ค.,4,16,C193,PTT,ปตท.,48,exchange,1,2,2,0,2700,0,credit,walk_in,pickup,
T00526,2026-05-14,5,พ.ค.,4,17,C185,WP,เวิลด์แก๊ส,15,exchange,1,1,1,0,423,0,credit,line,delivery,คนส่ง A
T00527,2026-05-14,5,พ.ค.,4,18,C156,WP,เวิลด์แก๊ส,15,exchange,1,1,1,0,423,0,credit,walk_in,pickup,
T00528,2026-05-15,5,พ.ค.,5,7,C197,WP,เวิลด์แก๊ส,15,exchange,1,1,1,0,423,0,cash,phone,delivery,คนส่ง A
T00529,2026-05-15,5,พ.ค.,5,7,C186,UNQ,ยูนิคแก๊ส,15,exchange,1,3,3,0,1269,0,credit,phone,delivery,คนส่ง B
T00530,2026-05-15,5,พ.ค.,5,9,C201,WP,เวิลด์แก๊ส,4,exchange,1,1,1,0,160,0,cash,phone,delivery,คนส่ง B
T00531,2026-05-15,5,พ.ค.,5,9,C173,WP,เวิลด์แก๊ส,48,exchange,1,3,2,1,4050,0,cash,phone,delivery,คนส่ง B
T00532,2026-05-15,5,พ.ค.,5,9,C166,PTT,ปตท.,15,exchange,1,4,4,0,1692,0,credit,phone,delivery,คนส่ง A
T00533,2026-05-15,5,พ.ค.,5,10,C155,SGP,สยามแก๊ส,48,exchange,1,2,2,0,2700,0,cash,walk_in,pickup,
T00534,2026-05-15,5,พ.ค.,5,10,C192,PTT,ปตท.,15,exchange,1,2,2,0,846,0,transfer,line,delivery,คนส่ง B
T00535,2026-05-15,5,พ.ค.,5,10,C071,UNQ,ยูนิคแก๊ส,15,exchange,1,1,1,0,423,0,cash,phone,delivery,คนส่ง B
T00536,2026-05-15,5,พ.ค.,5,11,C182,WP,เวิลด์แก๊ส,15,exchange,1,2,2,0,846,0,transfer,phone,delivery,คนส่ง B
T00537,2026-05-15,5,พ.ค.,5,13,C099,WP,เวิลด์แก๊ส,15,exchange,1,1,1,0,423,0,transfer,line,delivery,คนส่ง B
T00538,2026-05-15,5,พ.ค.,5,14,C176,PTT,ปตท.,15,exchange,1,4,4,0,1692,0,transfer,walk_in,pickup,
T00539,2026-05-15,5,พ.ค.,5,15,C119,WP,เวิลด์แก๊ส,4,exchange,1,1,1,0,160,0,cash,line,delivery,คนส่ง A
T00540,2026-05-16,5,พ.ค.,6,7,C157,WP,เวิลด์แก๊ส,15,exchange,1,4,3,1,1692,0,cash,phone,delivery,คนส่ง A
T00541,2026-05-16,5,พ.ค.,6,9,C183,UNQ,ยูนิคแก๊ส,15,exchange,1,3,3,0,1269,0,credit,phone,delivery,คนส่ง A
T00542,2026-05-16,5,พ.ค.,6,10,C136,PTT,ปตท.,15,exchange,1,1,1,0,423,0,cash,walk_in,pickup,
T00543,2026-05-16,5,พ.ค.,6,10,C120,WP,เวิลด์แก๊ส,15,exchange,1,1,1,0,423,0,transfer,walk_in,pickup,
T00544,2026-05-16,5,พ.ค.,6,11,C162,PTT,ปตท.,15,exchange,1,4,4,0,1692,0,cash,phone,delivery,คนส่ง B
T00545,2026-05-16,5,พ.ค.,6,11,C153,WP,เวิลด์แก๊ส,48,exchange,1,4,4,0,5400,0,credit,phone,delivery,คนส่ง B
T00546,2026-05-16,5,พ.ค.,6,12,C174,SGP,สยามแก๊ส,48,exchange,1,3,2,1,4050,0,credit,walk_in,pickup,
T00547,2026-05-16,5,พ.ค.,6,15,C070,WP,เวิลด์แก๊ส,15,exchange,1,1,1,0,423,0,transfer,phone,delivery,คนส่ง B
T00548,2026-05-16,5,พ.ค.,6,15,C220,PTT,ปตท.,15,exchange,1,1,1,0,423,0,cash,walk_in,pickup,
T00549,2026-05-16,5,พ.ค.,6,16,C115,PTT,ปตท.,15,exchange,1,1,1,0,423,0,cash,phone,delivery,คนส่ง B
T00550,2026-05-16,5,พ.ค.,6,17,C163,UNQ,ยูนิคแก๊ส,15,exchange,1,3,3,0,1269,0,cash,line,delivery,คนส่ง A
T00551,2026-05-17,5,พ.ค.,7,8,C208,WP,เวิลด์แก๊ส,15,exchange,1,1,1,0,423,0,cash,line,delivery,คนส่ง A
T00552,2026-05-17,5,พ.ค.,7,9,C044,WP,เวิลด์แก๊ส,15,exchange,1,1,1,0,423,0,cash,line,delivery,คนส่ง A
T00553,2026-05-17,5,พ.ค.,7,9,C104,UNQ,ยูนิคแก๊ส,15,exchange,1,1,1,0,423,0,transfer,phone,delivery,คนส่ง A
T00554,2026-05-17,5,พ.ค.,7,13,C154,UNQ,ยูนิคแก๊ส,48,exchange,1,4,4,0,5400,0,cash,line,delivery,คนส่ง B
T00555,2026-05-17,5,พ.ค.,7,13,C178,WP,เวิลด์แก๊ส,15,exchange,1,4,4,0,1692,0,credit,phone,delivery,คนส่ง B
T00556,2026-05-17,5,พ.ค.,7,14,C214,SGP,สยามแก๊ส,15,exchange,1,1,1,0,423,0,cash,phone,delivery,คนส่ง B
T00557,2026-05-18,5,พ.ค.,1,7,C072,WP,เวิลด์แก๊ส,15,new_cylinder,1,1,0,0,423,1300,cash,phone,delivery,คนส่ง A
T00558,2026-05-18,5,พ.ค.,1,7,C175,SGP,สยามแก๊ส,15,exchange,1,3,3,0,1269,0,cash,walk_in,pickup,
T00559,2026-05-18,5,พ.ค.,1,9,C066,SGP,สยามแก๊ส,15,exchange,1,1,1,0,423,0,transfer,phone,delivery,คนส่ง A
T00560,2026-05-18,5,พ.ค.,1,9,C177,UNQ,ยูนิคแก๊ส,48,exchange,1,3,3,0,4050,0,credit,walk_in,pickup,
T00561,2026-05-18,5,พ.ค.,1,10,C160,WP,เวิลด์แก๊ส,48,exchange,1,4,3,1,5400,0,cash,walk_in,pickup,
T00562,2026-05-18,5,พ.ค.,1,10,C158,WP,เวิลด์แก๊ส,48,exchange,1,3,3,0,4050,0,credit,walk_in,pickup,
T00563,2026-05-18,5,พ.ค.,1,11,C179,WP,เวิลด์แก๊ส,15,exchange,1,2,2,0,846,0,transfer,phone,delivery,คนส่ง B
T00564,2026-05-18,5,พ.ค.,1,11,C219,PTT,ปตท.,4,exchange,1,1,1,0,160,0,transfer,phone,delivery,คนส่ง B
T00565,2026-05-18,5,พ.ค.,1,11,C187,WP,เวิลด์แก๊ส,48,exchange,1,2,2,0,2700,0,cash,phone,delivery,คนส่ง A
T00566,2026-05-18,5,พ.ค.,1,14,C164,PTT,ปตท.,15,exchange,1,3,3,0,1269,0,credit,walk_in,pickup,
T00567,2026-05-18,5,พ.ค.,1,14,C169,WP,เวิลด์แก๊ส,15,exchange,1,3,3,0,1269,0,credit,walk_in,pickup,
T00568,2026-05-18,5,พ.ค.,1,14,C135,PTT,ปตท.,15,exchange,1,1,1,0,423,0,cash,phone,delivery,คนส่ง B
T00569,2026-05-18,5,พ.ค.,1,15,C016,WP,เวิลด์แก๊ส,15,exchange,1,1,1,0,423,0,cash,phone,delivery,คนส่ง A
T00570,2026-05-18,5,พ.ค.,1,15,C180,PTT,ปตท.,15,exchange,1,2,2,0,846,0,cash,phone,delivery,คนส่ง A
T00571,2026-05-18,5,พ.ค.,1,15,C058,WP,เวิลด์แก๊ส,15,exchange,1,1,1,0,423,0,cash,phone,delivery,คนส่ง A
T00572,2026-05-18,5,พ.ค.,1,16,C109,WP,เวิลด์แก๊ส,15,exchange,1,1,1,0,423,0,cash,phone,delivery,คนส่ง B
T00573,2026-05-18,5,พ.ค.,1,16,C152,UNQ,ยูนิคแก๊ส,15,exchange,1,5,5,0,2115,0,credit,line,delivery,คนส่ง A
T00574,2026-05-18,5,พ.ค.,1,16,C191,PTT,ปตท.,15,exchange,1,3,3,0,1269,0,credit,walk_in,pickup,
T00575,2026-05-18,5,พ.ค.,1,17,C216,WP,เวิลด์แก๊ส,15,exchange,1,1,1,0,423,0,cash,line,delivery,คนส่ง A
T00576,2026-05-18,5,พ.ค.,1,17,C189,WP,เวิลด์แก๊ส,48,exchange,1,2,2,0,2700,0,cash,line,delivery,คนส่ง A
T00577,2026-05-19,5,พ.ค.,2,9,C186,UNQ,ยูนิคแก๊ส,15,exchange,1,3,3,0,1269,0,credit,phone,delivery,คนส่ง B
T00578,2026-05-19,5,พ.ค.,2,9,C181,WP,เวิลด์แก๊ส,15,exchange,1,3,3,0,1269,0,credit,walk_in,pickup,
T00579,2026-05-19,5,พ.ค.,2,10,C205,WP,เวิลด์แก๊ส,15,exchange,1,1,1,0,423,0,transfer,phone,delivery,คนส่ง B
T00580,2026-05-19,5,พ.ค.,2,10,C129,WP,เวิลด์แก๊ส,15,exchange,1,1,1,0,423,0,cash,line,delivery,คนส่ง A
T00581,2026-05-19,5,พ.ค.,2,10,C142,PTT,ปตท.,15,exchange,1,1,0,1,423,0,cash,line,delivery,คนส่ง B
T00582,2026-05-19,5,พ.ค.,2,10,C194,PTT,ปตท.,15,exchange,1,2,2,0,846,0,credit,phone,delivery,คนส่ง A
T00583,2026-05-19,5,พ.ค.,2,11,C171,SGP,สยามแก๊ส,48,exchange,1,2,2,0,2700,0,cash,phone,delivery,คนส่ง B
T00584,2026-05-19,5,พ.ค.,2,11,C196,WP,เวิลด์แก๊ส,15,exchange,1,1,1,0,423,0,transfer,phone,delivery,คนส่ง A
T00585,2026-05-19,5,พ.ค.,2,13,C159,WP,เวิลด์แก๊ส,15,exchange,1,3,3,0,1269,0,transfer,line,delivery,คนส่ง A
T00586,2026-05-19,5,พ.ค.,2,13,C151,UNQ,ยูนิคแก๊ส,48,exchange,1,2,2,0,2700,0,cash,line,delivery,คนส่ง A
T00587,2026-05-19,5,พ.ค.,2,14,C192,PTT,ปตท.,15,exchange,1,2,1,1,846,0,transfer,phone,delivery,คนส่ง B
T00588,2026-05-19,5,พ.ค.,2,14,C065,SGP,สยามแก๊ส,15,exchange,1,1,1,0,423,0,cash,walk_in,pickup,
T00589,2026-05-19,5,พ.ค.,2,15,C168,WP,เวิลด์แก๊ส,48,exchange,1,5,5,0,6750,0,credit,phone,delivery,คนส่ง B
T00590,2026-05-19,5,พ.ค.,2,16,C218,WP,เวิลด์แก๊ส,15,exchange,1,1,1,0,423,0,cash,walk_in,pickup,
T00591,2026-05-19,5,พ.ค.,2,17,C184,PTT,ปตท.,48,exchange,1,4,4,0,5400,0,cash,line,delivery,คนส่ง B
T00592,2026-05-19,5,พ.ค.,2,18,C053,PTT,ปตท.,15,exchange,1,1,1,0,423,0,cash,phone,delivery,คนส่ง A
T00593,2026-05-20,5,พ.ค.,3,9,C059,WP,เวิลด์แก๊ส,4,exchange,1,1,1,0,160,0,transfer,walk_in,pickup,
T00594,2026-05-20,5,พ.ค.,3,10,C037,WP,เวิลด์แก๊ส,15,exchange,1,1,1,0,423,0,transfer,walk_in,pickup,
T00595,2026-05-20,5,พ.ค.,3,10,C188,SGP,สยามแก๊ส,15,exchange,1,2,2,0,846,0,credit,line,delivery,คนส่ง B
T00596,2026-05-20,5,พ.ค.,3,11,C167,UNQ,ยูนิคแก๊ส,15,exchange,1,2,2,0,846,0,transfer,walk_in,pickup,
T00597,2026-05-20,5,พ.ค.,3,11,C032,UNQ,ยูนิคแก๊ส,15,exchange,1,1,1,0,423,0,cash,line,delivery,คนส่ง B
T00598,2026-05-20,5,พ.ค.,3,11,C215,UNQ,ยูนิคแก๊ส,4,exchange,1,1,1,0,160,0,cash,phone,delivery,คนส่ง A
T00599,2026-05-20,5,พ.ค.,3,12,C106,PTT,ปตท.,4,exchange,1,1,1,0,160,0,cash,phone,delivery,คนส่ง A
T00600,2026-05-20,5,พ.ค.,3,15,C157,WP,เวิลด์แก๊ส,15,exchange,1,3,4,-1,1269,0,cash,phone,delivery,คนส่ง A
T00601,2026-05-21,5,พ.ค.,4,9,C156,WP,เวิลด์แก๊ส,15,exchange,1,3,3,0,1269,0,credit,phone,delivery,คนส่ง B
T00602,2026-05-21,5,พ.ค.,4,9,C067,PTT,ปตท.,4,exchange,1,1,1,0,160,0,cash,phone,delivery,คนส่ง B
T00603,2026-05-21,5,พ.ค.,4,10,C195,PTT,ปตท.,15,exchange,1,5,5,0,2115,0,cash,phone,delivery,คนส่ง B
T00604,2026-05-21,5,พ.ค.,4,10,C093,UNQ,ยูนิคแก๊ส,15,exchange,1,1,1,0,423,0,cash,phone,delivery,คนส่ง A
T00605,2026-05-21,5,พ.ค.,4,10,C199,UNQ,ยูนิคแก๊ส,15,exchange,1,1,1,0,423,0,cash,phone,delivery,คนส่ง A
T00606,2026-05-21,5,พ.ค.,4,11,C190,SGP,สยามแก๊ส,15,exchange,1,2,2,0,846,0,credit,phone,delivery,คนส่ง A
T00607,2026-05-21,5,พ.ค.,4,12,C162,PTT,ปตท.,15,exchange,1,3,3,0,1269,0,cash,walk_in,pickup,
T00608,2026-05-21,5,พ.ค.,4,14,C187,WP,เวิลด์แก๊ส,48,exchange,1,1,0,1,1350,0,transfer,line,delivery,คนส่ง A
T00609,2026-05-21,5,พ.ค.,4,15,C193,PTT,ปตท.,48,exchange,1,1,1,0,1350,0,credit,phone,delivery,คนส่ง A
T00610,2026-05-21,5,พ.ค.,4,16,C185,WP,เวิลด์แก๊ส,15,exchange,1,2,2,0,846,0,credit,line,delivery,คนส่ง A
T00611,2026-05-21,5,พ.ค.,4,16,C170,UNQ,ยูนิคแก๊ส,15,exchange,1,3,3,0,1269,0,cash,phone,delivery,คนส่ง A
T00612,2026-05-21,5,พ.ค.,4,17,C025,WP,เวิลด์แก๊ส,15,exchange,1,1,1,0,423,0,cash,walk_in,pickup,
T00613,2026-05-21,5,พ.ค.,4,17,C207,PTT,ปตท.,15,exchange,1,1,0,1,423,0,transfer,phone,delivery,คนส่ง A
T00614,2026-05-21,5,พ.ค.,4,17,C213,WP,เวิลด์แก๊ส,4,exchange,1,1,1,0,160,0,cash,phone,delivery,คนส่ง B
T00615,2026-05-21,5,พ.ค.,4,17,C009,SGP,สยามแก๊ส,15,exchange,1,1,1,0,423,0,transfer,phone,delivery,คนส่ง A
T00616,2026-05-21,5,พ.ค.,4,17,C123,WP,เวิลด์แก๊ส,15,exchange,1,1,1,0,423,0,cash,walk_in,pickup,
T00617,2026-05-22,5,พ.ค.,5,8,C124,WP,เวิลด์แก๊ส,15,exchange,1,1,1,0,423,0,cash,phone,delivery,คนส่ง A
T00618,2026-05-22,5,พ.ค.,5,9,C027,UNQ,ยูนิคแก๊ส,15,exchange,1,1,1,0,423,0,transfer,phone,delivery,คนส่ง A
T00619,2026-05-22,5,พ.ค.,5,9,C041,UNQ,ยูนิคแก๊ส,15,exchange,1,1,1,0,423,0,transfer,line,delivery,คนส่ง B
T00620,2026-05-22,5,พ.ค.,5,10,C161,PTT,ปตท.,15,exchange,1,2,2,0,846,0,transfer,phone,delivery,คนส่ง B
T00621,2026-05-22,5,พ.ค.,5,11,C182,WP,เวิลด์แก๊ส,15,exchange,1,2,2,0,846,0,cash,walk_in,pickup,
T00622,2026-05-22,5,พ.ค.,5,11,C114,UNQ,ยูนิคแก๊ส,15,exchange,1,1,1,0,423,0,cash,phone,delivery,คนส่ง A
T00623,2026-05-22,5,พ.ค.,5,12,C094,SGP,สยามแก๊ส,15,exchange,1,1,1,0,423,0,cash,phone,delivery,คนส่ง B
T00624,2026-05-22,5,พ.ค.,5,12,C144,WP,เวิลด์แก๊ส,15,exchange,1,1,1,0,423,0,cash,line,delivery,คนส่ง A
T00625,2026-05-22,5,พ.ค.,5,12,C211,WP,เวิลด์แก๊ส,4,exchange,1,1,1,0,160,0,cash,line,delivery,คนส่ง A
T00626,2026-05-22,5,พ.ค.,5,13,C210,PTT,ปตท.,4,exchange,1,1,1,0,160,0,cash,walk_in,pickup,
T00627,2026-05-22,5,พ.ค.,5,16,C173,WP,เวิลด์แก๊ส,48,exchange,1,2,3,-1,2700,0,cash,line,delivery,คนส่ง A
T00628,2026-05-22,5,พ.ค.,5,16,C155,SGP,สยามแก๊ส,48,exchange,1,2,2,0,2700,0,cash,walk_in,pickup,
T00629,2026-05-22,5,พ.ค.,5,17,C192,PTT,ปตท.,15,exchange,1,2,3,-1,846,0,transfer,phone,delivery,คนส่ง A
T00630,2026-05-22,5,พ.ค.,5,18,C204,WP,เวิลด์แก๊ส,15,exchange,1,1,1,0,423,0,credit,walk_in,pickup,
T00631,2026-05-23,5,พ.ค.,6,9,C203,PTT,ปตท.,4,exchange,1,1,1,0,160,0,cash,walk_in,pickup,
T00632,2026-05-23,5,พ.ค.,6,10,C167,UNQ,ยูนิคแก๊ส,15,exchange,1,3,3,0,1269,0,transfer,phone,delivery,คนส่ง B
T00633,2026-05-23,5,พ.ค.,6,10,C154,UNQ,ยูนิคแก๊ส,48,exchange,1,4,4,0,5400,0,transfer,phone,delivery,คนส่ง B
T00634,2026-05-23,5,พ.ค.,6,11,C183,UNQ,ยูนิคแก๊ส,15,exchange,1,3,3,0,1269,0,credit,line,delivery,คนส่ง A
T00635,2026-05-23,5,พ.ค.,6,11,C198,SGP,สยามแก๊ส,4,exchange,1,1,1,0,160,0,cash,walk_in,pickup,
T00636,2026-05-23,5,พ.ค.,6,12,C160,WP,เวิลด์แก๊ส,48,exchange,1,3,3,0,4050,0,transfer,line,delivery,คนส่ง B
T00637,2026-05-23,5,พ.ค.,6,12,C097,WP,เวิลด์แก๊ส,15,exchange,1,1,1,0,423,0,transfer,phone,delivery,คนส่ง A
T00638,2026-05-23,5,พ.ค.,6,13,C176,PTT,ปตท.,15,exchange,1,2,2,0,846,0,transfer,phone,delivery,คนส่ง A
T00639,2026-05-23,5,พ.ค.,6,15,C019,PTT,ปตท.,15,exchange,1,1,1,0,423,0,cash,walk_in,pickup,
T00640,2026-05-23,5,พ.ค.,6,15,C020,UNQ,ยูนิคแก๊ส,15,exchange,1,1,1,0,423,0,cash,phone,delivery,คนส่ง A
T00641,2026-05-23,5,พ.ค.,6,16,C164,PTT,ปตท.,15,exchange,1,4,4,0,1692,0,credit,line,delivery,คนส่ง B
T00642,2026-05-23,5,พ.ค.,6,16,C166,PTT,ปตท.,15,exchange,1,4,4,0,1692,0,credit,line,delivery,คนส่ง B
T00643,2026-05-23,5,พ.ค.,6,17,C096,WP,เวิลด์แก๊ส,15,exchange,1,1,1,0,423,0,cash,phone,delivery,คนส่ง B
T00644,2026-05-23,5,พ.ค.,6,17,C178,WP,เวิลด์แก๊ส,15,exchange,1,5,5,0,2115,0,credit,walk_in,pickup,
T00645,2026-05-23,5,พ.ค.,6,17,C220,PTT,ปตท.,15,exchange,1,1,1,0,423,0,cash,phone,delivery,คนส่ง B
T00646,2026-05-23,5,พ.ค.,6,17,C174,SGP,สยามแก๊ส,48,exchange,1,3,3,0,4050,0,credit,walk_in,pickup,
T00647,2026-05-23,5,พ.ค.,6,17,C083,UNQ,ยูนิคแก๊ส,15,exchange,1,1,1,0,423,0,cash,phone,delivery,คนส่ง A
T00648,2026-05-24,5,พ.ค.,7,8,C118,UNQ,ยูนิคแก๊ส,4,new_cylinder,1,1,0,0,160,700,transfer,phone,delivery,คนส่ง B
T00649,2026-05-24,5,พ.ค.,7,9,C163,UNQ,ยูนิคแก๊ส,15,exchange,1,2,2,0,846,0,cash,walk_in,pickup,
T00650,2026-05-24,5,พ.ค.,7,9,C159,WP,เวิลด์แก๊ส,15,exchange,1,3,3,0,1269,0,cash,line,delivery,คนส่ง A
T00651,2026-05-24,5,พ.ค.,7,15,C201,WP,เวิลด์แก๊ส,4,exchange,1,1,1,0,160,0,cash,walk_in,pickup,
T00652,2026-05-24,5,พ.ค.,7,17,C171,SGP,สยามแก๊ส,48,exchange,1,3,3,0,4050,0,cash,line,delivery,คนส่ง B
T00653,2026-05-25,5,พ.ค.,1,7,C036,WP,เวิลด์แก๊ส,15,exchange,1,1,1,0,423,0,transfer,walk_in,pickup,
T00654,2026-05-25,5,พ.ค.,1,7,C153,WP,เวิลด์แก๊ส,48,exchange,1,5,5,0,6750,0,credit,walk_in,pickup,
T00655,2026-05-25,5,พ.ค.,1,7,C151,UNQ,ยูนิคแก๊ส,48,exchange,1,3,3,0,4050,0,transfer,walk_in,pickup,
T00656,2026-05-25,5,พ.ค.,1,9,C186,UNQ,ยูนิคแก๊ส,15,exchange,1,3,3,0,1269,0,credit,phone,delivery,คนส่ง A
T00657,2026-05-25,5,พ.ค.,1,9,C055,PTT,ปตท.,15,exchange,1,1,1,0,423,0,transfer,walk_in,pickup,
T00658,2026-05-25,5,พ.ค.,1,10,C179,WP,เวิลด์แก๊ส,15,exchange,1,1,1,0,423,0,cash,phone,delivery,คนส่ง B
T00659,2026-05-25,5,พ.ค.,1,10,C155,SGP,สยามแก๊ส,48,exchange,1,3,3,0,4050,0,cash,phone,delivery,คนส่ง B
T00660,2026-05-25,5,พ.ค.,1,10,C181,WP,เวิลด์แก๊ส,15,exchange,1,2,2,0,846,0,credit,phone,delivery,คนส่ง A
T00661,2026-05-25,5,พ.ค.,1,11,C101,WP,เวิลด์แก๊ส,15,exchange,1,1,1,0,423,0,cash,phone,delivery,คนส่ง A
T00662,2026-05-25,5,พ.ค.,1,11,C005,WP,เวิลด์แก๊ส,15,exchange,1,1,1,0,423,0,cash,phone,delivery,คนส่ง A
T00663,2026-05-25,5,พ.ค.,1,11,C180,PTT,ปตท.,15,exchange,1,4,3,1,1692,0,cash,walk_in,pickup,
T00664,2026-05-25,5,พ.ค.,1,12,C194,PTT,ปตท.,15,exchange,1,3,3,0,1269,0,credit,line,delivery,คนส่ง B
T00665,2026-05-25,5,พ.ค.,1,13,C168,WP,เวิลด์แก๊ส,48,exchange,1,3,3,0,4050,0,credit,walk_in,pickup,
T00666,2026-05-25,5,พ.ค.,1,15,C189,WP,เวิลด์แก๊ส,48,exchange,1,3,3,0,4050,0,transfer,walk_in,pickup,
T00667,2026-05-25,5,พ.ค.,1,15,C038,SGP,สยามแก๊ส,15,exchange,1,1,0,1,423,0,transfer,phone,delivery,คนส่ง B
T00668,2026-05-25,5,พ.ค.,1,15,C200,WP,เวิลด์แก๊ส,15,exchange,1,1,0,1,423,0,transfer,line,delivery,คนส่ง B
T00669,2026-05-25,5,พ.ค.,1,15,C158,WP,เวิลด์แก๊ส,48,exchange,1,4,4,0,5400,0,credit,line,delivery,คนส่ง A
T00670,2026-05-25,5,พ.ค.,1,16,C098,WP,เวิลด์แก๊ส,15,exchange,1,1,1,0,423,0,transfer,phone,delivery,คนส่ง B
T00671,2026-05-25,5,พ.ค.,1,16,C197,WP,เวิลด์แก๊ส,15,exchange,1,1,1,0,423,0,transfer,walk_in,pickup,
T00672,2026-05-25,5,พ.ค.,1,16,C063,WP,เวิลด์แก๊ส,15,exchange,1,1,1,0,423,0,cash,phone,delivery,คนส่ง B
T00673,2026-05-25,5,พ.ค.,1,16,C177,UNQ,ยูนิคแก๊ส,48,exchange,1,4,3,1,5400,0,credit,phone,delivery,คนส่ง A
T00674,2026-05-25,5,พ.ค.,1,17,C191,PTT,ปตท.,15,exchange,1,3,3,0,1269,0,credit,walk_in,pickup,
T00675,2026-05-25,5,พ.ค.,1,17,C152,UNQ,ยูนิคแก๊ส,15,exchange,1,4,4,0,1692,0,credit,walk_in,pickup,
T00676,2026-05-26,5,พ.ค.,2,8,C170,UNQ,ยูนิคแก๊ส,15,exchange,1,4,4,0,1692,0,transfer,phone,delivery,คนส่ง B
T00677,2026-05-26,5,พ.ค.,2,10,C193,PTT,ปตท.,48,exchange,1,2,2,0,2700,0,credit,line,delivery,คนส่ง A
T00678,2026-05-26,5,พ.ค.,2,10,C170,UNQ,ยูนิคแก๊ส,15,new_cylinder,1,1,0,0,423,1300,cash,line,delivery,คนส่ง B
T00679,2026-05-26,5,พ.ค.,2,13,C128,WP,เวิลด์แก๊ส,15,exchange,1,1,1,0,423,0,transfer,line,delivery,คนส่ง A
T00680,2026-05-26,5,พ.ค.,2,13,C175,SGP,สยามแก๊ส,15,exchange,1,2,2,0,846,0,cash,walk_in,pickup,
T00681,2026-05-26,5,พ.ค.,2,14,C185,WP,เวิลด์แก๊ส,15,exchange,1,1,1,0,423,0,credit,line,delivery,คนส่ง B
T00682,2026-05-26,5,พ.ค.,2,15,C217,SGP,สยามแก๊ส,4,exchange,1,1,1,0,160,0,transfer,phone,delivery,คนส่ง B
T00683,2026-05-26,5,พ.ค.,2,16,C188,SGP,สยามแก๊ส,15,exchange,1,3,3,0,1269,0,credit,phone,delivery,คนส่ง B
T00684,2026-05-26,5,พ.ค.,2,16,C137,PTT,ปตท.,15,exchange,1,1,1,0,423,0,transfer,line,delivery,คนส่ง A
T00685,2026-05-26,5,พ.ค.,2,16,C184,PTT,ปตท.,48,exchange,1,4,4,0,5400,0,cash,phone,delivery,คนส่ง B
T00686,2026-05-26,5,พ.ค.,2,17,C169,WP,เวิลด์แก๊ส,15,exchange,1,2,2,0,846,0,credit,phone,delivery,คนส่ง A
T00687,2026-05-26,5,พ.ค.,2,17,C134,PTT,ปตท.,15,exchange,1,1,1,0,423,0,transfer,walk_in,pickup,
T00688,2026-05-27,5,พ.ค.,3,8,C111,WP,เวิลด์แก๊ส,15,exchange,1,1,1,0,423,0,transfer,phone,delivery,คนส่ง B
T00689,2026-05-27,5,พ.ค.,3,8,C130,WP,เวิลด์แก๊ส,15,exchange,1,1,1,0,423,0,transfer,phone,delivery,คนส่ง A
T00690,2026-05-27,5,พ.ค.,3,9,C214,SGP,สยามแก๊ส,15,exchange,1,1,1,0,423,0,transfer,phone,delivery,คนส่ง B
T00691,2026-05-27,5,พ.ค.,3,10,C196,WP,เวิลด์แก๊ส,15,exchange,1,1,1,0,423,0,cash,phone,delivery,คนส่ง B
T00692,2026-05-27,5,พ.ค.,3,10,C157,WP,เวิลด์แก๊ส,15,exchange,1,5,5,0,2115,0,transfer,walk_in,pickup,
T00693,2026-05-27,5,พ.ค.,3,11,C192,PTT,ปตท.,15,exchange,1,2,2,0,846,0,transfer,phone,delivery,คนส่ง B
T00694,2026-05-27,5,พ.ค.,3,12,C156,WP,เวิลด์แก๊ส,15,exchange,1,2,2,0,846,0,credit,phone,delivery,คนส่ง A
T00695,2026-05-27,5,พ.ค.,3,13,C043,WP,เวิลด์แก๊ส,15,exchange,1,1,1,0,423,0,transfer,line,delivery,คนส่ง A
T00696,2026-05-27,5,พ.ค.,3,13,C122,UNQ,ยูนิคแก๊ส,15,exchange,1,1,0,1,423,0,cash,phone,delivery,คนส่ง B
T00697,2026-05-27,5,พ.ค.,3,15,C162,PTT,ปตท.,15,exchange,1,2,2,0,846,0,cash,walk_in,pickup,
T00698,2026-05-27,5,พ.ค.,3,17,C161,PTT,ปตท.,15,exchange,1,2,2,0,846,0,cash,line,delivery,คนส่ง B
T00699,2026-05-27,5,พ.ค.,3,17,C207,PTT,ปตท.,15,exchange,1,1,2,-1,423,0,cash,phone,delivery,คนส่ง B
T00700,2026-05-28,5,พ.ค.,4,7,C091,PTT,ปตท.,15,exchange,1,1,1,0,423,0,transfer,phone,delivery,คนส่ง A
T00701,2026-05-28,5,พ.ค.,4,7,C174,SGP,สยามแก๊ส,48,exchange,1,4,5,-1,5400,0,credit,phone,delivery,คนส่ง A
T00702,2026-05-28,5,พ.ค.,4,8,C008,WP,เวิลด์แก๊ส,15,exchange,1,1,1,0,423,0,transfer,walk_in,pickup,
T00703,2026-05-28,5,พ.ค.,4,10,C113,WP,เวิลด์แก๊ส,15,exchange,1,1,1,0,423,0,transfer,phone,delivery,คนส่ง B
T00704,2026-05-28,5,พ.ค.,4,13,C187,WP,เวิลด์แก๊ส,48,exchange,1,1,1,0,1350,0,cash,walk_in,pickup,
T00705,2026-05-28,5,พ.ค.,4,13,C219,PTT,ปตท.,4,exchange,1,1,1,0,160,0,cash,line,delivery,คนส่ง A
T00706,2026-05-28,5,พ.ค.,4,14,C205,WP,เวิลด์แก๊ส,15,exchange,1,1,1,0,423,0,cash,phone,delivery,คนส่ง B
T00707,2026-05-28,5,พ.ค.,4,16,C213,WP,เวิลด์แก๊ส,4,exchange,1,1,1,0,160,0,transfer,walk_in,pickup,
T00708,2026-05-29,5,พ.ค.,5,8,C198,SGP,สยามแก๊ส,4,exchange,1,1,1,0,160,0,cash,walk_in,pickup,
T00709,2026-05-29,5,พ.ค.,5,9,C078,UNQ,ยูนิคแก๊ส,4,exchange,1,1,2,-1,160,0,cash,line,delivery,คนส่ง A
T00710,2026-05-29,5,พ.ค.,5,9,C190,SGP,สยามแก๊ส,15,exchange,1,2,2,0,846,0,credit,line,delivery,คนส่ง A
T00711,2026-05-29,5,พ.ค.,5,9,C195,PTT,ปตท.,15,exchange,1,3,3,0,1269,0,transfer,phone,delivery,คนส่ง A
T00712,2026-05-29,5,พ.ค.,5,10,C140,PTT,ปตท.,15,exchange,1,1,1,0,423,0,transfer,line,delivery,คนส่ง A
T00713,2026-05-29,5,พ.ค.,5,10,C216,WP,เวิลด์แก๊ส,15,exchange,1,1,1,0,423,0,transfer,phone,delivery,คนส่ง A
T00714,2026-05-29,5,พ.ค.,5,15,C160,WP,เวิลด์แก๊ส,48,exchange,1,4,4,0,5400,0,cash,walk_in,pickup,
T00715,2026-05-29,5,พ.ค.,5,16,C164,PTT,ปตท.,15,exchange,1,4,4,0,1692,0,credit,phone,delivery,คนส่ง A
T00716,2026-05-29,5,พ.ค.,5,16,C159,WP,เวิลด์แก๊ส,15,exchange,1,2,2,0,846,0,cash,line,delivery,คนส่ง A
T00717,2026-05-29,5,พ.ค.,5,16,C167,UNQ,ยูนิคแก๊ส,15,exchange,1,2,2,0,846,0,cash,walk_in,pickup,
T00718,2026-05-29,5,พ.ค.,5,16,C151,UNQ,ยูนิคแก๊ส,48,exchange,1,2,2,0,2700,0,cash,line,delivery,คนส่ง A
T00719,2026-05-29,5,พ.ค.,5,16,C166,PTT,ปตท.,15,exchange,1,3,3,0,1269,0,credit,line,delivery,คนส่ง A
T00720,2026-05-29,5,พ.ค.,5,17,C173,WP,เวิลด์แก๊ส,48,exchange,1,2,2,0,2700,0,transfer,phone,delivery,คนส่ง A
T00721,2026-05-30,5,พ.ค.,6,7,C182,WP,เวิลด์แก๊ส,15,exchange,1,2,2,0,846,0,cash,line,delivery,คนส่ง B
T00722,2026-05-30,5,พ.ค.,6,9,C084,PTT,ปตท.,4,exchange,1,1,1,0,160,0,transfer,phone,delivery,คนส่ง A
T00723,2026-05-30,5,พ.ค.,6,10,C108,WP,เวิลด์แก๊ส,15,exchange,1,1,1,0,423,0,cash,line,delivery,คนส่ง B
T00724,2026-05-30,5,พ.ค.,6,11,C034,UNQ,ยูนิคแก๊ส,15,exchange,1,1,1,0,423,0,transfer,walk_in,pickup,
T00725,2026-05-30,5,พ.ค.,6,11,C185,WP,เวิลด์แก๊ส,15,exchange,1,1,1,0,423,0,credit,phone,delivery,คนส่ง A
T00726,2026-05-30,5,พ.ค.,6,11,C100,PTT,ปตท.,15,exchange,1,1,1,0,423,0,transfer,phone,delivery,คนส่ง A
T00727,2026-05-30,5,พ.ค.,6,12,C163,UNQ,ยูนิคแก๊ส,15,exchange,1,3,3,0,1269,0,transfer,line,delivery,คนส่ง B
T00728,2026-05-30,5,พ.ค.,6,13,C105,WP,เวิลด์แก๊ส,15,exchange,1,1,1,0,423,0,cash,phone,delivery,คนส่ง A
T00729,2026-05-30,5,พ.ค.,6,15,C171,SGP,สยามแก๊ส,48,exchange,1,3,3,0,4050,0,cash,line,delivery,คนส่ง B
T00730,2026-05-30,5,พ.ค.,6,15,C042,WP,เวิลด์แก๊ส,15,exchange,1,1,1,0,423,0,cash,phone,delivery,คนส่ง B
T00731,2026-05-30,5,พ.ค.,6,16,C152,UNQ,ยูนิคแก๊ส,15,exchange,1,3,3,0,1269,0,credit,phone,delivery,คนส่ง A
T00732,2026-05-30,5,พ.ค.,6,16,C183,UNQ,ยูนิคแก๊ส,15,exchange,1,4,4,0,1692,0,credit,line,delivery,คนส่ง B
T00733,2026-05-30,5,พ.ค.,6,16,C087,WP,เวิลด์แก๊ส,15,exchange,1,1,1,0,423,0,transfer,line,delivery,คนส่ง A
T00734,2026-05-30,5,พ.ค.,6,17,C208,WP,เวิลด์แก๊ส,15,exchange,1,1,0,1,423,0,cash,phone,delivery,คนส่ง A
T00735,2026-05-30,5,พ.ค.,6,17,C186,UNQ,ยูนิคแก๊ส,15,exchange,1,2,2,0,846,0,credit,phone,delivery,คนส่ง A
T00736,2026-05-30,5,พ.ค.,6,17,C194,PTT,ปตท.,15,exchange,1,3,2,1,1269,0,credit,phone,delivery,คนส่ง A
T00737,2026-05-30,5,พ.ค.,6,17,C178,WP,เวิลด์แก๊ส,15,exchange,1,3,3,0,1269,0,credit,walk_in,pickup,
T00738,2026-05-31,5,พ.ค.,7,9,C069,WP,เวิลด์แก๊ส,15,exchange,1,1,1,0,423,0,cash,phone,delivery,คนส่ง B
T00739,2026-05-31,5,พ.ค.,7,11,C180,PTT,ปตท.,15,exchange,1,2,3,-1,846,0,cash,line,delivery,คนส่ง B
T00740,2026-06-01,6,มิ.ย.,1,7,C023,SGP,สยามแก๊ส,15,exchange,1,1,1,0,423,0,transfer,walk_in,pickup,
T00741,2026-06-01,6,มิ.ย.,1,7,C218,WP,เวิลด์แก๊ส,15,exchange,1,1,1,0,423,0,cash,line,delivery,คนส่ง B
T00742,2026-06-01,6,มิ.ย.,1,8,C153,WP,เวิลด์แก๊ส,48,exchange,1,5,5,0,6750,0,credit,phone,delivery,คนส่ง A
T00743,2026-06-01,6,มิ.ย.,1,8,C168,WP,เวิลด์แก๊ส,48,exchange,1,4,4,0,5400,0,credit,walk_in,pickup,
T00744,2026-06-01,6,มิ.ย.,1,8,C024,PTT,ปตท.,15,new_cylinder,1,1,0,0,423,1300,transfer,line,delivery,คนส่ง B
T00745,2026-06-01,6,มิ.ย.,1,8,C170,UNQ,ยูนิคแก๊ส,15,exchange,1,4,4,0,1692,0,cash,line,delivery,คนส่ง B
T00746,2026-06-01,6,มิ.ย.,1,8,C204,WP,เวิลด์แก๊ส,15,exchange,1,1,2,-1,423,0,credit,walk_in,pickup,
T00747,2026-06-01,6,มิ.ย.,1,9,C176,PTT,ปตท.,15,exchange,1,4,4,0,1692,0,cash,phone,delivery,คนส่ง B
T00748,2026-06-01,6,มิ.ย.,1,10,C154,UNQ,ยูนิคแก๊ส,48,exchange,1,3,3,0,4050,0,transfer,phone,delivery,คนส่ง A
T00749,2026-06-01,6,มิ.ย.,1,10,C181,WP,เวิลด์แก๊ส,15,exchange,1,3,3,0,1269,0,credit,line,delivery,คนส่ง B
T00750,2026-06-01,6,มิ.ย.,1,11,C169,WP,เวิลด์แก๊ส,15,exchange,1,3,3,0,1269,0,credit,line,delivery,คนส่ง B
T00751,2026-06-01,6,มิ.ย.,1,12,C158,WP,เวิลด์แก๊ส,48,exchange,1,4,4,0,5400,0,credit,phone,delivery,คนส่ง A
T00752,2026-06-01,6,มิ.ย.,1,13,C189,WP,เวิลด์แก๊ส,48,exchange,1,2,2,0,2700,0,transfer,phone,delivery,คนส่ง B
T00753,2026-06-01,6,มิ.ย.,1,14,C199,UNQ,ยูนิคแก๊ส,15,exchange,1,1,1,0,423,0,transfer,phone,delivery,คนส่ง A
T00754,2026-06-01,6,มิ.ย.,1,14,C148,PTT,ปตท.,4,exchange,1,1,1,0,160,0,cash,line,delivery,คนส่ง B
T00755,2026-06-01,6,มิ.ย.,1,15,C003,PTT,ปตท.,4,exchange,1,1,1,0,160,0,cash,walk_in,pickup,
T00756,2026-06-01,6,มิ.ย.,1,15,C215,UNQ,ยูนิคแก๊ส,4,exchange,1,1,1,0,160,0,transfer,phone,delivery,คนส่ง A
T00757,2026-06-01,6,มิ.ย.,1,16,C188,SGP,สยามแก๊ส,15,exchange,1,1,1,0,423,0,credit,line,delivery,คนส่ง B
T00758,2026-06-01,6,มิ.ย.,1,17,C010,WP,เวิลด์แก๊ส,15,exchange,1,1,1,0,423,0,transfer,walk_in,pickup,
T00759,2026-06-01,6,มิ.ย.,1,18,C201,WP,เวิลด์แก๊ส,4,exchange,1,1,1,0,160,0,cash,phone,delivery,คนส่ง B
T00760,2026-06-02,6,มิ.ย.,2,7,C156,WP,เวิลด์แก๊ส,15,exchange,1,2,2,0,846,0,credit,walk_in,pickup,
T00761,2026-06-02,6,มิ.ย.,2,7,C184,PTT,ปตท.,48,exchange,1,4,4,0,5400,0,cash,phone,delivery,คนส่ง B
T00762,2026-06-02,6,มิ.ย.,2,7,C192,PTT,ปตท.,15,exchange,1,1,1,0,423,0,transfer,phone,delivery,คนส่ง B
T00763,2026-06-02,6,มิ.ย.,2,8,C116,SGP,สยามแก๊ส,15,exchange,1,1,1,0,423,0,transfer,line,delivery,คนส่ง A
T00764,2026-06-02,6,มิ.ย.,2,9,C202,WP,เวิลด์แก๊ส,4,new_cylinder,1,1,0,0,160,700,credit,phone,delivery,คนส่ง B
T00765,2026-06-02,6,มิ.ย.,2,9,C162,PTT,ปตท.,15,exchange,1,3,3,0,1269,0,cash,walk_in,pickup,
T00766,2026-06-02,6,มิ.ย.,2,9,C161,PTT,ปตท.,15,exchange,1,1,1,0,423,0,transfer,line,delivery,คนส่ง A
T00767,2026-06-02,6,มิ.ย.,2,10,C157,WP,เวิลด์แก๊ส,15,exchange,1,4,4,0,1692,0,transfer,phone,delivery,คนส่ง B
T00768,2026-06-02,6,มิ.ย.,2,10,C200,WP,เวิลด์แก๊ส,15,exchange,1,1,2,-1,423,0,cash,walk_in,pickup,
T00769,2026-06-02,6,มิ.ย.,2,10,C193,PTT,ปตท.,48,exchange,1,2,2,0,2700,0,credit,phone,delivery,คนส่ง B
T00770,2026-06-02,6,มิ.ย.,2,10,C174,SGP,สยามแก๊ส,48,exchange,1,3,3,0,4050,0,credit,line,delivery,คนส่ง A
T00771,2026-06-02,6,มิ.ย.,2,11,C017,PTT,ปตท.,15,exchange,1,1,1,0,423,0,transfer,phone,delivery,คนส่ง B
T00772,2026-06-02,6,มิ.ย.,2,11,C179,WP,เวิลด์แก๊ส,15,exchange,1,2,2,0,846,0,transfer,line,delivery,คนส่ง A
T00773,2026-06-02,6,มิ.ย.,2,11,C191,PTT,ปตท.,15,exchange,1,5,5,0,2115,0,credit,line,delivery,คนส่ง A
T00774,2026-06-02,6,มิ.ย.,2,13,C155,SGP,สยามแก๊ส,48,exchange,1,2,2,0,2700,0,transfer,phone,delivery,คนส่ง A
T00775,2026-06-02,6,มิ.ย.,2,14,C030,PTT,ปตท.,15,exchange,1,1,1,0,423,0,cash,walk_in,pickup,
T00776,2026-06-02,6,มิ.ย.,2,15,C177,UNQ,ยูนิคแก๊ส,48,exchange,1,3,4,-1,4050,0,credit,line,delivery,คนส่ง A
T00777,2026-06-02,6,มิ.ย.,2,16,C147,WP,เวิลด์แก๊ส,15,exchange,1,1,1,0,423,0,transfer,line,delivery,คนส่ง B
T00778,2026-06-02,6,มิ.ย.,2,16,C138,WP,เวิลด์แก๊ส,15,exchange,1,1,1,0,423,0,cash,walk_in,pickup,
T00779,2026-06-02,6,มิ.ย.,2,17,C159,WP,เวิลด์แก๊ส,15,exchange,1,5,4,1,2115,0,transfer,phone,delivery,คนส่ง A
T00780,2026-06-03,6,มิ.ย.,3,7,C117,PTT,ปตท.,4,exchange,1,1,1,0,160,0,transfer,line,delivery,คนส่ง A
T00781,2026-06-03,6,มิ.ย.,3,9,C211,WP,เวิลด์แก๊ส,4,exchange,1,1,1,0,160,0,cash,line,delivery,คนส่ง A
T00782,2026-06-03,6,มิ.ย.,3,9,C214,SGP,สยามแก๊ส,15,exchange,1,1,1,0,423,0,cash,walk_in,pickup,
T00783,2026-06-03,6,มิ.ย.,3,10,C194,PTT,ปตท.,15,exchange,1,2,2,0,846,0,credit,phone,delivery,คนส่ง A
T00784,2026-06-03,6,มิ.ย.,3,11,C210,PTT,ปตท.,4,exchange,1,1,1,0,160,0,transfer,walk_in,pickup,
T00785,2026-06-03,6,มิ.ย.,3,11,C186,UNQ,ยูนิคแก๊ส,15,exchange,1,2,1,1,846,0,credit,phone,delivery,คนส่ง A
T00786,2026-06-03,6,มิ.ย.,3,14,C220,PTT,ปตท.,15,exchange,1,1,1,0,423,0,transfer,phone,delivery,คนส่ง A
T00787,2026-06-03,6,มิ.ย.,3,14,C061,WP,เวิลด์แก๊ส,15,exchange,1,1,1,0,423,0,cash,walk_in,pickup,
T00788,2026-06-03,6,มิ.ย.,3,14,C197,WP,เวิลด์แก๊ส,15,exchange,1,1,1,0,423,0,transfer,phone,delivery,คนส่ง A
T00789,2026-06-03,6,มิ.ย.,3,17,C217,SGP,สยามแก๊ส,4,exchange,1,1,1,0,160,0,cash,line,delivery,คนส่ง B
T00790,2026-06-03,6,มิ.ย.,3,18,C175,SGP,สยามแก๊ส,15,exchange,1,2,2,0,846,0,cash,phone,delivery,คนส่ง B
T00791,2026-06-04,6,มิ.ย.,4,9,C203,PTT,ปตท.,4,exchange,1,1,1,0,160,0,transfer,phone,delivery,คนส่ง B
T00792,2026-06-04,6,มิ.ย.,4,10,C173,WP,เวิลด์แก๊ส,48,exchange,1,2,2,0,2700,0,transfer,line,delivery,คนส่ง B
T00793,2026-06-04,6,มิ.ย.,4,11,C163,UNQ,ยูนิคแก๊ส,15,exchange,1,3,3,0,1269,0,cash,line,delivery,คนส่ง A
T00794,2026-06-04,6,มิ.ย.,4,13,C205,WP,เวิลด์แก๊ส,15,exchange,1,1,1,0,423,0,transfer,line,delivery,คนส่ง A
T00795,2026-06-04,6,มิ.ย.,4,14,C160,WP,เวิลด์แก๊ส,48,exchange,1,2,3,-1,2700,0,transfer,phone,delivery,คนส่ง A
T00796,2026-06-04,6,มิ.ย.,4,15,C171,SGP,สยามแก๊ส,48,exchange,1,2,2,0,2700,0,cash,phone,delivery,คนส่ง A
T00797,2026-06-04,6,มิ.ย.,4,16,C143,UNQ,ยูนิคแก๊ส,15,exchange,1,1,1,0,423,0,transfer,phone,delivery,คนส่ง B
T00798,2026-06-04,6,มิ.ย.,4,16,C089,UNQ,ยูนิคแก๊ส,15,exchange,1,1,1,0,423,0,transfer,walk_in,pickup,
T00799,2026-06-04,6,มิ.ย.,4,17,C152,UNQ,ยูนิคแก๊ส,15,exchange,1,5,5,0,2115,0,credit,line,delivery,คนส่ง A
T00800,2026-06-05,6,มิ.ย.,5,7,C167,UNQ,ยูนิคแก๊ส,15,exchange,1,5,5,0,2115,0,cash,phone,delivery,คนส่ง B
T00801,2026-06-05,6,มิ.ย.,5,8,C187,WP,เวิลด์แก๊ส,48,exchange,1,1,1,0,1350,0,transfer,phone,delivery,คนส่ง A
T00802,2026-06-05,6,มิ.ย.,5,9,C064,PTT,ปตท.,15,exchange,1,1,1,0,423,0,cash,line,delivery,คนส่ง A
T00803,2026-06-05,6,มิ.ย.,5,10,C180,PTT,ปตท.,15,exchange,1,3,3,0,1269,0,cash,walk_in,pickup,
T00804,2026-06-05,6,มิ.ย.,5,10,C207,PTT,ปตท.,15,exchange,1,1,1,0,423,0,cash,phone,delivery,คนส่ง B
T00805,2026-06-05,6,มิ.ย.,5,10,C166,PTT,ปตท.,15,exchange,1,3,3,0,1269,0,credit,phone,delivery,คนส่ง A
T00806,2026-06-05,6,มิ.ย.,5,15,C181,WP,เวิลด์แก๊ส,15,exchange,1,3,3,0,1269,0,credit,walk_in,pickup,
T00807,2026-06-05,6,มิ.ย.,5,15,C169,WP,เวิลด์แก๊ส,15,exchange,1,3,3,0,1269,0,credit,walk_in,pickup,
T00808,2026-06-05,6,มิ.ย.,5,16,C052,WP,เวิลด์แก๊ส,15,exchange,1,1,1,0,423,0,transfer,phone,delivery,คนส่ง A
T00809,2026-06-05,6,มิ.ย.,5,16,C164,PTT,ปตท.,15,exchange,1,3,3,0,1269,0,credit,phone,delivery,คนส่ง B
T00810,2026-06-06,6,มิ.ย.,6,7,C219,PTT,ปตท.,4,exchange,1,1,1,0,160,0,transfer,phone,delivery,คนส่ง B
T00811,2026-06-06,6,มิ.ย.,6,7,C151,UNQ,ยูนิคแก๊ส,48,exchange,1,3,3,0,4050,0,cash,phone,delivery,คนส่ง B
T00812,2026-06-06,6,มิ.ย.,6,7,C095,WP,เวิลด์แก๊ส,15,exchange,1,1,1,0,423,0,transfer,line,delivery,คนส่ง A
T00813,2026-06-06,6,มิ.ย.,6,9,C015,UNQ,ยูนิคแก๊ส,15,exchange,1,1,1,0,423,0,cash,line,delivery,คนส่ง B
T00814,2026-06-06,6,มิ.ย.,6,10,C176,PTT,ปตท.,15,exchange,1,3,3,0,1269,0,cash,phone,delivery,คนส่ง A
T00815,2026-06-06,6,มิ.ย.,6,10,C195,PTT,ปตท.,15,exchange,1,4,4,0,1692,0,cash,line,delivery,คนส่ง B
T00816,2026-06-06,6,มิ.ย.,6,10,C182,WP,เวิลด์แก๊ส,15,exchange,1,2,2,0,846,0,cash,phone,delivery,คนส่ง B
T00817,2026-06-06,6,มิ.ย.,6,13,C183,UNQ,ยูนิคแก๊ส,15,exchange,1,5,5,0,2115,0,credit,walk_in,pickup,
T00818,2026-06-06,6,มิ.ย.,6,14,C149,UNQ,ยูนิคแก๊ส,15,exchange,1,1,1,0,423,0,cash,line,delivery,คนส่ง B
T00819,2026-06-06,6,มิ.ย.,6,15,C190,SGP,สยามแก๊ส,15,exchange,1,2,2,0,846,0,credit,line,delivery,คนส่ง B
T00820,2026-06-06,6,มิ.ย.,6,17,C213,WP,เวิลด์แก๊ส,4,exchange,1,1,1,0,160,0,transfer,walk_in,pickup,
T00821,2026-06-06,6,มิ.ย.,6,17,C168,WP,เวิลด์แก๊ส,48,exchange,1,2,2,0,2700,0,credit,phone,delivery,คนส่ง B
T00822,2026-06-07,6,มิ.ย.,7,8,C193,PTT,ปตท.,48,exchange,1,2,2,0,2700,0,credit,line,delivery,คนส่ง B
T00823,2026-06-07,6,มิ.ย.,7,14,C178,WP,เวิลด์แก๊ส,15,exchange,1,4,4,0,1692,0,credit,phone,delivery,คนส่ง B
T00824,2026-06-07,6,มิ.ย.,7,14,C185,WP,เวิลด์แก๊ส,15,exchange,1,2,2,0,846,0,credit,phone,delivery,คนส่ง A
T00825,2026-06-08,6,มิ.ย.,1,9,C181,WP,เวิลด์แก๊ส,15,exchange,1,2,2,0,846,0,credit,line,delivery,คนส่ง B
T00826,2026-06-08,6,มิ.ย.,1,9,C057,SGP,สยามแก๊ส,15,exchange,1,1,1,0,423,0,transfer,phone,delivery,คนส่ง A
T00827,2026-06-08,6,มิ.ย.,1,9,C159,WP,เวิลด์แก๊ส,15,exchange,1,3,4,-1,1269,0,cash,walk_in,pickup,
T00828,2026-06-08,6,มิ.ย.,1,10,C157,WP,เวิลด์แก๊ส,15,exchange,1,2,2,0,846,0,cash,line,delivery,คนส่ง A
T00829,2026-06-08,6,มิ.ย.,1,11,C196,WP,เวิลด์แก๊ส,15,exchange,1,1,1,0,423,0,cash,walk_in,pickup,
T00830,2026-06-08,6,มิ.ย.,1,11,C188,SGP,สยามแก๊ส,15,exchange,1,2,2,0,846,0,credit,phone,delivery,คนส่ง A
T00831,2026-06-08,6,มิ.ย.,1,11,C177,UNQ,ยูนิคแก๊ส,48,exchange,1,3,3,0,4050,0,credit,phone,delivery,คนส่ง B
T00832,2026-06-08,6,มิ.ย.,1,11,C200,WP,เวิลด์แก๊ส,15,exchange,1,1,1,0,423,0,cash,walk_in,pickup,
T00833,2026-06-08,6,มิ.ย.,1,12,C035,UNQ,ยูนิคแก๊ส,15,exchange,1,1,1,0,423,0,cash,phone,delivery,คนส่ง A
T00834,2026-06-08,6,มิ.ย.,1,13,C156,WP,เวิลด์แก๊ส,15,exchange,1,1,1,0,423,0,credit,walk_in,pickup,
T00835,2026-06-08,6,มิ.ย.,1,13,C158,WP,เวิลด์แก๊ส,48,exchange,1,2,2,0,2700,0,credit,line,delivery,คนส่ง A
T00836,2026-06-08,6,มิ.ย.,1,13,C165,WP,เวิลด์แก๊ส,48,new_cylinder,1,5,0,0,6750,19000,credit,line,delivery,คนส่ง B
T00837,2026-06-08,6,มิ.ย.,1,14,C194,PTT,ปตท.,15,exchange,1,4,5,-1,1692,0,credit,line,delivery,คนส่ง A
T00838,2026-06-08,6,มิ.ย.,1,15,C155,SGP,สยามแก๊ส,48,exchange,1,4,4,0,5400,0,cash,phone,delivery,คนส่ง B
T00839,2026-06-08,6,มิ.ย.,1,16,C170,UNQ,ยูนิคแก๊ส,15,exchange,1,4,4,0,1692,0,cash,line,delivery,คนส่ง A
T00840,2026-06-08,6,มิ.ย.,1,16,C153,WP,เวิลด์แก๊ส,48,exchange,1,4,4,0,5400,0,credit,line,delivery,คนส่ง B
T00841,2026-06-08,6,มิ.ย.,1,16,C201,WP,เวิลด์แก๊ส,4,exchange,1,1,1,0,160,0,cash,phone,delivery,คนส่ง B
T00842,2026-06-08,6,มิ.ย.,1,16,C162,PTT,ปตท.,15,exchange,1,4,4,0,1692,0,cash,walk_in,pickup,
T00843,2026-06-08,6,มิ.ย.,1,17,C174,SGP,สยามแก๊ส,48,exchange,1,3,3,0,4050,0,credit,line,delivery,คนส่ง A
T00844,2026-06-08,6,มิ.ย.,1,17,C218,WP,เวิลด์แก๊ส,15,exchange,1,1,1,0,423,0,cash,walk_in,pickup,
T00845,2026-06-09,6,มิ.ย.,2,7,C191,PTT,ปตท.,15,exchange,1,5,4,1,2115,0,credit,line,delivery,คนส่ง A
T00846,2026-06-09,6,มิ.ย.,2,8,C175,SGP,สยามแก๊ส,15,exchange,1,2,2,0,846,0,cash,line,delivery,คนส่ง A
T00847,2026-06-09,6,มิ.ย.,2,9,C189,WP,เวิลด์แก๊ส,48,exchange,1,2,2,0,2700,0,transfer,line,delivery,คนส่ง A
T00848,2026-06-09,6,มิ.ย.,2,10,C179,WP,เวิลด์แก๊ส,15,exchange,1,2,1,1,846,0,transfer,line,delivery,คนส่ง A
T00849,2026-06-09,6,มิ.ย.,2,10,C220,PTT,ปตท.,15,exchange,1,1,1,0,423,0,transfer,line,delivery,คนส่ง B
T00850,2026-06-09,6,มิ.ย.,2,12,C171,SGP,สยามแก๊ส,48,exchange,1,3,3,0,4050,0,cash,phone,delivery,คนส่ง B
T00851,2026-06-09,6,มิ.ย.,2,14,C018,WP,เวิลด์แก๊ส,15,exchange,1,1,1,0,423,0,cash,phone,delivery,คนส่ง A
T00852,2026-06-09,6,มิ.ย.,2,15,C154,UNQ,ยูนิคแก๊ส,48,exchange,1,4,4,0,5400,0,cash,phone,delivery,คนส่ง A
T00853,2026-06-09,6,มิ.ย.,2,15,C021,PTT,ปตท.,15,exchange,1,1,1,0,423,0,cash,phone,delivery,คนส่ง B
T00854,2026-06-09,6,มิ.ย.,2,16,C161,PTT,ปตท.,15,exchange,1,1,1,0,423,0,transfer,phone,delivery,คนส่ง B
T00855,2026-06-09,6,มิ.ย.,2,17,C049,PTT,ปตท.,15,exchange,1,1,1,0,423,0,cash,walk_in,pickup,
T00856,2026-06-10,6,มิ.ย.,3,7,C173,WP,เวิลด์แก๊ส,48,exchange,1,3,3,0,4050,0,cash,phone,delivery,คนส่ง B
T00857,2026-06-10,6,มิ.ย.,3,7,C192,PTT,ปตท.,15,exchange,1,1,1,0,423,0,transfer,walk_in,pickup,
T00858,2026-06-10,6,มิ.ย.,3,8,C210,PTT,ปตท.,4,exchange,1,1,2,-1,160,0,cash,phone,delivery,คนส่ง A
T00859,2026-06-10,6,มิ.ย.,3,9,C180,PTT,ปตท.,15,exchange,1,3,3,0,1269,0,transfer,phone,delivery,คนส่ง B
T00860,2026-06-10,6,มิ.ย.,3,9,C204,WP,เวิลด์แก๊ส,15,exchange,1,1,1,0,423,0,credit,phone,delivery,คนส่ง B
T00861,2026-06-10,6,มิ.ย.,3,11,C169,WP,เวิลด์แก๊ส,15,exchange,1,3,3,0,1269,0,credit,phone,delivery,คนส่ง A
T00862,2026-06-10,6,มิ.ย.,3,13,C216,WP,เวิลด์แก๊ส,15,exchange,1,1,1,0,423,0,transfer,phone,delivery,คนส่ง B
T00863,2026-06-10,6,มิ.ย.,3,14,C186,UNQ,ยูนิคแก๊ส,15,exchange,1,1,2,-1,423,0,credit,line,delivery,คนส่ง B
T00864,2026-06-10,6,มิ.ย.,3,17,C198,SGP,สยามแก๊ส,4,exchange,1,1,1,0,160,0,transfer,phone,delivery,คนส่ง A
T00865,2026-06-10,6,มิ.ย.,3,17,C184,PTT,ปตท.,48,exchange,1,4,4,0,5400,0,cash,walk_in,pickup,
T00866,2026-06-11,6,มิ.ย.,4,7,C203,PTT,ปตท.,4,exchange,1,1,1,0,160,0,cash,phone,delivery,คนส่ง B
T00867,2026-06-11,6,มิ.ย.,4,8,C151,UNQ,ยูนิคแก๊ส,48,exchange,1,3,3,0,4050,0,cash,phone,delivery,คนส่ง A
T00868,2026-06-11,6,มิ.ย.,4,9,C012,WP,เวิลด์แก๊ส,15,exchange,1,1,1,0,423,0,cash,phone,delivery,คนส่ง B
T00869,2026-06-11,6,มิ.ย.,4,9,C164,PTT,ปตท.,15,exchange,1,3,3,0,1269,0,credit,phone,delivery,คนส่ง A
T00870,2026-06-11,6,มิ.ย.,4,9,C215,UNQ,ยูนิคแก๊ส,4,exchange,1,1,1,0,160,0,transfer,walk_in,pickup,
T00871,2026-06-11,6,มิ.ย.,4,9,C187,WP,เวิลด์แก๊ส,48,exchange,1,2,3,-1,2700,0,transfer,line,delivery,คนส่ง A
T00872,2026-06-11,6,มิ.ย.,4,10,C167,UNQ,ยูนิคแก๊ส,15,exchange,1,5,5,0,2115,0,transfer,phone,delivery,คนส่ง B
T00873,2026-06-11,6,มิ.ย.,4,11,C163,UNQ,ยูนิคแก๊ส,15,exchange,1,3,3,0,1269,0,transfer,phone,delivery,คนส่ง B
T00874,2026-06-11,6,มิ.ย.,4,12,C190,SGP,สยามแก๊ส,15,exchange,1,2,2,0,846,0,credit,line,delivery,คนส่ง A
T00875,2026-06-11,6,มิ.ย.,4,13,C088,PTT,ปตท.,15,return_cylinder,0,0,2,0,0,-2600,cash,walk_in,pickup,
T00876,2026-06-11,6,มิ.ย.,4,15,C102,PTT,ปตท.,4,exchange,1,1,1,0,160,0,transfer,line,delivery,คนส่ง A
T00877,2026-06-11,6,มิ.ย.,4,16,C166,PTT,ปตท.,15,exchange,1,2,2,0,846,0,credit,line,delivery,คนส่ง A
T00878,2026-06-11,6,มิ.ย.,4,16,C014,WP,เวิลด์แก๊ส,15,exchange,1,1,1,0,423,0,transfer,phone,delivery,คนส่ง A
T00879,2026-06-11,6,มิ.ย.,4,18,C054,UNQ,ยูนิคแก๊ส,4,exchange,1,1,1,0,160,0,cash,walk_in,pickup,
T00880,2026-06-12,6,มิ.ย.,5,9,C208,WP,เวิลด์แก๊ส,15,exchange,1,1,1,0,423,0,transfer,phone,delivery,คนส่ง A
T00881,2026-06-12,6,มิ.ย.,5,9,C211,WP,เวิลด์แก๊ส,4,exchange,1,1,1,0,160,0,cash,walk_in,pickup,
T00882,2026-06-12,6,มิ.ย.,5,9,C176,PTT,ปตท.,15,exchange,1,3,3,0,1269,0,transfer,phone,delivery,คนส่ง A
T00883,2026-06-12,6,มิ.ย.,5,10,C168,WP,เวิลด์แก๊ส,48,exchange,1,5,5,0,6750,0,credit,phone,delivery,คนส่ง A
T00884,2026-06-12,6,มิ.ย.,5,11,C193,PTT,ปตท.,48,exchange,1,2,2,0,2700,0,credit,phone,delivery,คนส่ง B
T00885,2026-06-12,6,มิ.ย.,5,12,C028,PTT,ปตท.,4,exchange,1,1,1,0,160,0,transfer,line,delivery,คนส่ง B
T00886,2026-06-12,6,มิ.ย.,5,14,C040,UNQ,ยูนิคแก๊ส,15,new_cylinder,1,1,0,0,423,1300,cash,phone,delivery,คนส่ง A
T00887,2026-06-12,6,มิ.ย.,5,15,C160,WP,เวิลด์แก๊ส,48,exchange,1,3,3,0,4050,0,cash,walk_in,pickup,
T00888,2026-06-12,6,มิ.ย.,5,16,C152,UNQ,ยูนิคแก๊ส,15,exchange,1,3,3,0,1269,0,credit,line,delivery,คนส่ง B
T00889,2026-06-12,6,มิ.ย.,5,16,C188,SGP,สยามแก๊ส,15,exchange,1,3,2,1,1269,0,credit,phone,delivery,คนส่ง B
T00890,2026-06-12,6,มิ.ย.,5,16,C074,PTT,ปตท.,15,exchange,1,1,1,0,423,0,cash,walk_in,pickup,
T00891,2026-06-12,6,มิ.ย.,5,16,C182,WP,เวิลด์แก๊ส,15,exchange,1,2,2,0,846,0,transfer,line,delivery,คนส่ง A
T00892,2026-06-12,6,มิ.ย.,5,17,C056,WP,เวิลด์แก๊ส,15,exchange,1,1,0,1,423,0,transfer,walk_in,pickup,
T00893,2026-06-13,6,มิ.ย.,6,9,C195,PTT,ปตท.,15,exchange,1,3,3,0,1269,0,cash,phone,delivery,คนส่ง B
T00894,2026-06-13,6,มิ.ย.,6,10,C157,WP,เวิลด์แก๊ส,15,exchange,1,3,3,0,1269,0,cash,phone,delivery,คนส่ง A
T00895,2026-06-13,6,มิ.ย.,6,11,C159,WP,เวิลด์แก๊ส,15,exchange,1,1,1,0,423,0,transfer,walk_in,pickup,
T00896,2026-06-13,6,มิ.ย.,6,13,C202,WP,เวิลด์แก๊ส,4,exchange,1,1,1,0,160,0,credit,walk_in,pickup,
T00897,2026-06-13,6,มิ.ย.,6,13,C199,UNQ,ยูนิคแก๊ส,15,exchange,1,1,0,1,423,0,cash,line,delivery,คนส่ง B
T00898,2026-06-13,6,มิ.ย.,6,13,C185,WP,เวิลด์แก๊ส,15,exchange,1,1,1,0,423,0,credit,line,delivery,คนส่ง A
T00899,2026-06-13,6,มิ.ย.,6,14,C177,UNQ,ยูนิคแก๊ส,48,exchange,1,2,2,0,2700,0,credit,phone,delivery,คนส่ง B
T00900,2026-06-13,6,มิ.ย.,6,15,C013,PTT,ปตท.,15,exchange,1,1,1,0,423,0,transfer,line,delivery,คนส่ง B
T00901,2026-06-13,6,มิ.ย.,6,16,C153,WP,เวิลด์แก๊ส,48,exchange,1,4,4,0,5400,0,credit,phone,delivery,คนส่ง B
T00902,2026-06-13,6,มิ.ย.,6,17,C154,UNQ,ยูนิคแก๊ส,48,exchange,1,3,3,0,4050,0,transfer,walk_in,pickup,
T00903,2026-06-13,6,มิ.ย.,6,17,C197,WP,เวิลด์แก๊ส,15,exchange,1,1,1,0,423,0,cash,phone,delivery,คนส่ง B
T00904,2026-06-14,6,มิ.ย.,7,8,C001,SGP,สยามแก๊ส,15,exchange,1,1,1,0,423,0,transfer,phone,delivery,คนส่ง A
T00905,2026-06-14,6,มิ.ย.,7,9,C205,WP,เวิลด์แก๊ส,15,exchange,1,1,1,0,423,0,cash,line,delivery,คนส่ง A
T00906,2026-06-14,6,มิ.ย.,7,11,C170,UNQ,ยูนิคแก๊ส,15,exchange,1,3,3,0,1269,0,cash,phone,delivery,คนส่ง A
T00907,2026-06-14,6,มิ.ย.,7,12,C194,PTT,ปตท.,15,exchange,1,3,3,0,1269,0,credit,phone,delivery,คนส่ง B
T00908,2026-06-15,6,มิ.ย.,1,7,C145,PTT,ปตท.,15,exchange,1,1,1,0,423,0,cash,phone,delivery,คนส่ง B
T00909,2026-06-15,6,มิ.ย.,1,8,C181,WP,เวิลด์แก๊ส,15,exchange,1,1,0,1,423,0,credit,walk_in,pickup,
T00910,2026-06-15,6,มิ.ย.,1,8,C183,UNQ,ยูนิคแก๊ส,15,exchange,1,3,3,0,1269,0,credit,phone,delivery,คนส่ง A
T00911,2026-06-15,6,มิ.ย.,1,9,C158,WP,เวิลด์แก๊ส,48,exchange,1,4,4,0,5400,0,credit,phone,delivery,คนส่ง B
T00912,2026-06-15,6,มิ.ย.,1,9,C192,PTT,ปตท.,15,exchange,1,1,0,1,423,0,cash,line,delivery,คนส่ง A
T00913,2026-06-15,6,มิ.ย.,1,11,C218,WP,เวิลด์แก๊ส,15,exchange,1,1,1,0,423,0,cash,phone,delivery,คนส่ง A
T00914,2026-06-15,6,มิ.ย.,1,11,C169,WP,เวิลด์แก๊ส,15,exchange,1,3,3,0,1269,0,credit,walk_in,pickup,
T00915,2026-06-15,6,มิ.ย.,1,11,C039,PTT,ปตท.,15,exchange,1,1,1,0,423,0,cash,line,delivery,คนส่ง A
T00916,2026-06-15,6,มิ.ย.,1,11,C207,PTT,ปตท.,15,exchange,1,1,1,0,423,0,cash,phone,delivery,คนส่ง B
T00917,2026-06-15,6,มิ.ย.,1,11,C179,WP,เวิลด์แก๊ส,15,exchange,1,2,2,0,846,0,transfer,walk_in,pickup,
T00918,2026-06-15,6,มิ.ย.,1,11,C150,UNQ,ยูนิคแก๊ส,15,exchange,1,1,1,0,423,0,transfer,phone,delivery,คนส่ง A
T00919,2026-06-15,6,มิ.ย.,1,12,C217,SGP,สยามแก๊ส,4,exchange,1,1,1,0,160,0,transfer,walk_in,pickup,
T00920,2026-06-15,6,มิ.ย.,1,12,C174,SGP,สยามแก๊ส,48,exchange,1,3,3,0,4050,0,credit,walk_in,pickup,
T00921,2026-06-15,6,มิ.ย.,1,15,C166,PTT,ปตท.,15,exchange,1,2,2,0,846,0,credit,phone,delivery,คนส่ง B
T00922,2026-06-15,6,มิ.ย.,1,16,C219,PTT,ปตท.,4,exchange,1,1,1,0,160,0,cash,phone,delivery,คนส่ง B
T00923,2026-06-15,6,มิ.ย.,1,16,C155,SGP,สยามแก๊ส,48,exchange,1,2,2,0,2700,0,cash,phone,delivery,คนส่ง A
T00924,2026-06-15,6,มิ.ย.,1,16,C162,PTT,ปตท.,15,exchange,1,4,4,0,1692,0,cash,line,delivery,คนส่ง B
T00925,2026-06-15,6,มิ.ย.,1,16,C184,PTT,ปตท.,48,exchange,1,5,5,0,6750,0,cash,phone,delivery,คนส่ง B
T00926,2026-06-15,6,มิ.ย.,1,16,C156,WP,เวิลด์แก๊ส,15,exchange,1,2,2,0,846,0,credit,walk_in,pickup,
T00927,2026-06-15,6,มิ.ย.,1,16,C192,PTT,ปตท.,15,new_cylinder,1,1,0,0,423,1300,cash,phone,delivery,คนส่ง A
T00928,2026-06-15,6,มิ.ย.,1,17,C171,SGP,สยามแก๊ส,48,exchange,1,3,3,0,4050,0,transfer,line,delivery,คนส่ง B
T00929,2026-06-15,6,มิ.ย.,1,17,C178,WP,เวิลด์แก๊ส,15,exchange,1,2,2,0,846,0,credit,walk_in,pickup,
T00930,2026-06-15,6,มิ.ย.,1,18,C175,SGP,สยามแก๊ส,15,exchange,1,2,2,0,846,0,cash,phone,delivery,คนส่ง B
T00931,2026-06-16,6,มิ.ย.,2,8,C151,UNQ,ยูนิคแก๊ส,48,exchange,1,3,3,0,4050,0,cash,line,delivery,คนส่ง B
T00932,2026-06-16,6,มิ.ย.,2,8,C125,WP,เวิลด์แก๊ส,15,exchange,1,1,1,0,423,0,transfer,walk_in,pickup,
T00933,2026-06-16,6,มิ.ย.,2,9,C004,SGP,สยามแก๊ส,15,exchange,1,1,1,0,423,0,transfer,walk_in,pickup,
T00934,2026-06-16,6,มิ.ย.,2,11,C026,WP,เวิลด์แก๊ส,15,exchange,1,1,1,0,423,0,transfer,line,delivery,คนส่ง B
T00935,2026-06-16,6,มิ.ย.,2,11,C168,WP,เวิลด์แก๊ส,48,exchange,1,5,5,0,6750,0,credit,line,delivery,คนส่ง A
T00936,2026-06-16,6,มิ.ย.,2,11,C139,WP,เวิลด์แก๊ส,15,exchange,1,1,1,0,423,0,cash,phone,delivery,คนส่ง B
T00937,2026-06-16,6,มิ.ย.,2,13,C214,SGP,สยามแก๊ส,15,exchange,1,1,0,1,423,0,transfer,phone,delivery,คนส่ง A
T00938,2026-06-16,6,มิ.ย.,2,15,C186,UNQ,ยูนิคแก๊ส,15,exchange,1,2,2,0,846,0,credit,line,delivery,คนส่ง A
T00939,2026-06-16,6,มิ.ย.,2,15,C189,WP,เวิลด์แก๊ส,48,exchange,1,2,1,1,2700,0,transfer,phone,delivery,คนส่ง A
T00940,2026-06-16,6,มิ.ย.,2,15,C011,WP,เวิลด์แก๊ส,15,exchange,1,1,1,0,423,0,cash,line,delivery,คนส่ง B
T00941,2026-06-16,6,มิ.ย.,2,16,C002,SGP,สยามแก๊ส,15,exchange,1,1,0,1,423,0,cash,phone,delivery,คนส่ง A
T00942,2026-06-16,6,มิ.ย.,2,16,C187,WP,เวิลด์แก๊ส,48,exchange,1,2,2,0,2700,0,transfer,phone,delivery,คนส่ง B
T00943,2026-06-16,6,มิ.ย.,2,17,C165,WP,เวิลด์แก๊ส,48,exchange,1,3,3,0,4050,0,credit,line,delivery,คนส่ง B
T00944,2026-06-17,6,มิ.ย.,3,7,C213,WP,เวิลด์แก๊ส,4,exchange,1,1,1,0,160,0,cash,line,delivery,คนส่ง A
T00945,2026-06-17,6,มิ.ย.,3,7,C190,SGP,สยามแก๊ส,15,exchange,1,2,2,0,846,0,credit,phone,delivery,คนส่ง A
T00946,2026-06-17,6,มิ.ย.,3,7,C204,WP,เวิลด์แก๊ส,15,exchange,1,1,1,0,423,0,credit,phone,delivery,คนส่ง A
T00947,2026-06-17,6,มิ.ย.,3,9,C220,PTT,ปตท.,15,exchange,1,1,1,0,423,0,cash,phone,delivery,คนส่ง B
T00948,2026-06-17,6,มิ.ย.,3,10,C191,PTT,ปตท.,15,exchange,1,2,3,-1,846,0,credit,phone,delivery,คนส่ง B
T00949,2026-06-17,6,มิ.ย.,3,10,C131,SGP,สยามแก๊ส,15,exchange,1,1,1,0,423,0,transfer,line,delivery,คนส่ง A
T00950,2026-06-17,6,มิ.ย.,3,10,C173,WP,เวิลด์แก๊ส,48,exchange,1,3,3,0,4050,0,cash,line,delivery,คนส่ง A
T00951,2026-06-17,6,มิ.ย.,3,14,C161,PTT,ปตท.,15,exchange,1,1,1,0,423,0,cash,walk_in,pickup,
T00952,2026-06-17,6,มิ.ย.,3,16,C112,WP,เวิลด์แก๊ส,15,exchange,1,1,1,0,423,0,transfer,walk_in,pickup,
T00953,2026-06-17,6,มิ.ย.,3,16,C185,WP,เวิลด์แก๊ส,15,exchange,1,2,2,0,846,0,credit,phone,delivery,คนส่ง B
T00954,2026-06-18,6,มิ.ย.,4,7,C082,UNQ,ยูนิคแก๊ส,15,exchange,1,1,1,0,423,0,cash,phone,delivery,คนส่ง A
T00955,2026-06-18,6,มิ.ย.,4,9,C193,PTT,ปตท.,48,exchange,1,2,2,0,2700,0,credit,phone,delivery,คนส่ง A
T00956,2026-06-18,6,มิ.ย.,4,9,C188,SGP,สยามแก๊ส,15,exchange,1,2,3,-1,846,0,credit,walk_in,pickup,
T00957,2026-06-18,6,มิ.ย.,4,9,C167,UNQ,ยูนิคแก๊ส,15,exchange,1,2,2,0,846,0,cash,phone,delivery,คนส่ง B
T00958,2026-06-18,6,มิ.ย.,4,9,C164,PTT,ปตท.,15,exchange,1,2,2,0,846,0,credit,line,delivery,คนส่ง A
T00959,2026-06-18,6,มิ.ย.,4,11,C152,UNQ,ยูนิคแก๊ส,15,exchange,1,4,4,0,1692,0,credit,phone,delivery,คนส่ง B
T00960,2026-06-18,6,มิ.ย.,4,11,C199,UNQ,ยูนิคแก๊ส,15,exchange,1,1,3,-2,423,0,cash,phone,delivery,คนส่ง A
T00961,2026-06-18,6,มิ.ย.,4,11,C180,PTT,ปตท.,15,exchange,1,6,6,0,2538,0,cash,phone,delivery,คนส่ง B
T00962,2026-06-18,6,มิ.ย.,4,12,C200,WP,เวิลด์แก๊ส,15,exchange,1,1,1,0,423,0,transfer,walk_in,pickup,
T00963,2026-06-18,6,มิ.ย.,4,15,C195,PTT,ปตท.,15,exchange,1,5,5,0,2115,0,transfer,walk_in,pickup,
T00964,2026-06-18,6,มิ.ย.,4,15,C031,WP,เวิลด์แก๊ส,15,new_cylinder,1,1,0,0,423,1300,transfer,walk_in,pickup,
T00965,2026-06-18,6,มิ.ย.,4,15,C201,WP,เวิลด์แก๊ส,4,exchange,1,1,1,0,160,0,transfer,phone,delivery,คนส่ง B
T00966,2026-06-18,6,มิ.ย.,4,16,C159,WP,เวิลด์แก๊ส,15,exchange,1,3,3,0,1269,0,cash,phone,delivery,คนส่ง B
T00967,2026-06-18,6,มิ.ย.,4,16,C192,PTT,ปตท.,15,exchange,1,2,3,-1,846,0,transfer,walk_in,pickup,
T00968,2026-06-19,6,มิ.ย.,5,8,C182,WP,เวิลด์แก๊ส,15,exchange,1,1,1,0,423,0,cash,phone,delivery,คนส่ง A
T00969,2026-06-19,6,มิ.ย.,5,10,C208,WP,เวิลด์แก๊ส,15,exchange,1,1,2,-1,423,0,transfer,phone,delivery,คนส่ง A
T00970,2026-06-19,6,มิ.ย.,5,10,C104,UNQ,ยูนิคแก๊ส,15,exchange,1,1,1,0,423,0,cash,line,delivery,คนส่ง B
T00971,2026-06-19,6,มิ.ย.,5,10,C006,PTT,ปตท.,15,exchange,1,1,1,0,423,0,cash,walk_in,pickup,
T00972,2026-06-19,6,มิ.ย.,5,11,C176,PTT,ปตท.,15,exchange,1,3,3,0,1269,0,cash,phone,delivery,คนส่ง B
T00973,2026-06-19,6,มิ.ย.,5,11,C037,WP,เวิลด์แก๊ส,15,exchange,1,1,1,0,423,0,cash,phone,delivery,คนส่ง A
T00974,2026-06-19,6,มิ.ย.,5,11,C176,PTT,ปตท.,15,new_cylinder,1,1,0,0,423,1300,transfer,phone,delivery,คนส่ง B
T00975,2026-06-19,6,มิ.ย.,5,13,C065,SGP,สยามแก๊ส,15,exchange,1,1,1,0,423,0,cash,walk_in,pickup,
T00976,2026-06-19,6,มิ.ย.,5,15,C141,SGP,สยามแก๊ส,15,exchange,1,1,1,0,423,0,cash,walk_in,pickup,
T00977,2026-06-19,6,มิ.ย.,5,16,C210,PTT,ปตท.,4,exchange,1,1,1,0,160,0,transfer,walk_in,pickup,
T00978,2026-06-19,6,มิ.ย.,5,17,C163,UNQ,ยูนิคแก๊ส,15,exchange,1,3,3,0,1269,0,transfer,phone,delivery,คนส่ง B
T00979,2026-06-20,6,มิ.ย.,6,7,C154,UNQ,ยูนิคแก๊ส,48,exchange,1,4,3,1,5400,0,cash,phone,delivery,คนส่ง A
T00980,2026-06-20,6,มิ.ย.,6,8,C205,WP,เวิลด์แก๊ส,15,exchange,1,1,1,0,423,0,cash,phone,delivery,คนส่ง A
T00981,2026-06-20,6,มิ.ย.,6,9,C189,WP,เวิลด์แก๊ส,48,exchange,1,2,2,0,2700,0,cash,phone,delivery,คนส่ง A
T00982,2026-06-20,6,มิ.ย.,6,9,C171,SGP,สยามแก๊ส,48,exchange,1,2,2,0,2700,0,transfer,walk_in,pickup,
T00983,2026-06-20,6,มิ.ย.,6,10,C177,UNQ,ยูนิคแก๊ส,48,exchange,1,2,2,0,2700,0,credit,phone,delivery,คนส่ง A
T00984,2026-06-20,6,มิ.ย.,6,10,C183,UNQ,ยูนิคแก๊ส,15,exchange,1,3,3,0,1269,0,credit,walk_in,pickup,
T00985,2026-06-20,6,มิ.ย.,6,11,C160,WP,เวิลด์แก๊ส,48,exchange,1,3,3,0,4050,0,transfer,phone,delivery,คนส่ง B
T00986,2026-06-20,6,มิ.ย.,6,11,C175,SGP,สยามแก๊ส,15,exchange,1,3,3,0,1269,0,cash,phone,delivery,คนส่ง A
T00987,2026-06-20,6,มิ.ย.,6,14,C179,WP,เวิลด์แก๊ส,15,exchange,1,1,2,-1,423,0,cash,phone,delivery,คนส่ง B
T00988,2026-06-20,6,มิ.ย.,6,16,C158,WP,เวิลด์แก๊ส,48,exchange,1,4,4,0,5400,0,credit,phone,delivery,คนส่ง A
T00989,2026-06-20,6,มิ.ย.,6,16,C184,PTT,ปตท.,48,exchange,1,4,4,0,5400,0,transfer,walk_in,pickup,
T00990,2026-06-20,6,มิ.ย.,6,16,C153,WP,เวิลด์แก๊ส,48,exchange,1,4,4,0,5400,0,credit,line,delivery,คนส่ง B
T00991,2026-06-20,6,มิ.ย.,6,17,C156,WP,เวิลด์แก๊ส,15,exchange,1,2,2,0,846,0,credit,line,delivery,คนส่ง A
T00992,2026-06-21,6,มิ.ย.,7,10,C216,WP,เวิลด์แก๊ส,15,exchange,1,1,1,0,423,0,transfer,line,delivery,คนส่ง A
T00993,2026-06-21,6,มิ.ย.,7,12,C215,UNQ,ยูนิคแก๊ส,4,exchange,1,1,1,0,160,0,transfer,phone,delivery,คนส่ง A
T00994,2026-06-21,6,มิ.ย.,7,12,C155,SGP,สยามแก๊ส,48,exchange,1,5,5,0,6750,0,transfer,phone,delivery,คนส่ง A
T00995,2026-06-21,6,มิ.ย.,7,15,C186,UNQ,ยูนิคแก๊ส,15,exchange,1,2,2,0,846,0,credit,phone,delivery,คนส่ง B
T00996,2026-06-21,6,มิ.ย.,7,15,C157,WP,เวิลด์แก๊ส,15,exchange,1,3,3,0,1269,0,cash,phone,delivery,คนส่ง A
T00997,2026-06-21,6,มิ.ย.,7,17,C166,PTT,ปตท.,15,exchange,1,2,2,0,846,0,credit,line,delivery,คนส่ง A
T00998,2026-06-21,6,มิ.ย.,7,17,C211,WP,เวิลด์แก๊ส,4,exchange,1,1,1,0,160,0,cash,phone,delivery,คนส่ง A
T00999,2026-06-22,6,มิ.ย.,1,7,C174,SGP,สยามแก๊ส,48,exchange,1,3,3,0,4050,0,credit,line,delivery,คนส่ง A
T01000,2026-06-22,6,มิ.ย.,1,7,C159,WP,เวิลด์แก๊ส,15,exchange,1,4,4,0,1692,0,transfer,line,delivery,คนส่ง B
T01001,2026-06-22,6,มิ.ย.,1,8,C062,WP,เวิลด์แก๊ส,15,exchange,1,1,1,0,423,0,cash,line,delivery,คนส่ง B
T01002,2026-06-22,6,มิ.ย.,1,8,C203,PTT,ปตท.,4,exchange,1,1,1,0,160,0,transfer,phone,delivery,คนส่ง A
T01003,2026-06-22,6,มิ.ย.,1,9,C162,PTT,ปตท.,15,exchange,1,3,3,0,1269,0,transfer,walk_in,pickup,
T01004,2026-06-22,6,มิ.ย.,1,10,C132,WP,เวิลด์แก๊ส,15,exchange,1,1,1,0,423,0,transfer,phone,delivery,คนส่ง B
T01005,2026-06-22,6,มิ.ย.,1,10,C191,PTT,ปตท.,15,exchange,1,3,3,0,1269,0,credit,line,delivery,คนส่ง A
T01006,2026-06-22,6,มิ.ย.,1,11,C198,SGP,สยามแก๊ส,4,exchange,1,1,1,0,160,0,transfer,phone,delivery,คนส่ง A
T01007,2026-06-22,6,มิ.ย.,1,11,C170,UNQ,ยูนิคแก๊ส,15,exchange,1,4,4,0,1692,0,transfer,line,delivery,คนส่ง A
T01008,2026-06-22,6,มิ.ย.,1,11,C194,PTT,ปตท.,15,exchange,1,3,3,0,1269,0,credit,phone,delivery,คนส่ง A
T01009,2026-06-22,6,มิ.ย.,1,13,C007,SGP,สยามแก๊ส,15,exchange,1,1,1,0,423,0,transfer,phone,delivery,คนส่ง B
T01010,2026-06-22,6,มิ.ย.,1,14,C181,WP,เวิลด์แก๊ส,15,exchange,1,3,3,0,1269,0,credit,phone,delivery,คนส่ง B
T01011,2026-06-22,6,มิ.ย.,1,15,C178,WP,เวิลด์แก๊ส,15,exchange,1,4,3,1,1692,0,credit,phone,delivery,คนส่ง B
T01012,2026-06-22,6,มิ.ย.,1,15,C173,WP,เวิลด์แก๊ส,48,exchange,1,1,1,0,1350,0,transfer,walk_in,pickup,
T01013,2026-06-22,6,มิ.ย.,1,15,C192,PTT,ปตท.,15,exchange,1,2,2,0,846,0,transfer,line,delivery,คนส่ง A
T01014,2026-06-22,6,มิ.ย.,1,16,C033,UNQ,ยูนิคแก๊ส,15,exchange,1,1,1,0,423,0,transfer,phone,delivery,คนส่ง A
T01015,2026-06-22,6,มิ.ย.,1,16,C187,WP,เวิลด์แก๊ส,48,exchange,1,1,1,0,1350,0,transfer,walk_in,pickup,
T01016,2026-06-22,6,มิ.ย.,1,17,C196,WP,เวิลด์แก๊ส,15,exchange,1,1,1,0,423,0,cash,walk_in,pickup,
T01017,2026-06-23,6,มิ.ย.,2,7,C135,PTT,ปตท.,15,exchange,1,1,1,0,423,0,transfer,phone,delivery,คนส่ง B
T01018,2026-06-23,6,มิ.ย.,2,7,C046,WP,เวิลด์แก๊ส,15,exchange,1,1,1,0,423,0,cash,phone,delivery,คนส่ง B
T01019,2026-06-23,6,มิ.ย.,2,8,C168,WP,เวิลด์แก๊ส,48,exchange,1,4,4,0,5400,0,credit,phone,delivery,คนส่ง A
T01020,2026-06-23,6,มิ.ย.,2,9,C217,SGP,สยามแก๊ส,4,exchange,1,1,1,0,160,0,cash,phone,delivery,คนส่ง A
T01021,2026-06-23,6,มิ.ย.,2,10,C175,SGP,สยามแก๊ส,15,exchange,1,3,3,0,1269,0,cash,phone,delivery,คนส่ง A
T01022,2026-06-23,6,มิ.ย.,2,10,C185,WP,เวิลด์แก๊ส,15,exchange,1,2,2,0,846,0,credit,line,delivery,คนส่ง B
T01023,2026-06-23,6,มิ.ย.,2,10,C164,PTT,ปตท.,15,exchange,1,3,3,0,1269,0,credit,phone,delivery,คนส่ง B
T01024,2026-06-23,6,มิ.ย.,2,11,C036,WP,เวิลด์แก๊ส,15,exchange,1,1,1,0,423,0,transfer,phone,delivery,คนส่ง A
T01025,2026-06-23,6,มิ.ย.,2,14,C050,SGP,สยามแก๊ส,15,exchange,1,1,1,0,423,0,cash,line,delivery,คนส่ง B
T01026,2026-06-23,6,มิ.ย.,2,15,C109,WP,เวิลด์แก๊ส,15,exchange,1,1,1,0,423,0,cash,line,delivery,คนส่ง A
T01027,2026-06-23,6,มิ.ย.,2,15,C202,WP,เวิลด์แก๊ส,4,exchange,1,1,1,0,160,0,credit,walk_in,pickup,
T01028,2026-06-23,6,มิ.ย.,2,16,C195,PTT,ปตท.,15,exchange,1,3,3,0,1269,0,transfer,line,delivery,คนส่ง B
T01029,2026-06-23,6,มิ.ย.,2,16,C218,WP,เวิลด์แก๊ส,15,exchange,1,1,1,0,423,0,transfer,phone,delivery,คนส่ง A
T01030,2026-06-23,6,มิ.ย.,2,17,C151,UNQ,ยูนิคแก๊ส,48,exchange,1,4,4,0,5400,0,cash,phone,delivery,คนส่ง A
T01031,2026-06-24,6,มิ.ย.,3,10,C167,UNQ,ยูนิคแก๊ส,15,exchange,1,4,4,0,1692,0,transfer,walk_in,pickup,
T01032,2026-06-24,6,มิ.ย.,3,10,C180,PTT,ปตท.,15,exchange,1,5,5,0,2115,0,transfer,walk_in,pickup,
T01033,2026-06-24,6,มิ.ย.,3,11,C152,UNQ,ยูนิคแก๊ส,15,exchange,1,4,3,1,1692,0,credit,phone,delivery,คนส่ง B
T01034,2026-06-24,6,มิ.ย.,3,12,C166,PTT,ปตท.,15,exchange,1,3,3,0,1269,0,credit,phone,delivery,คนส่ง B
T01035,2026-06-24,6,มิ.ย.,3,12,C048,UNQ,ยูนิคแก๊ส,15,exchange,1,1,1,0,423,0,cash,walk_in,pickup,
T01036,2026-06-24,6,มิ.ย.,3,13,C165,WP,เวิลด์แก๊ส,48,exchange,1,2,2,0,2700,0,credit,walk_in,pickup,
T01037,2026-06-24,6,มิ.ย.,3,14,C213,WP,เวิลด์แก๊ส,4,exchange,1,1,1,0,160,0,transfer,walk_in,pickup,
T01038,2026-06-24,6,มิ.ย.,3,14,C171,SGP,สยามแก๊ส,48,exchange,1,2,2,0,2700,0,transfer,phone,delivery,คนส่ง B
T01039,2026-06-24,6,มิ.ย.,3,15,C190,SGP,สยามแก๊ส,15,exchange,1,2,2,0,846,0,credit,phone,delivery,คนส่ง B
T01040,2026-06-24,6,มิ.ย.,3,16,C219,PTT,ปตท.,4,exchange,1,1,1,0,160,0,cash,phone,delivery,คนส่ง A
T01041,2026-06-24,6,มิ.ย.,3,16,C136,PTT,ปตท.,15,exchange,1,1,1,0,423,0,transfer,walk_in,pickup,
T01042,2026-06-24,6,มิ.ย.,3,16,C207,PTT,ปตท.,15,exchange,1,1,1,0,423,0,cash,phone,delivery,คนส่ง B
T01043,2026-06-24,6,มิ.ย.,3,16,C193,PTT,ปตท.,48,exchange,1,1,0,1,1350,0,credit,line,delivery,คนส่ง A
T01044,2026-06-24,6,มิ.ย.,3,16,C060,SGP,สยามแก๊ส,15,exchange,1,1,1,0,423,0,cash,walk_in,pickup,
T01045,2026-06-24,6,มิ.ย.,3,17,C171,SGP,สยามแก๊ส,48,new_cylinder,1,1,0,0,1350,3800,cash,walk_in,pickup,
T01046,2026-06-25,6,มิ.ย.,4,8,C200,WP,เวิลด์แก๊ส,15,exchange,1,1,1,0,423,0,transfer,walk_in,pickup,
T01047,2026-06-25,6,มิ.ย.,4,8,C210,PTT,ปตท.,4,exchange,1,1,1,0,160,0,cash,line,delivery,คนส่ง B
T01048,2026-06-25,6,มิ.ย.,4,9,C115,PTT,ปตท.,15,exchange,1,1,1,0,423,0,cash,walk_in,pickup,
T01049,2026-06-25,6,มิ.ย.,4,10,C177,UNQ,ยูนิคแก๊ส,48,exchange,1,4,4,0,5400,0,credit,phone,delivery,คนส่ง A
T01050,2026-06-25,6,มิ.ย.,4,10,C073,PTT,ปตท.,15,exchange,1,1,1,0,423,0,cash,phone,delivery,คนส่ง B
T01051,2026-06-25,6,มิ.ย.,4,10,C107,UNQ,ยูนิคแก๊ส,15,exchange,1,1,1,0,423,0,cash,phone,delivery,คนส่ง A
T01052,2026-06-25,6,มิ.ย.,4,11,C186,UNQ,ยูนิคแก๊ส,15,exchange,1,2,2,0,846,0,credit,walk_in,pickup,
T01053,2026-06-25,6,มิ.ย.,4,11,C156,WP,เวิลด์แก๊ส,15,exchange,1,1,0,1,423,0,credit,phone,delivery,คนส่ง A
T01054,2026-06-25,6,มิ.ย.,4,11,C163,UNQ,ยูนิคแก๊ส,15,exchange,1,3,3,0,1269,0,transfer,phone,delivery,คนส่ง A
T01055,2026-06-25,6,มิ.ย.,4,12,C154,UNQ,ยูนิคแก๊ส,48,exchange,1,2,2,0,2700,0,transfer,walk_in,pickup,
T01056,2026-06-25,6,มิ.ย.,4,13,C097,WP,เวิลด์แก๊ส,15,exchange,1,1,1,0,423,0,transfer,phone,delivery,คนส่ง B
T01057,2026-06-25,6,มิ.ย.,4,14,C123,WP,เวิลด์แก๊ส,15,exchange,1,1,1,0,423,0,cash,phone,delivery,คนส่ง A
T01058,2026-06-25,6,มิ.ย.,4,14,C161,PTT,ปตท.,15,exchange,1,2,2,0,846,0,transfer,phone,delivery,คนส่ง B
T01059,2026-06-25,6,มิ.ย.,4,15,C176,PTT,ปตท.,15,exchange,1,2,2,0,846,0,transfer,line,delivery,คนส่ง B
T01060,2026-06-25,6,มิ.ย.,4,16,C197,WP,เวิลด์แก๊ส,15,exchange,1,1,1,0,423,0,cash,phone,delivery,คนส่ง A
T01061,2026-06-25,6,มิ.ย.,4,17,C188,SGP,สยามแก๊ส,15,exchange,1,3,3,0,1269,0,credit,phone,delivery,คนส่ง B
T01062,2026-06-25,6,มิ.ย.,4,17,C158,WP,เวิลด์แก๊ส,48,exchange,1,2,2,0,2700,0,credit,walk_in,pickup,
T01063,2026-06-26,6,มิ.ย.,5,7,C160,WP,เวิลด์แก๊ส,48,exchange,1,3,3,0,4050,0,cash,line,delivery,คนส่ง A
T01064,2026-06-26,6,มิ.ย.,5,8,C093,UNQ,ยูนิคแก๊ส,15,exchange,1,1,1,0,423,0,transfer,phone,delivery,คนส่ง A
T01065,2026-06-26,6,มิ.ย.,5,8,C076,WP,เวิลด์แก๊ส,15,exchange,1,1,1,0,423,0,cash,phone,delivery,คนส่ง B
T01066,2026-06-26,6,มิ.ย.,5,8,C153,WP,เวิลด์แก๊ส,48,exchange,1,4,4,0,5400,0,credit,walk_in,pickup,
T01067,2026-06-26,6,มิ.ย.,5,10,C157,WP,เวิลด์แก๊ส,15,exchange,1,3,3,0,1269,0,transfer,walk_in,pickup,
T01068,2026-06-26,6,มิ.ย.,5,10,C183,UNQ,ยูนิคแก๊ส,15,exchange,1,3,3,0,1269,0,credit,walk_in,pickup,
T01069,2026-06-26,6,มิ.ย.,5,10,C067,PTT,ปตท.,4,exchange,1,1,1,0,160,0,transfer,phone,delivery,คนส่ง B
T01070,2026-06-26,6,มิ.ย.,5,11,C159,WP,เวิลด์แก๊ส,15,exchange,1,4,4,0,1692,0,cash,walk_in,pickup,
T01071,2026-06-26,6,มิ.ย.,5,13,C153,WP,เวิลด์แก๊ส,48,new_cylinder,1,1,0,0,1350,3800,credit,phone,delivery,คนส่ง B
T01072,2026-06-26,6,มิ.ย.,5,14,C220,PTT,ปตท.,15,exchange,1,1,1,0,423,0,transfer,line,delivery,คนส่ง B
T01073,2026-06-26,6,มิ.ย.,5,15,C029,WP,เวิลด์แก๊ส,15,exchange,1,1,1,0,423,0,cash,phone,delivery,คนส่ง A
T01074,2026-06-26,6,มิ.ย.,5,18,C121,WP,เวิลด์แก๊ส,15,exchange,1,1,1,0,423,0,transfer,phone,delivery,คนส่ง A
T01075,2026-06-26,6,มิ.ย.,5,18,C118,UNQ,ยูนิคแก๊ส,4,exchange,1,1,1,0,160,0,transfer,phone,delivery,คนส่ง B
T01076,2026-06-27,6,มิ.ย.,6,8,C068,PTT,ปตท.,15,exchange,1,1,1,0,423,0,cash,line,delivery,คนส่ง A
T01077,2026-06-27,6,มิ.ย.,6,10,C194,PTT,ปตท.,15,exchange,1,1,1,0,423,0,credit,walk_in,pickup,
T01078,2026-06-27,6,มิ.ย.,6,10,C179,WP,เวิลด์แก๊ส,15,exchange,1,2,2,0,846,0,transfer,phone,delivery,คนส่ง B
T01079,2026-06-27,6,มิ.ย.,6,12,C204,WP,เวิลด์แก๊ส,15,exchange,1,1,1,0,423,0,credit,phone,delivery,คนส่ง B
T01080,2026-06-27,6,มิ.ย.,6,12,C016,WP,เวิลด์แก๊ส,15,exchange,1,1,1,0,423,0,cash,line,delivery,คนส่ง A
T01081,2026-06-27,6,มิ.ย.,6,12,C059,WP,เวิลด์แก๊ส,4,exchange,1,1,1,0,160,0,transfer,walk_in,pickup,
T01082,2026-06-27,6,มิ.ย.,6,15,C182,WP,เวิลด์แก๊ส,15,exchange,1,2,2,0,846,0,cash,phone,delivery,คนส่ง A
T01083,2026-06-27,6,มิ.ย.,6,15,C189,WP,เวิลด์แก๊ส,48,exchange,1,3,3,0,4050,0,cash,phone,delivery,คนส่ง B
T01084,2026-06-27,6,มิ.ย.,6,16,C045,PTT,ปตท.,4,exchange,1,1,1,0,160,0,transfer,phone,delivery,คนส่ง A
T01085,2026-06-27,6,มิ.ย.,6,16,C155,SGP,สยามแก๊ส,48,exchange,1,2,2,0,2700,0,cash,walk_in,pickup,
T01086,2026-06-27,6,มิ.ย.,6,18,C214,SGP,สยามแก๊ส,15,exchange,1,1,2,-1,423,0,cash,phone,delivery,คนส่ง B
T01087,2026-06-28,6,มิ.ย.,7,8,C152,UNQ,ยูนิคแก๊ส,15,exchange,1,4,4,0,1692,0,credit,phone,delivery,คนส่ง B
T01088,2026-06-28,6,มิ.ย.,7,10,C191,PTT,ปตท.,15,exchange,1,3,3,0,1269,0,credit,phone,delivery,คนส่ง B
T01089,2026-06-28,6,มิ.ย.,7,14,C168,WP,เวิลด์แก๊ส,48,exchange,1,6,5,1,8100,0,credit,phone,delivery,คนส่ง B
T01090,2026-06-28,6,มิ.ย.,7,14,C181,WP,เวิลด์แก๊ส,15,exchange,1,2,2,0,846,0,credit,phone,delivery,คนส่ง B
T01091,2026-06-28,6,มิ.ย.,7,15,C199,UNQ,ยูนิคแก๊ส,15,exchange,1,1,1,0,423,0,cash,walk_in,pickup,
T01092,2026-06-28,6,มิ.ย.,7,15,C185,WP,เวิลด์แก๊ส,15,exchange,1,1,1,0,423,0,credit,walk_in,pickup,
T01093,2026-06-28,6,มิ.ย.,7,17,C192,PTT,ปตท.,15,exchange,1,2,2,0,846,0,transfer,phone,delivery,คนส่ง B
T01094,2026-06-28,6,มิ.ย.,7,17,C129,WP,เวิลด์แก๊ส,15,exchange,1,1,1,0,423,0,cash,phone,delivery,คนส่ง A
T01095,2026-06-29,6,มิ.ย.,1,8,C058,WP,เวิลด์แก๊ส,15,exchange,1,1,1,0,423,0,cash,phone,delivery,คนส่ง A
T01096,2026-06-29,6,มิ.ย.,1,9,C201,WP,เวิลด์แก๊ส,4,exchange,1,1,1,0,160,0,transfer,phone,delivery,คนส่ง B
T01097,2026-06-29,6,มิ.ย.,1,9,C173,WP,เวิลด์แก๊ส,48,exchange,1,4,4,0,5400,0,transfer,line,delivery,คนส่ง B
T01098,2026-06-29,6,มิ.ย.,1,10,C193,PTT,ปตท.,48,exchange,1,2,3,-1,2700,0,credit,walk_in,pickup,
T01099,2026-06-29,6,มิ.ย.,1,11,C070,WP,เวิลด์แก๊ส,15,exchange,1,1,1,0,423,0,cash,line,delivery,คนส่ง B
T01100,2026-06-29,6,มิ.ย.,1,11,C173,WP,เวิลด์แก๊ส,48,new_cylinder,1,1,0,0,1350,3800,cash,phone,delivery,คนส่ง B
T01101,2026-06-29,6,มิ.ย.,1,11,C170,UNQ,ยูนิคแก๊ส,15,exchange,1,4,4,0,1692,0,transfer,phone,delivery,คนส่ง B
T01102,2026-06-29,6,มิ.ย.,1,11,C113,WP,เวิลด์แก๊ส,15,exchange,1,1,1,0,423,0,cash,walk_in,pickup,
T01103,2026-06-29,6,มิ.ย.,1,13,C162,PTT,ปตท.,15,exchange,1,2,1,1,846,0,cash,phone,delivery,คนส่ง B
T01104,2026-06-29,6,มิ.ย.,1,14,C187,WP,เวิลด์แก๊ส,48,exchange,1,2,2,0,2700,0,cash,phone,delivery,คนส่ง B
T01105,2026-06-29,6,มิ.ย.,1,14,C178,WP,เวิลด์แก๊ส,15,exchange,1,3,3,0,1269,0,credit,line,delivery,คนส่ง B
T01106,2026-06-29,6,มิ.ย.,1,15,C096,WP,เวิลด์แก๊ส,15,exchange,1,1,1,0,423,0,transfer,line,delivery,คนส่ง B
T01107,2026-06-29,6,มิ.ย.,1,15,C167,UNQ,ยูนิคแก๊ส,15,exchange,1,3,3,0,1269,0,transfer,phone,delivery,คนส่ง B
T01108,2026-06-29,6,มิ.ย.,1,16,C083,UNQ,ยูนิคแก๊ส,15,exchange,1,1,1,0,423,0,transfer,line,delivery,คนส่ง A
T01109,2026-06-29,6,มิ.ย.,1,16,C165,WP,เวิลด์แก๊ส,48,exchange,1,4,4,0,5400,0,credit,phone,delivery,คนส่ง A
T01110,2026-06-29,6,มิ.ย.,1,16,C184,PTT,ปตท.,48,exchange,1,2,2,0,2700,0,cash,line,delivery,คนส่ง B
T01111,2026-06-29,6,มิ.ย.,1,17,C171,SGP,สยามแก๊ส,48,exchange,1,3,3,0,4050,0,cash,phone,delivery,คนส่ง B
T01112,2026-06-29,6,มิ.ย.,1,17,C211,WP,เวิลด์แก๊ส,4,exchange,1,1,1,0,160,0,cash,walk_in,pickup,
T01113,2026-06-29,6,มิ.ย.,1,17,C175,SGP,สยามแก๊ส,15,exchange,1,3,3,0,1269,0,transfer,walk_in,pickup,
T01114,2026-06-29,6,มิ.ย.,1,17,C119,WP,เวิลด์แก๊ส,4,exchange,1,1,1,0,160,0,cash,line,delivery,คนส่ง B
T01115,2026-06-29,6,มิ.ย.,1,17,C208,WP,เวิลด์แก๊ส,15,exchange,1,1,1,0,423,0,transfer,line,delivery,คนส่ง B
T01116,2026-06-29,6,มิ.ย.,1,18,C195,PTT,ปตท.,15,exchange,1,5,5,0,2115,0,cash,phone,delivery,คนส่ง A
T01117,2026-06-30,6,มิ.ย.,2,8,C186,UNQ,ยูนิคแก๊ส,15,exchange,1,4,4,0,1692,0,credit,phone,delivery,คนส่ง A
T01118,2026-06-30,6,มิ.ย.,2,9,C183,UNQ,ยูนิคแก๊ส,15,exchange,1,2,2,0,846,0,credit,line,delivery,คนส่ง A
T01119,2026-06-30,6,มิ.ย.,2,9,C156,WP,เวิลด์แก๊ส,15,exchange,1,2,2,0,846,0,credit,phone,delivery,คนส่ง A
T01120,2026-06-30,6,มิ.ย.,2,10,C166,PTT,ปตท.,15,exchange,1,2,2,0,846,0,credit,line,delivery,คนส่ง B
T01121,2026-06-30,6,มิ.ย.,2,11,C215,UNQ,ยูนิคแก๊ส,4,exchange,1,1,1,0,160,0,cash,line,delivery,คนส่ง A
T01122,2026-06-30,6,มิ.ย.,2,12,C151,UNQ,ยูนิคแก๊ส,48,exchange,1,3,3,0,4050,0,cash,phone,delivery,คนส่ง B
T01123,2026-06-30,6,มิ.ย.,2,13,C176,PTT,ปตท.,15,exchange,1,4,3,1,1692,0,transfer,phone,delivery,คนส่ง B
T01124,2026-06-30,6,มิ.ย.,2,15,C180,PTT,ปตท.,15,exchange,1,5,5,0,2115,0,cash,line,delivery,คนส่ง B
T01125,2026-06-30,6,มิ.ย.,2,17,C205,WP,เวิลด์แก๊ส,15,exchange,1,1,1,0,423,0,transfer,line,delivery,คนส่ง A
T01126,2026-07-01,7,ก.ค.,3,7,C044,WP,เวิลด์แก๊ส,15,exchange,1,1,1,0,423,0,cash,phone,delivery,คนส่ง A
T01127,2026-07-01,7,ก.ค.,3,7,C133,WP,เวิลด์แก๊ส,15,exchange,1,1,1,0,423,0,transfer,phone,delivery,คนส่ง A
T01128,2026-07-01,7,ก.ค.,3,9,C161,PTT,ปตท.,15,exchange,1,2,2,0,846,0,cash,phone,delivery,คนส่ง A
T01129,2026-07-01,7,ก.ค.,3,9,C009,SGP,สยามแก๊ส,15,exchange,1,1,1,0,423,0,cash,phone,delivery,คนส่ง A
T01130,2026-07-01,7,ก.ค.,3,10,C219,PTT,ปตท.,4,exchange,1,1,1,0,160,0,cash,walk_in,pickup,
T01131,2026-07-01,7,ก.ค.,3,10,C189,WP,เวิลด์แก๊ส,48,exchange,1,1,1,0,1350,0,cash,walk_in,pickup,
T01132,2026-07-01,7,ก.ค.,3,11,C174,SGP,สยามแก๊ส,48,exchange,1,3,3,0,4050,0,credit,line,delivery,คนส่ง B
T01133,2026-07-01,7,ก.ค.,3,11,C071,UNQ,ยูนิคแก๊ส,15,exchange,1,1,1,0,423,0,transfer,phone,delivery,คนส่ง B
T01134,2026-07-01,7,ก.ค.,3,12,C110,UNQ,ยูนิคแก๊ส,15,new_cylinder,1,1,0,0,423,1300,cash,phone,delivery,คนส่ง B
T01135,2026-07-01,7,ก.ค.,3,15,C194,PTT,ปตท.,15,exchange,1,3,3,0,1269,0,credit,phone,delivery,คนส่ง B
T01136,2026-07-02,7,ก.ค.,4,9,C094,SGP,สยามแก๊ส,15,exchange,1,1,1,0,423,0,cash,line,delivery,คนส่ง B
T01137,2026-07-02,7,ก.ค.,4,9,C216,WP,เวิลด์แก๊ส,15,exchange,1,1,1,0,423,0,cash,line,delivery,คนส่ง B
T01138,2026-07-02,7,ก.ค.,4,10,C213,WP,เวิลด์แก๊ส,4,exchange,1,1,1,0,160,0,transfer,phone,delivery,คนส่ง A
T01139,2026-07-02,7,ก.ค.,4,10,C159,WP,เวิลด์แก๊ส,15,exchange,1,3,3,0,1269,0,transfer,walk_in,pickup,
T01140,2026-07-02,7,ก.ค.,4,10,C164,PTT,ปตท.,15,exchange,1,3,3,0,1269,0,credit,line,delivery,คนส่ง B
T01141,2026-07-02,7,ก.ค.,4,10,C163,UNQ,ยูนิคแก๊ส,15,new_cylinder,1,1,0,0,423,1300,transfer,walk_in,pickup,
T01142,2026-07-02,7,ก.ค.,4,10,C190,SGP,สยามแก๊ส,15,exchange,1,3,3,0,1269,0,credit,walk_in,pickup,
T01143,2026-07-02,7,ก.ค.,4,11,C153,WP,เวิลด์แก๊ส,48,exchange,1,4,4,0,5400,0,credit,phone,delivery,คนส่ง B
T01144,2026-07-02,7,ก.ค.,4,15,C188,SGP,สยามแก๊ส,15,exchange,1,2,2,0,846,0,credit,phone,delivery,คนส่ง A
T01145,2026-07-02,7,ก.ค.,4,15,C152,UNQ,ยูนิคแก๊ส,15,exchange,1,5,5,0,2115,0,credit,phone,delivery,คนส่ง A
T01146,2026-07-02,7,ก.ค.,4,15,C191,PTT,ปตท.,15,exchange,1,4,4,0,1692,0,credit,walk_in,pickup,
T01147,2026-07-02,7,ก.ค.,4,16,C163,UNQ,ยูนิคแก๊ส,15,exchange,1,2,2,0,846,0,cash,line,delivery,คนส่ง B
T01148,2026-07-02,7,ก.ค.,4,16,C032,UNQ,ยูนิคแก๊ส,15,exchange,1,1,1,0,423,0,cash,line,delivery,คนส่ง A
T01149,2026-07-02,7,ก.ค.,4,16,C182,WP,เวิลด์แก๊ส,15,exchange,1,1,1,0,423,0,transfer,phone,delivery,คนส่ง B
T01150,2026-07-02,7,ก.ค.,4,16,C154,UNQ,ยูนิคแก๊ส,48,exchange,1,3,3,0,4050,0,transfer,walk_in,pickup,
T01151,2026-07-02,7,ก.ค.,4,18,C198,SGP,สยามแก๊ส,4,exchange,1,1,1,0,160,0,cash,walk_in,pickup,
T01152,2026-07-03,7,ก.ค.,5,8,C165,WP,เวิลด์แก๊ส,48,exchange,1,3,3,0,4050,0,credit,line,delivery,คนส่ง B
T01153,2026-07-03,7,ก.ค.,5,8,C202,WP,เวิลด์แก๊ส,4,exchange,1,1,1,0,160,0,credit,line,delivery,คนส่ง B
T01154,2026-07-03,7,ก.ค.,5,8,C192,PTT,ปตท.,15,exchange,1,2,2,0,846,0,cash,line,delivery,คนส่ง A
T01155,2026-07-03,7,ก.ค.,5,8,C203,PTT,ปตท.,4,exchange,1,1,1,0,160,0,cash,line,delivery,คนส่ง B
T01156,2026-07-03,7,ก.ค.,5,9,C124,WP,เวิลด์แก๊ส,15,exchange,1,1,1,0,423,0,transfer,line,delivery,คนส่ง A
T01157,2026-07-03,7,ก.ค.,5,9,C053,PTT,ปตท.,15,exchange,1,1,1,0,423,0,transfer,phone,delivery,คนส่ง B
T01158,2026-07-03,7,ก.ค.,5,9,C155,SGP,สยามแก๊ส,48,exchange,1,3,2,1,4050,0,transfer,phone,delivery,คนส่ง A
T01159,2026-07-03,7,ก.ค.,5,10,C158,WP,เวิลด์แก๊ส,48,exchange,1,4,4,0,5400,0,credit,walk_in,pickup,
T01160,2026-07-03,7,ก.ค.,5,12,C218,WP,เวิลด์แก๊ส,15,exchange,1,1,1,0,423,0,cash,line,delivery,คนส่ง B
T01161,2026-07-03,7,ก.ค.,5,15,C196,WP,เวิลด์แก๊ส,15,exchange,1,1,1,0,423,0,cash,line,delivery,คนส่ง B
T01162,2026-07-03,7,ก.ค.,5,15,C069,WP,เวิลด์แก๊ส,15,exchange,1,1,1,0,423,0,cash,walk_in,pickup,
T01163,2026-07-03,7,ก.ค.,5,16,C177,UNQ,ยูนิคแก๊ส,48,exchange,1,3,3,0,4050,0,credit,walk_in,pickup,
T01164,2026-07-03,7,ก.ค.,5,16,C122,UNQ,ยูนิคแก๊ส,15,exchange,1,1,2,-1,423,0,cash,line,delivery,คนส่ง B
T01165,2026-07-03,7,ก.ค.,5,17,C098,WP,เวิลด์แก๊ส,15,exchange,1,1,1,0,423,0,cash,walk_in,pickup,
T01166,2026-07-04,7,ก.ค.,6,10,C170,UNQ,ยูนิคแก๊ส,15,exchange,1,3,2,1,1269,0,cash,walk_in,pickup,
T01167,2026-07-04,7,ก.ค.,6,10,C066,SGP,สยามแก๊ส,15,exchange,1,1,1,0,423,0,cash,phone,delivery,คนส่ง A
T01168,2026-07-04,7,ก.ค.,6,11,C142,PTT,ปตท.,15,exchange,1,1,1,0,423,0,transfer,walk_in,pickup,
T01169,2026-07-04,7,ก.ค.,6,12,C157,WP,เวิลด์แก๊ส,15,exchange,1,2,2,0,846,0,cash,phone,delivery,คนส่ง A
T01170,2026-07-04,7,ก.ค.,6,12,C187,WP,เวิลด์แก๊ส,48,exchange,1,1,1,0,1350,0,cash,phone,delivery,คนส่ง B
T01171,2026-07-04,7,ก.ค.,6,14,C197,WP,เวิลด์แก๊ส,15,exchange,1,1,1,0,423,0,cash,phone,delivery,คนส่ง A
T01172,2026-07-04,7,ก.ค.,6,15,C041,UNQ,ยูนิคแก๊ส,15,exchange,1,1,1,0,423,0,cash,line,delivery,คนส่ง B
T01173,2026-07-04,7,ก.ค.,6,16,C185,WP,เวิลด์แก๊ส,15,exchange,1,1,1,0,423,0,credit,phone,delivery,คนส่ง B
T01174,2026-07-04,7,ก.ค.,6,16,C099,WP,เวิลด์แก๊ส,15,exchange,1,1,1,0,423,0,transfer,phone,delivery,คนส่ง A
T01175,2026-07-04,7,ก.ค.,6,16,C160,WP,เวิลด์แก๊ส,48,exchange,1,4,4,0,5400,0,cash,walk_in,pickup,
T01176,2026-07-04,7,ก.ค.,6,16,C027,UNQ,ยูนิคแก๊ส,15,exchange,1,1,1,0,423,0,transfer,line,delivery,คนส่ง A
T01177,2026-07-04,7,ก.ค.,6,16,C207,PTT,ปตท.,15,exchange,1,1,1,0,423,0,transfer,walk_in,pickup,
T01178,2026-07-05,7,ก.ค.,7,7,C181,WP,เวิลด์แก๊ส,15,exchange,1,3,3,0,1269,0,credit,walk_in,pickup,
T01179,2026-07-05,7,ก.ค.,7,8,C176,PTT,ปตท.,15,exchange,1,4,4,0,1692,0,cash,line,delivery,คนส่ง B
T01180,2026-07-05,7,ก.ค.,7,10,C167,UNQ,ยูนิคแก๊ส,15,exchange,1,4,4,0,1692,0,cash,phone,delivery,คนส่ง A
T01181,2026-07-05,7,ก.ค.,7,11,C025,WP,เวิลด์แก๊ส,15,exchange,1,1,1,0,423,0,transfer,walk_in,pickup,
T01182,2026-07-05,7,ก.ค.,7,15,C200,WP,เวิลด์แก๊ส,15,exchange,1,1,1,0,423,0,cash,walk_in,pickup,
T01183,2026-07-05,7,ก.ค.,7,16,C162,PTT,ปตท.,15,exchange,1,3,4,-1,1269,0,cash,line,delivery,คนส่ง B
T01184,2026-07-06,7,ก.ค.,1,7,C168,WP,เวิลด์แก๊ส,48,exchange,1,4,5,-1,5400,0,credit,walk_in,pickup,
T01185,2026-07-06,7,ก.ค.,1,7,C116,SGP,สยามแก๊ส,15,exchange,1,1,1,0,423,0,cash,line,delivery,คนส่ง A
T01186,2026-07-06,7,ก.ค.,1,8,C151,UNQ,ยูนิคแก๊ส,48,exchange,1,3,3,0,4050,0,transfer,line,delivery,คนส่ง A
T01187,2026-07-06,7,ก.ค.,1,9,C140,PTT,ปตท.,15,exchange,1,1,1,0,423,0,transfer,line,delivery,คนส่ง B
T01188,2026-07-06,7,ก.ค.,1,9,C220,PTT,ปตท.,15,exchange,1,1,1,0,423,0,transfer,phone,delivery,คนส่ง B
T01189,2026-07-06,7,ก.ค.,1,9,C210,PTT,ปตท.,4,exchange,1,1,1,0,160,0,transfer,walk_in,pickup,
T01190,2026-07-06,7,ก.ค.,1,10,C072,WP,เวิลด์แก๊ส,15,exchange,1,1,1,0,423,0,cash,phone,delivery,คนส่ง B
T01191,2026-07-06,7,ก.ค.,1,10,C005,WP,เวิลด์แก๊ส,15,exchange,1,1,1,0,423,0,transfer,phone,delivery,คนส่ง B
T01192,2026-07-06,7,ก.ค.,1,10,C194,PTT,ปตท.,15,exchange,1,3,2,1,1269,0,credit,walk_in,pickup,
T01193,2026-07-06,7,ก.ค.,1,10,C175,SGP,สยามแก๊ส,15,exchange,1,2,2,0,846,0,cash,phone,delivery,คนส่ง B
T01194,2026-07-06,7,ก.ค.,1,10,C179,WP,เวิลด์แก๊ส,15,exchange,1,2,2,0,846,0,transfer,phone,delivery,คนส่ง B
T01195,2026-07-06,7,ก.ค.,1,10,C042,WP,เวิลด์แก๊ส,15,exchange,1,1,1,0,423,0,transfer,line,delivery,คนส่ง A
T01196,2026-07-06,7,ก.ค.,1,11,C195,PTT,ปตท.,15,exchange,1,3,3,0,1269,0,transfer,phone,delivery,คนส่ง A
T01197,2026-07-06,7,ก.ค.,1,11,C055,PTT,ปตท.,15,exchange,1,1,1,0,423,0,cash,phone,delivery,คนส่ง A
T01198,2026-07-06,7,ก.ค.,1,11,C019,PTT,ปตท.,15,exchange,1,1,1,0,423,0,cash,walk_in,pickup,
T01199,2026-07-06,7,ก.ค.,1,11,C174,SGP,สยามแก๊ส,48,exchange,1,3,3,0,4050,0,credit,phone,delivery,คนส่ง B
T01200,2026-07-06,7,ก.ค.,1,12,C163,UNQ,ยูนิคแก๊ส,15,exchange,1,5,5,0,2115,0,transfer,phone,delivery,คนส่ง B
T01201,2026-07-06,7,ก.ค.,1,12,C105,WP,เวิลด์แก๊ส,15,exchange,1,1,1,0,423,0,cash,walk_in,pickup,
T01202,2026-07-06,7,ก.ค.,1,13,C171,SGP,สยามแก๊ส,48,exchange,1,3,3,0,4050,0,transfer,phone,delivery,คนส่ง A
T01203,2026-07-06,7,ก.ค.,1,13,C163,UNQ,ยูนิคแก๊ส,15,new_cylinder,1,1,0,0,423,1300,transfer,phone,delivery,คนส่ง A
T01204,2026-07-06,7,ก.ค.,1,13,C184,PTT,ปตท.,48,exchange,1,3,3,0,4050,0,transfer,walk_in,pickup,
T01205,2026-07-06,7,ก.ค.,1,14,C156,WP,เวิลด์แก๊ส,15,exchange,1,3,3,0,1269,0,credit,walk_in,pickup,
T01206,2026-07-06,7,ก.ค.,1,15,C137,PTT,ปตท.,15,exchange,1,1,0,1,423,0,transfer,line,delivery,คนส่ง B
T01207,2026-07-06,7,ก.ค.,1,15,C217,SGP,สยามแก๊ส,4,exchange,1,1,1,0,160,0,cash,phone,delivery,คนส่ง A
T01208,2026-07-06,7,ก.ค.,1,16,C128,WP,เวิลด์แก๊ส,15,exchange,1,1,1,0,423,0,cash,phone,delivery,คนส่ง A
T01209,2026-07-06,7,ก.ค.,1,16,C147,WP,เวิลด์แก๊ส,15,exchange,1,1,1,0,423,0,transfer,phone,delivery,คนส่ง A
T01210,2026-07-06,7,ก.ค.,1,16,C178,WP,เวิลด์แก๊ส,15,exchange,1,4,4,0,1692,0,credit,line,delivery,คนส่ง B
T01211,2026-07-06,7,ก.ค.,1,16,C079,UNQ,ยูนิคแก๊ส,15,exchange,1,1,1,0,423,0,cash,walk_in,pickup,
T01212,2026-07-06,7,ก.ค.,1,16,C108,WP,เวิลด์แก๊ส,15,exchange,1,1,1,0,423,0,transfer,phone,delivery,คนส่ง B
T01213,2026-07-06,7,ก.ค.,1,16,C173,WP,เวิลด์แก๊ส,48,exchange,1,2,2,0,2700,0,transfer,walk_in,pickup,
T01214,2026-07-06,7,ก.ค.,1,16,C134,PTT,ปตท.,15,exchange,1,1,1,0,423,0,cash,walk_in,pickup,
T01215,2026-07-06,7,ก.ค.,1,17,C183,UNQ,ยูนิคแก๊ส,15,exchange,1,2,2,0,846,0,credit,line,delivery,คนส่ง B
T01216,2026-07-06,7,ก.ค.,1,17,C154,UNQ,ยูนิคแก๊ส,48,exchange,1,4,4,0,5400,0,transfer,phone,delivery,คนส่ง B
T01217,2026-07-06,7,ก.ค.,1,17,C204,WP,เวิลด์แก๊ส,15,exchange,1,1,1,0,423,0,credit,phone,delivery,คนส่ง B
T01218,2026-07-06,7,ก.ค.,1,18,C193,PTT,ปตท.,48,exchange,1,2,2,0,2700,0,credit,phone,delivery,คนส่ง B
T01219,2026-07-07,7,ก.ค.,2,8,C170,UNQ,ยูนิคแก๊ส,15,exchange,1,4,4,0,1692,0,cash,phone,delivery,คนส่ง A
T01220,2026-07-07,7,ก.ค.,2,10,C023,SGP,สยามแก๊ส,15,exchange,1,1,1,0,423,0,transfer,walk_in,pickup,
T01221,2026-07-07,7,ก.ค.,2,10,C180,PTT,ปตท.,15,exchange,1,5,5,0,2115,0,cash,phone,delivery,คนส่ง B
T01222,2026-07-07,7,ก.ค.,2,10,C095,WP,เวิลด์แก๊ส,15,exchange,1,1,1,0,423,0,transfer,phone,delivery,คนส่ง A
T01223,2026-07-07,7,ก.ค.,2,12,C144,WP,เวิลด์แก๊ส,15,exchange,1,1,1,0,423,0,cash,phone,delivery,คนส่ง A
T01224,2026-07-07,7,ก.ค.,2,15,C186,UNQ,ยูนิคแก๊ส,15,exchange,1,2,2,0,846,0,credit,walk_in,pickup,
T01225,2026-07-07,7,ก.ค.,2,16,C164,PTT,ปตท.,15,exchange,1,1,1,0,423,0,credit,walk_in,pickup,
T01226,2026-07-07,7,ก.ค.,2,16,C161,PTT,ปตท.,15,exchange,1,2,2,0,846,0,cash,walk_in,pickup,
T01227,2026-07-07,7,ก.ค.,2,18,C165,WP,เวิลด์แก๊ส,48,exchange,1,2,2,0,2700,0,credit,phone,delivery,คนส่ง A
T01228,2026-07-08,7,ก.ค.,3,9,C106,PTT,ปตท.,4,exchange,1,1,1,0,160,0,transfer,phone,delivery,คนส่ง B
T01229,2026-07-08,7,ก.ค.,3,9,C159,WP,เวิลด์แก๊ส,15,exchange,1,5,5,0,2115,0,cash,phone,delivery,คนส่ง A
T01230,2026-07-08,7,ก.ค.,3,10,C189,WP,เวิลด์แก๊ส,48,exchange,1,2,3,-1,2700,0,cash,line,delivery,คนส่ง B
T01231,2026-07-08,7,ก.ค.,3,10,C182,WP,เวิลด์แก๊ส,15,exchange,1,2,2,0,846,0,transfer,phone,delivery,คนส่ง A
T01232,2026-07-08,7,ก.ค.,3,10,C199,UNQ,ยูนิคแก๊ส,15,exchange,1,1,1,0,423,0,cash,phone,delivery,คนส่ง A
T01233,2026-07-08,7,ก.ค.,3,11,C160,WP,เวิลด์แก๊ส,48,exchange,1,3,3,0,4050,0,cash,line,delivery,คนส่ง A
T01234,2026-07-08,7,ก.ค.,3,13,C101,WP,เวิลด์แก๊ส,15,exchange,1,1,1,0,423,0,cash,walk_in,pickup,
T01235,2026-07-08,7,ก.ค.,3,15,C214,SGP,สยามแก๊ส,15,exchange,1,1,1,0,423,0,transfer,phone,delivery,คนส่ง A
T01236,2026-07-08,7,ก.ค.,3,16,C191,PTT,ปตท.,15,exchange,1,6,6,0,2538,0,credit,phone,delivery,คนส่ง B
T01237,2026-07-08,7,ก.ค.,3,16,C208,WP,เวิลด์แก๊ส,15,exchange,1,1,1,0,423,0,cash,phone,delivery,คนส่ง A
T01238,2026-07-08,7,ก.ค.,3,17,C166,PTT,ปตท.,15,exchange,1,2,2,0,846,0,credit,line,delivery,คนส่ง B
T01239,2026-07-09,7,ก.ค.,4,7,C138,WP,เวิลด์แก๊ส,15,exchange,1,1,1,0,423,0,transfer,walk_in,pickup,
T01240,2026-07-09,7,ก.ค.,4,7,C075,WP,เวิลด์แก๊ส,15,new_cylinder,1,1,0,0,423,1300,transfer,line,delivery,คนส่ง B
T01241,2026-07-09,7,ก.ค.,4,7,C177,UNQ,ยูนิคแก๊ส,48,exchange,1,4,4,0,5400,0,credit,walk_in,pickup,
T01242,2026-07-09,7,ก.ค.,4,9,C162,PTT,ปตท.,15,exchange,1,4,4,0,1692,0,transfer,phone,delivery,คนส่ง A
T01243,2026-07-09,7,ก.ค.,4,10,C216,WP,เวิลด์แก๊ส,15,exchange,1,1,1,0,423,0,cash,phone,delivery,คนส่ง B
T01244,2026-07-09,7,ก.ค.,4,12,C167,UNQ,ยูนิคแก๊ส,15,exchange,1,2,2,0,846,0,cash,phone,delivery,คนส่ง A
T01245,2026-07-09,7,ก.ค.,4,14,C153,WP,เวิลด์แก๊ส,48,exchange,1,3,3,0,4050,0,credit,phone,delivery,คนส่ง B
T01246,2026-07-09,7,ก.ค.,4,14,C192,PTT,ปตท.,15,exchange,1,2,2,0,846,0,cash,phone,delivery,คนส่ง B
T01247,2026-07-09,7,ก.ค.,4,15,C190,SGP,สยามแก๊ส,15,exchange,1,2,2,0,846,0,credit,phone,delivery,คนส่ง B
T01248,2026-07-09,7,ก.ค.,4,16,C188,SGP,สยามแก๊ส,15,exchange,1,2,2,0,846,0,credit,phone,delivery,คนส่ง A
T01249,2026-07-09,7,ก.ค.,4,16,C158,WP,เวิลด์แก๊ส,48,exchange,1,3,3,0,4050,0,credit,line,delivery,คนส่ง A
T01250,2026-07-09,7,ก.ค.,4,17,C201,WP,เวิลด์แก๊ส,4,exchange,1,1,1,0,160,0,cash,phone,delivery,คนส่ง A
T01251,2026-07-09,7,ก.ค.,4,18,C155,SGP,สยามแก๊ส,48,exchange,1,3,3,0,4050,0,cash,walk_in,pickup,
T01252,2026-07-09,7,ก.ค.,4,18,C020,UNQ,ยูนิคแก๊ส,15,exchange,1,1,1,0,423,0,transfer,line,delivery,คนส่ง A
T01253,2026-07-10,7,ก.ค.,5,7,C187,WP,เวิลด์แก๊ส,48,exchange,1,2,2,0,2700,0,transfer,phone,delivery,คนส่ง B
T01254,2026-07-10,7,ก.ค.,5,7,C074,PTT,ปตท.,15,exchange,1,1,1,0,423,0,cash,walk_in,pickup,
T01255,2026-07-10,7,ก.ค.,5,9,C018,WP,เวิลด์แก๊ส,15,exchange,1,1,1,0,423,0,transfer,line,delivery,คนส่ง B
T01256,2026-07-10,7,ก.ค.,5,9,C163,UNQ,ยูนิคแก๊ส,15,exchange,1,5,5,0,2115,0,cash,line,delivery,คนส่ง A
T01257,2026-07-10,7,ก.ค.,5,9,C084,PTT,ปตท.,4,exchange,1,1,1,0,160,0,cash,phone,delivery,คนส่ง B
T01258,2026-07-10,7,ก.ค.,5,10,C203,PTT,ปตท.,4,exchange,1,1,1,0,160,0,cash,phone,delivery,คนส่ง B
T01259,2026-07-10,7,ก.ค.,5,10,C089,UNQ,ยูนิคแก๊ส,15,exchange,1,1,1,0,423,0,cash,phone,delivery,คนส่ง A
T01260,2026-07-10,7,ก.ค.,5,11,C185,WP,เวิลด์แก๊ส,15,exchange,1,1,1,0,423,0,credit,phone,delivery,คนส่ง B
T01261,2026-07-10,7,ก.ค.,5,11,C014,WP,เวิลด์แก๊ส,15,exchange,1,1,1,0,423,0,cash,phone,delivery,คนส่ง B
T01262,2026-07-10,7,ก.ค.,5,11,C168,WP,เวิลด์แก๊ส,48,exchange,1,3,3,0,4050,0,credit,walk_in,pickup,
T01263,2026-07-10,7,ก.ค.,5,12,C091,PTT,ปตท.,15,exchange,1,1,1,0,423,0,transfer,walk_in,pickup,
T01264,2026-07-10,7,ก.ค.,5,13,C151,UNQ,ยูนิคแก๊ส,48,exchange,1,2,2,0,2700,0,transfer,line,delivery,คนส่ง B
T01265,2026-07-10,7,ก.ค.,5,13,C152,UNQ,ยูนิคแก๊ส,15,exchange,1,3,3,0,1269,0,credit,phone,delivery,คนส่ง A
T01266,2026-07-10,7,ก.ค.,5,15,C179,WP,เวิลด์แก๊ส,15,exchange,1,1,1,0,423,0,cash,line,delivery,คนส่ง A
T01267,2026-07-10,7,ก.ค.,5,15,C024,PTT,ปตท.,15,exchange,1,1,1,0,423,0,cash,line,delivery,คนส่ง A
T01268,2026-07-10,7,ก.ค.,5,16,C157,WP,เวิลด์แก๊ส,15,exchange,1,5,5,0,2115,0,cash,line,delivery,คนส่ง A
T01269,2026-07-10,7,ก.ค.,5,16,C173,WP,เวิลด์แก๊ส,48,exchange,1,2,2,0,2700,0,transfer,phone,delivery,คนส่ง A
T01270,2026-07-10,7,ก.ค.,5,16,C184,PTT,ปตท.,48,exchange,1,2,2,0,2700,0,transfer,phone,delivery,คนส่ง A
T01271,2026-07-10,7,ก.ค.,5,17,C143,UNQ,ยูนิคแก๊ส,15,exchange,1,1,1,0,423,0,cash,phone,delivery,คนส่ง B
T01272,2026-07-10,7,ก.ค.,5,17,C205,WP,เวิลด์แก๊ส,15,exchange,1,1,1,0,423,0,cash,walk_in,pickup,
T01273,2026-07-11,7,ก.ค.,6,9,C156,WP,เวิลด์แก๊ส,15,exchange,1,2,3,-1,846,0,credit,walk_in,pickup,
T01274,2026-07-11,7,ก.ค.,6,10,C008,WP,เวิลด์แก๊ส,15,exchange,1,1,1,0,423,0,cash,walk_in,pickup,
T01275,2026-07-11,7,ก.ค.,6,11,C219,PTT,ปตท.,4,exchange,1,1,1,0,160,0,transfer,line,delivery,คนส่ง B
T01276,2026-07-11,7,ก.ค.,6,11,C211,WP,เวิลด์แก๊ส,4,exchange,1,1,1,0,160,0,transfer,phone,delivery,คนส่ง B
T01277,2026-07-11,7,ก.ค.,6,11,C176,PTT,ปตท.,15,exchange,1,1,1,0,423,0,transfer,phone,delivery,คนส่ง A
T01278,2026-07-11,7,ก.ค.,6,11,C213,WP,เวิลด์แก๊ส,4,exchange,1,1,1,0,160,0,cash,walk_in,pickup,
T01279,2026-07-11,7,ก.ค.,6,11,C078,UNQ,ยูนิคแก๊ส,4,exchange,1,1,1,0,160,0,cash,line,delivery,คนส่ง A
T01280,2026-07-11,7,ก.ค.,6,16,C202,WP,เวิลด์แก๊ส,4,exchange,1,1,0,1,160,0,credit,line,delivery,คนส่ง B
T01281,2026-07-11,7,ก.ค.,6,16,C003,PTT,ปตท.,4,exchange,1,1,1,0,160,0,cash,line,delivery,คนส่ง A
T01282,2026-07-11,7,ก.ค.,6,17,C171,SGP,สยามแก๊ส,48,exchange,1,3,3,0,4050,0,cash,phone,delivery,คนส่ง B
T01283,2026-07-12,7,ก.ค.,7,7,C051,UNQ,ยูนิคแก๊ส,15,new_cylinder,1,1,0,0,423,1300,transfer,line,delivery,คนส่ง B
T01284,2026-07-12,7,ก.ค.,7,7,C010,WP,เวิลด์แก๊ส,15,exchange,1,1,1,0,423,0,cash,phone,delivery,คนส่ง A
T01285,2026-07-12,7,ก.ค.,7,8,C183,UNQ,ยูนิคแก๊ส,15,exchange,1,3,2,1,1269,0,credit,phone,delivery,คนส่ง B
T01286,2026-07-12,7,ก.ค.,7,11,C161,PTT,ปตท.,15,exchange,1,1,1,0,423,0,cash,phone,delivery,คนส่ง B
T01287,2026-07-12,7,ก.ค.,7,13,C017,PTT,ปตท.,15,exchange,1,1,1,0,423,0,transfer,line,delivery,คนส่ง B
T01288,2026-07-12,7,ก.ค.,7,14,C215,UNQ,ยูนิคแก๊ส,4,exchange,1,1,1,0,160,0,cash,phone,delivery,คนส่ง B
T01289,2026-07-12,7,ก.ค.,7,15,C149,UNQ,ยูนิคแก๊ส,15,exchange,1,1,1,0,423,0,transfer,phone,delivery,คนส่ง B
T01290,2026-07-12,7,ก.ค.,7,16,C170,UNQ,ยูนิคแก๊ส,15,exchange,1,5,5,0,2115,0,transfer,line,delivery,คนส่ง B
T01291,2026-07-12,7,ก.ค.,7,16,C174,SGP,สยามแก๊ส,48,exchange,1,4,4,0,5400,0,credit,line,delivery,คนส่ง B
T01292,2026-07-12,7,ก.ค.,7,16,C181,WP,เวิลด์แก๊ส,15,exchange,1,2,3,-1,846,0,credit,line,delivery,คนส่ง B
T01293,2026-07-13,7,ก.ค.,1,7,C218,WP,เวิลด์แก๊ส,15,exchange,1,1,1,0,423,0,cash,line,delivery,คนส่ง B
T01294,2026-07-13,7,ก.ค.,1,7,C061,WP,เวิลด์แก๊ส,15,exchange,1,1,1,0,423,0,transfer,walk_in,pickup,
T01295,2026-07-13,7,ก.ค.,1,9,C153,WP,เวิลด์แก๊ส,48,exchange,1,4,4,0,5400,0,credit,walk_in,pickup,
T01296,2026-07-13,7,ก.ค.,1,9,C175,SGP,สยามแก๊ส,15,exchange,1,2,2,0,846,0,cash,phone,delivery,คนส่ง A
T01297,2026-07-13,7,ก.ค.,1,9,C100,PTT,ปตท.,15,exchange,1,1,1,0,423,0,transfer,line,delivery,คนส่ง B
T01298,2026-07-13,7,ก.ค.,1,10,C195,PTT,ปตท.,15,exchange,1,4,4,0,1692,0,cash,phone,delivery,คนส่ง A
T01299,2026-07-13,7,ก.ค.,1,10,C164,PTT,ปตท.,15,exchange,1,4,4,0,1692,0,credit,phone,delivery,คนส่ง A
T01300,2026-07-13,7,ก.ค.,1,11,C165,WP,เวิลด์แก๊ส,48,exchange,1,3,3,0,4050,0,credit,phone,delivery,คนส่ง B
T01301,2026-07-13,7,ก.ค.,1,11,C207,PTT,ปตท.,15,exchange,1,1,1,0,423,0,cash,walk_in,pickup,
T01302,2026-07-13,7,ก.ค.,1,13,C178,WP,เวิลด์แก๊ส,15,exchange,1,4,5,-1,1692,0,credit,line,delivery,คนส่ง B
T01303,2026-07-13,7,ก.ค.,1,13,C182,WP,เวิลด์แก๊ส,15,exchange,1,2,2,0,846,0,cash,phone,delivery,คนส่ง B
T01304,2026-07-13,7,ก.ค.,1,14,C154,UNQ,ยูนิคแก๊ส,48,exchange,1,5,6,-1,6750,0,cash,phone,delivery,คนส่ง A
T01305,2026-07-13,7,ก.ค.,1,14,C194,PTT,ปตท.,15,exchange,1,3,3,0,1269,0,credit,line,delivery,คนส่ง A
T01306,2026-07-13,7,ก.ค.,1,14,C200,WP,เวิลด์แก๊ส,15,exchange,1,1,1,0,423,0,cash,phone,delivery,คนส่ง B
T01307,2026-07-13,7,ก.ค.,1,16,C193,PTT,ปตท.,48,exchange,1,2,2,0,2700,0,credit,phone,delivery,คนส่ง A
T01308,2026-07-14,7,ก.ค.,2,10,C187,WP,เวิลด์แก๊ส,48,exchange,1,2,2,0,2700,0,cash,walk_in,pickup,
T01309,2026-07-14,7,ก.ค.,2,10,C087,WP,เวิลด์แก๊ส,15,exchange,1,1,1,0,423,0,cash,phone,delivery,คนส่ง A
T01310,2026-07-14,7,ก.ค.,2,10,C155,SGP,สยามแก๊ส,48,exchange,1,2,3,-1,2700,0,cash,phone,delivery,คนส่ง A
T01311,2026-07-14,7,ก.ค.,2,10,C063,WP,เวิลด์แก๊ส,15,exchange,1,1,1,0,423,0,cash,line,delivery,คนส่ง B
T01312,2026-07-14,7,ก.ค.,2,10,C196,WP,เวิลด์แก๊ส,15,exchange,1,1,1,0,423,0,cash,walk_in,pickup,
T01313,2026-07-14,7,ก.ค.,2,13,C180,PTT,ปตท.,15,exchange,1,2,2,0,846,0,cash,walk_in,pickup,
T01314,2026-07-14,7,ก.ค.,2,15,C186,UNQ,ยูนิคแก๊ส,15,exchange,1,2,2,0,846,0,credit,phone,delivery,คนส่ง A
T01315,2026-07-14,7,ก.ค.,2,15,C169,WP,เวิลด์แก๊ส,15,return_cylinder,0,0,5,0,0,-6500,transfer,walk_in,pickup,
T01316,2026-07-14,7,ก.ค.,2,16,C166,PTT,ปตท.,15,exchange,1,3,2,1,1269,0,credit,walk_in,pickup,
T01317,2026-07-14,7,ก.ค.,2,17,C198,SGP,สยามแก๊ส,4,exchange,1,1,1,0,160,0,transfer,walk_in,pickup,
T01318,2026-07-14,7,ก.ค.,2,18,C197,WP,เวิลด์แก๊ส,15,exchange,1,1,1,0,423,0,transfer,phone,delivery,คนส่ง B
T01319,2026-07-15,7,ก.ค.,3,7,C151,UNQ,ยูนิคแก๊ส,48,exchange,1,3,3,0,4050,0,transfer,phone,delivery,คนส่ง B
T01320,2026-07-15,7,ก.ค.,3,9,C167,UNQ,ยูนิคแก๊ส,15,exchange,1,4,4,0,1692,0,transfer,phone,delivery,คนส่ง B
T01321,2026-07-15,7,ก.ค.,3,10,C043,WP,เวิลด์แก๊ส,15,exchange,1,1,1,0,423,0,transfer,walk_in,pickup,
T01322,2026-07-15,7,ก.ค.,3,11,C185,WP,เวิลด์แก๊ส,15,exchange,1,1,1,0,423,0,credit,line,delivery,คนส่ง A
T01323,2026-07-15,7,ก.ค.,3,11,C162,PTT,ปตท.,15,exchange,1,4,4,0,1692,0,cash,phone,delivery,คนส่ง B
T01324,2026-07-15,7,ก.ค.,3,12,C188,SGP,สยามแก๊ส,15,exchange,1,2,2,0,846,0,credit,walk_in,pickup,
T01325,2026-07-15,7,ก.ค.,3,12,C217,SGP,สยามแก๊ส,4,exchange,1,1,1,0,160,0,cash,line,delivery,คนส่ง B
T01326,2026-07-15,7,ก.ค.,3,14,C190,SGP,สยามแก๊ส,15,exchange,1,2,2,0,846,0,credit,line,delivery,คนส่ง B
T01327,2026-07-15,7,ก.ค.,3,14,C210,PTT,ปตท.,4,exchange,1,1,1,0,160,0,transfer,phone,delivery,คนส่ง A
T01328,2026-07-15,7,ก.ค.,3,14,C173,WP,เวิลด์แก๊ส,48,exchange,1,4,4,0,5400,0,transfer,line,delivery,คนส่ง B
T01329,2026-07-15,7,ก.ค.,3,15,C167,UNQ,ยูนิคแก๊ส,15,new_cylinder,1,1,0,0,423,1300,cash,phone,delivery,คนส่ง A
T01330,2026-07-15,7,ก.ค.,3,17,C152,UNQ,ยูนิคแก๊ส,15,exchange,1,4,4,0,1692,0,credit,phone,delivery,คนส่ง B
T01331,2026-07-15,7,ก.ค.,3,17,C191,PTT,ปตท.,15,exchange,1,5,4,1,2115,0,credit,phone,delivery,คนส่ง A
T01332,2026-07-16,7,ก.ค.,4,7,C174,SGP,สยามแก๊ส,48,exchange,1,2,2,0,2700,0,credit,phone,delivery,คนส่ง B
T01333,2026-07-16,7,ก.ค.,4,7,C148,PTT,ปตท.,4,exchange,1,1,1,0,160,0,cash,phone,delivery,คนส่ง A
T01334,2026-07-16,7,ก.ค.,4,8,C168,WP,เวิลด์แก๊ส,48,exchange,1,6,6,0,8100,0,credit,walk_in,pickup,
T01335,2026-07-16,7,ก.ค.,4,8,C181,WP,เวิลด์แก๊ส,15,exchange,1,2,2,0,846,0,credit,line,delivery,คนส่ง A
T01336,2026-07-16,7,ก.ค.,4,9,C160,WP,เวิลด์แก๊ส,48,exchange,1,3,3,0,4050,0,transfer,phone,delivery,คนส่ง B
T01337,2026-07-16,7,ก.ค.,4,10,C179,WP,เวิลด์แก๊ส,15,exchange,1,3,3,0,1269,0,transfer,line,delivery,คนส่ง A
T01338,2026-07-16,7,ก.ค.,4,10,C158,WP,เวิลด์แก๊ส,48,exchange,1,4,4,0,5400,0,credit,walk_in,pickup,
T01339,2026-07-16,7,ก.ค.,4,10,C040,UNQ,ยูนิคแก๊ส,15,exchange,1,1,1,0,423,0,transfer,line,delivery,คนส่ง B
T01340,2026-07-16,7,ก.ค.,4,11,C192,PTT,ปตท.,15,exchange,1,1,1,0,423,0,transfer,walk_in,pickup,
T01341,2026-07-16,7,ก.ค.,4,11,C177,UNQ,ยูนิคแก๊ส,48,exchange,1,4,4,0,5400,0,credit,phone,delivery,คนส่ง A
T01342,2026-07-16,7,ก.ค.,4,11,C038,SGP,สยามแก๊ส,15,exchange,1,1,2,-1,423,0,cash,line,delivery,คนส่ง A
T01343,2026-07-16,7,ก.ค.,4,16,C203,PTT,ปตท.,4,exchange,1,1,1,0,160,0,transfer,phone,delivery,คนส่ง A
T01344,2026-07-16,7,ก.ค.,4,16,C157,WP,เวิลด์แก๊ส,15,exchange,1,3,3,0,1269,0,transfer,line,delivery,คนส่ง B
T01345,2026-07-16,7,ก.ค.,4,17,C189,WP,เวิลด์แก๊ส,48,exchange,1,2,2,0,2700,0,transfer,walk_in,pickup,
T01346,2026-07-16,7,ก.ค.,4,17,C159,WP,เวิลด์แก๊ส,15,exchange,1,2,2,0,846,0,transfer,phone,delivery,คนส่ง B
T01347,2026-07-16,7,ก.ค.,4,17,C117,PTT,ปตท.,4,exchange,1,1,1,0,160,0,cash,phone,delivery,คนส่ง A
T01348,2026-07-17,7,ก.ค.,5,7,C176,PTT,ปตท.,15,exchange,1,5,6,-1,2115,0,cash,phone,delivery,คนส่ง A
T01349,2026-07-17,7,ก.ค.,5,7,C219,PTT,ปตท.,4,exchange,1,1,1,0,160,0,transfer,phone,delivery,คนส่ง B
T01350,2026-07-17,7,ก.ค.,5,8,C156,WP,เวิลด์แก๊ส,15,exchange,1,1,1,0,423,0,credit,walk_in,pickup,
T01351,2026-07-17,7,ก.ค.,5,10,C030,PTT,ปตท.,15,exchange,1,1,1,0,423,0,transfer,phone,delivery,คนส่ง B
T01352,2026-07-17,7,ก.ค.,5,11,C052,WP,เวิลด์แก๊ส,15,exchange,1,1,1,0,423,0,cash,phone,delivery,คนส่ง B
T01353,2026-07-17,7,ก.ค.,5,14,C163,UNQ,ยูนิคแก๊ส,15,exchange,1,3,3,0,1269,0,transfer,line,delivery,คนส่ง A
T01354,2026-07-17,7,ก.ค.,5,16,C208,WP,เวิลด์แก๊ส,15,exchange,1,1,1,0,423,0,cash,line,delivery,คนส่ง A
T01355,2026-07-18,7,ก.ค.,6,7,C199,UNQ,ยูนิคแก๊ส,15,exchange,1,1,0,1,423,0,cash,phone,delivery,คนส่ง A
T01356,2026-07-18,7,ก.ค.,6,9,C182,WP,เวิลด์แก๊ส,15,exchange,1,2,2,0,846,0,transfer,phone,delivery,คนส่ง A
T01357,2026-07-18,7,ก.ค.,6,10,C220,PTT,ปตท.,15,exchange,1,1,1,0,423,0,transfer,phone,delivery,คนส่ง B
T01358,2026-07-18,7,ก.ค.,6,11,C201,WP,เวิลด์แก๊ส,4,exchange,1,1,1,0,160,0,cash,line,delivery,คนส่ง B
T01359,2026-07-18,7,ก.ค.,6,11,C184,PTT,ปตท.,48,exchange,1,4,3,1,5400,0,cash,phone,delivery,คนส่ง A
T01360,2026-07-18,7,ก.ค.,6,12,C183,UNQ,ยูนิคแก๊ส,15,exchange,1,2,3,-1,846,0,credit,phone,delivery,คนส่ง A
T01361,2026-07-18,7,ก.ค.,6,13,C171,SGP,สยามแก๊ส,48,exchange,1,4,4,0,5400,0,cash,phone,delivery,คนส่ง A
T01362,2026-07-18,7,ก.ค.,6,13,C213,WP,เวิลด์แก๊ส,4,exchange,1,1,1,0,160,0,transfer,phone,delivery,คนส่ง A
T01363,2026-07-18,7,ก.ค.,6,15,C178,WP,เวิลด์แก๊ส,15,exchange,1,3,3,0,1269,0,credit,phone,delivery,คนส่ง B
T01364,2026-07-18,7,ก.ค.,6,16,C165,WP,เวิลด์แก๊ส,48,exchange,1,4,4,0,5400,0,credit,phone,delivery,คนส่ง B
T01365,2026-07-18,7,ก.ค.,6,16,C015,UNQ,ยูนิคแก๊ส,15,exchange,1,1,1,0,423,0,cash,phone,delivery,คนส่ง A
T01366,2026-07-19,7,ก.ค.,7,8,C170,UNQ,ยูนิคแก๊ส,15,exchange,1,4,4,0,1692,0,cash,phone,delivery,คนส่ง B
T01367,2026-07-19,7,ก.ค.,7,9,C139,WP,เวิลด์แก๊ส,15,exchange,1,1,1,0,423,0,cash,line,delivery,คนส่ง A
T01368,2026-07-19,7,ก.ค.,7,11,C204,WP,เวิลด์แก๊ส,15,exchange,1,1,1,0,423,0,credit,walk_in,pickup,
T01369,2026-07-19,7,ก.ค.,7,15,C175,SGP,สยามแก๊ส,15,exchange,1,1,1,0,423,0,cash,phone,delivery,คนส่ง A
T01370,2026-07-20,7,ก.ค.,1,7,C195,PTT,ปตท.,15,exchange,1,3,3,0,1269,0,transfer,phone,delivery,คนส่ง A
T01371,2026-07-20,7,ก.ค.,1,8,C173,WP,เวิลด์แก๊ส,48,exchange,1,3,3,0,4050,0,transfer,walk_in,pickup,
T01372,2026-07-20,7,ก.ค.,1,8,C166,PTT,ปตท.,15,exchange,1,4,5,-1,1692,0,credit,line,delivery,คนส่ง A
T01373,2026-07-20,7,ก.ค.,1,10,C214,SGP,สยามแก๊ส,15,exchange,1,1,1,0,423,0,transfer,phone,delivery,คนส่ง B
T01374,2026-07-20,7,ก.ค.,1,11,C153,WP,เวิลด์แก๊ส,48,exchange,1,6,6,0,8100,0,credit,phone,delivery,คนส่ง A
T01375,2026-07-20,7,ก.ค.,1,12,C164,PTT,ปตท.,15,exchange,1,3,3,0,1269,0,credit,phone,delivery,คนส่ง A
T01376,2026-07-20,7,ก.ค.,1,12,C185,WP,เวิลด์แก๊ส,15,exchange,1,2,2,0,846,0,credit,phone,delivery,คนส่ง A
T01377,2026-07-20,7,ก.ค.,1,12,C187,WP,เวิลด์แก๊ส,48,exchange,1,2,2,0,2700,0,cash,phone,delivery,คนส่ง B
T01378,2026-07-20,7,ก.ค.,1,12,C180,PTT,ปตท.,15,exchange,1,3,3,0,1269,0,transfer,phone,delivery,คนส่ง B
T01379,2026-07-20,7,ก.ค.,1,13,C193,PTT,ปตท.,48,exchange,1,2,2,0,2700,0,credit,line,delivery,คนส่ง B
T01380,2026-07-20,7,ก.ค.,1,14,C035,UNQ,ยูนิคแก๊ส,15,exchange,1,1,1,0,423,0,transfer,walk_in,pickup,
T01381,2026-07-20,7,ก.ค.,1,15,C161,PTT,ปตท.,15,exchange,1,2,1,1,846,0,cash,line,delivery,คนส่ง B
T01382,2026-07-20,7,ก.ค.,1,15,C034,UNQ,ยูนิคแก๊ส,15,exchange,1,1,1,0,423,0,transfer,walk_in,pickup,
T01383,2026-07-20,7,ก.ค.,1,15,C111,WP,เวิลด์แก๊ส,15,exchange,1,1,1,0,423,0,cash,phone,delivery,คนส่ง B
T01384,2026-07-20,7,ก.ค.,1,16,C186,UNQ,ยูนิคแก๊ส,15,exchange,1,2,2,0,846,0,credit,phone,delivery,คนส่ง B
T01385,2026-07-20,7,ก.ค.,1,16,C202,WP,เวิลด์แก๊ส,4,exchange,1,1,1,0,160,0,credit,phone,delivery,คนส่ง A
T01386,2026-07-20,7,ก.ค.,1,16,C162,PTT,ปตท.,15,exchange,1,4,4,0,1692,0,cash,phone,delivery,คนส่ง A
T01387,2026-07-20,7,ก.ค.,1,16,C211,WP,เวิลด์แก๊ส,4,exchange,1,1,1,0,160,0,cash,phone,delivery,คนส่ง A
T01388,2026-07-21,7,ก.ค.,2,7,C205,WP,เวิลด์แก๊ส,15,exchange,1,1,1,0,423,0,transfer,walk_in,pickup,
T01389,2026-07-21,7,ก.ค.,2,7,C155,SGP,สยามแก๊ส,48,exchange,1,1,1,0,1350,0,transfer,phone,delivery,คนส่ง B
T01390,2026-07-21,7,ก.ค.,2,9,C056,WP,เวิลด์แก๊ส,15,exchange,1,1,2,-1,423,0,transfer,phone,delivery,คนส่ง A
T01391,2026-07-21,7,ก.ค.,2,10,C190,SGP,สยามแก๊ส,15,exchange,1,2,2,0,846,0,credit,phone,delivery,คนส่ง B
T01392,2026-07-21,7,ก.ค.,2,10,C215,UNQ,ยูนิคแก๊ส,4,exchange,1,1,1,0,160,0,transfer,line,delivery,คนส่ง B
T01393,2026-07-21,7,ก.ค.,2,10,C177,UNQ,ยูนิคแก๊ส,48,exchange,1,1,1,0,1350,0,credit,walk_in,pickup,
T01394,2026-07-21,7,ก.ค.,2,11,C152,UNQ,ยูนิคแก๊ส,15,exchange,1,2,3,-1,846,0,credit,phone,delivery,คนส่ง A
T01395,2026-07-21,7,ก.ค.,2,11,C154,UNQ,ยูนิคแก๊ส,48,exchange,1,2,2,0,2700,0,cash,phone,delivery,คนส่ง A
T01396,2026-07-21,7,ก.ค.,2,11,C157,WP,เวิลด์แก๊ส,15,exchange,1,6,6,0,2538,0,cash,walk_in,pickup,
T01397,2026-07-21,7,ก.ค.,2,11,C054,UNQ,ยูนิคแก๊ส,4,exchange,1,1,0,1,160,0,cash,line,delivery,คนส่ง B
T01398,2026-07-21,7,ก.ค.,2,12,C179,WP,เวิลด์แก๊ส,15,exchange,1,2,1,1,846,0,transfer,phone,delivery,คนส่ง A
T01399,2026-07-21,7,ก.ค.,2,14,C194,PTT,ปตท.,15,exchange,1,2,2,0,846,0,credit,line,delivery,คนส่ง A
T01400,2026-07-21,7,ก.ค.,2,16,C151,UNQ,ยูนิคแก๊ส,48,exchange,1,2,2,0,2700,0,cash,phone,delivery,คนส่ง B
T01401,2026-07-22,7,ก.ค.,3,7,C156,WP,เวิลด์แก๊ส,15,exchange,1,2,2,0,846,0,credit,line,delivery,คนส่ง A
T01402,2026-07-22,7,ก.ค.,3,9,C191,PTT,ปตท.,15,exchange,1,3,4,-1,1269,0,credit,phone,delivery,คนส่ง A
T01403,2026-07-22,7,ก.ค.,3,10,C167,UNQ,ยูนิคแก๊ส,15,exchange,1,2,1,1,846,0,transfer,line,delivery,คนส่ง B
T01404,2026-07-22,7,ก.ค.,3,10,C026,WP,เวิลด์แก๊ส,15,exchange,1,1,1,0,423,0,transfer,walk_in,pickup,
T01405,2026-07-22,7,ก.ค.,3,11,C125,WP,เวิลด์แก๊ส,15,exchange,1,1,1,0,423,0,cash,phone,delivery,คนส่ง B
T01406,2026-07-22,7,ก.ค.,3,11,C216,WP,เวิลด์แก๊ส,15,exchange,1,1,1,0,423,0,cash,walk_in,pickup,
T01407,2026-07-22,7,ก.ค.,3,11,C158,WP,เวิลด์แก๊ส,48,exchange,1,3,3,0,4050,0,credit,phone,delivery,คนส่ง B
T01408,2026-07-22,7,ก.ค.,3,11,C163,UNQ,ยูนิคแก๊ส,15,exchange,1,3,3,0,1269,0,cash,phone,delivery,คนส่ง A
T01409,2026-07-22,7,ก.ค.,3,11,C102,PTT,ปตท.,4,exchange,1,1,1,0,160,0,transfer,phone,delivery,คนส่ง B
T01410,2026-07-22,7,ก.ค.,3,13,C218,WP,เวิลด์แก๊ส,15,exchange,1,1,1,0,423,0,cash,line,delivery,คนส่ง A
T01411,2026-07-22,7,ก.ค.,3,13,C176,PTT,ปตท.,15,exchange,1,3,3,0,1269,0,transfer,phone,delivery,คนส่ง A
T01412,2026-07-22,7,ก.ค.,3,14,C203,PTT,ปตท.,4,exchange,1,1,1,0,160,0,transfer,phone,delivery,คนส่ง A
T01413,2026-07-22,7,ก.ค.,3,14,C049,PTT,ปตท.,15,exchange,1,1,1,0,423,0,transfer,walk_in,pickup,
T01414,2026-07-22,7,ก.ค.,3,15,C174,SGP,สยามแก๊ส,48,exchange,1,3,3,0,4050,0,credit,phone,delivery,คนส่ง B
T01415,2026-07-22,7,ก.ค.,3,15,C189,WP,เวิลด์แก๊ส,48,exchange,1,2,2,0,2700,0,cash,line,delivery,คนส่ง B
T01416,2026-07-22,7,ก.ค.,3,15,C207,PTT,ปตท.,15,exchange,1,1,1,0,423,0,cash,phone,delivery,คนส่ง B
T01417,2026-07-22,7,ก.ค.,3,16,C004,SGP,สยามแก๊ส,15,exchange,1,1,1,0,423,0,cash,phone,delivery,คนส่ง B
T01418,2026-07-22,7,ก.ค.,3,16,C168,WP,เวิลด์แก๊ส,48,exchange,1,5,5,0,6750,0,credit,line,delivery,คนส่ง B
T01419,2026-07-22,7,ก.ค.,3,17,C159,WP,เวิลด์แก๊ส,15,exchange,1,4,4,0,1692,0,transfer,walk_in,pickup,
T01420,2026-07-22,7,ก.ค.,3,17,C150,UNQ,ยูนิคแก๊ส,15,exchange,1,1,1,0,423,0,transfer,phone,delivery,คนส่ง A
T01421,2026-07-22,7,ก.ค.,3,17,C192,PTT,ปตท.,15,exchange,1,2,2,0,846,0,cash,walk_in,pickup,
T01422,2026-07-23,7,ก.ค.,4,8,C160,WP,เวิลด์แก๊ส,48,exchange,1,2,2,0,2700,0,transfer,walk_in,pickup,
T01423,2026-07-23,7,ก.ค.,4,10,C183,UNQ,ยูนิคแก๊ส,15,exchange,1,1,1,0,423,0,credit,phone,delivery,คนส่ง B
T01424,2026-07-23,7,ก.ค.,4,11,C103,PTT,ปตท.,15,new_cylinder,1,1,0,0,423,1300,transfer,phone,delivery,คนส่ง B
T01425,2026-07-23,7,ก.ค.,4,11,C197,WP,เวิลด์แก๊ส,15,exchange,1,1,1,0,423,0,cash,walk_in,pickup,
T01426,2026-07-23,7,ก.ค.,4,14,C011,WP,เวิลด์แก๊ส,15,exchange,1,1,1,0,423,0,cash,phone,delivery,คนส่ง A
T01427,2026-07-24,7,ก.ค.,5,8,C200,WP,เวิลด์แก๊ส,15,exchange,1,1,1,0,423,0,cash,line,delivery,คนส่ง B
T01428,2026-07-24,7,ก.ค.,5,8,C182,WP,เวิลด์แก๊ส,15,exchange,1,2,2,0,846,0,cash,line,delivery,คนส่ง B
T01429,2026-07-24,7,ก.ค.,5,8,C181,WP,เวิลด์แก๊ส,15,exchange,1,2,2,0,846,0,credit,walk_in,pickup,
T01430,2026-07-24,7,ก.ค.,5,9,C175,SGP,สยามแก๊ส,15,exchange,1,2,2,0,846,0,cash,phone,delivery,คนส่ง B
T01431,2026-07-24,7,ก.ค.,5,10,C145,PTT,ปตท.,15,exchange,1,1,1,0,423,0,transfer,phone,delivery,คนส่ง B
T01432,2026-07-24,7,ก.ค.,5,10,C165,WP,เวิลด์แก๊ส,48,exchange,1,2,2,0,2700,0,credit,phone,delivery,คนส่ง B
T01433,2026-07-24,7,ก.ค.,5,11,C184,PTT,ปตท.,48,exchange,1,2,3,-1,2700,0,transfer,walk_in,pickup,
T01434,2026-07-24,7,ก.ค.,5,11,C164,PTT,ปตท.,15,exchange,1,3,3,0,1269,0,credit,phone,delivery,คนส่ง A
T01435,2026-07-24,7,ก.ค.,5,16,C171,SGP,สยามแก๊ส,48,exchange,1,3,3,0,4050,0,transfer,walk_in,pickup,
T01436,2026-07-25,7,ก.ค.,6,7,C012,WP,เวิลด์แก๊ส,15,exchange,1,1,1,0,423,0,transfer,phone,delivery,คนส่ง A
T01437,2026-07-25,7,ก.ค.,6,7,C028,PTT,ปตท.,4,exchange,1,1,1,0,160,0,cash,phone,delivery,คนส่ง B
T01438,2026-07-25,7,ก.ค.,6,7,C132,WP,เวิลด์แก๊ส,15,exchange,1,1,1,0,423,0,transfer,walk_in,pickup,
T01439,2026-07-25,7,ก.ค.,6,9,C208,WP,เวิลด์แก๊ส,15,exchange,1,1,1,0,423,0,cash,walk_in,pickup,
T01440,2026-07-25,7,ก.ค.,6,9,C064,PTT,ปตท.,15,exchange,1,1,0,1,423,0,transfer,phone,delivery,คนส่ง A
T01441,2026-07-25,7,ก.ค.,6,10,C180,PTT,ปตท.,15,exchange,1,4,4,0,1692,0,cash,phone,delivery,คนส่ง A
T01442,2026-07-25,7,ก.ค.,6,11,C195,PTT,ปตท.,15,exchange,1,4,4,0,1692,0,transfer,phone,delivery,คนส่ง A
T01443,2026-07-25,7,ก.ค.,6,14,C153,WP,เวิลด์แก๊ส,48,exchange,1,5,5,0,6750,0,credit,line,delivery,คนส่ง B
T01444,2026-07-25,7,ก.ค.,6,14,C217,SGP,สยามแก๊ส,4,exchange,1,1,1,0,160,0,cash,walk_in,pickup,
T01445,2026-07-25,7,ก.ค.,6,17,C196,WP,เวิลด์แก๊ส,15,exchange,1,1,1,0,423,0,transfer,phone,delivery,คนส่ง B
T01446,2026-07-25,7,ก.ค.,6,17,C161,PTT,ปตท.,15,exchange,1,2,3,-1,846,0,transfer,line,delivery,คนส่ง B
T01447,2026-07-26,7,ก.ค.,7,9,C187,WP,เวิลด์แก๊ส,48,exchange,1,2,2,0,2700,0,cash,line,delivery,คนส่ง A
T01448,2026-07-26,7,ก.ค.,7,10,C186,UNQ,ยูนิคแก๊ส,15,exchange,1,3,3,0,1269,0,credit,line,delivery,คนส่ง A
T01449,2026-07-26,7,ก.ค.,7,11,C163,UNQ,ยูนิคแก๊ส,15,exchange,1,4,4,0,1692,0,transfer,line,delivery,คนส่ง B
T01450,2026-07-26,7,ก.ค.,7,11,C198,SGP,สยามแก๊ส,4,exchange,1,1,1,0,160,0,transfer,walk_in,pickup,
T01451,2026-07-26,7,ก.ค.,7,16,C174,SGP,สยามแก๊ส,48,exchange,1,3,3,0,4050,0,credit,phone,delivery,คนส่ง B
T01452,2026-07-27,7,ก.ค.,1,8,C189,WP,เวิลด์แก๊ส,48,exchange,1,2,2,0,2700,0,transfer,phone,delivery,คนส่ง B
T01453,2026-07-27,7,ก.ค.,1,8,C185,WP,เวิลด์แก๊ส,15,exchange,1,1,1,0,423,0,credit,walk_in,pickup,
T01454,2026-07-27,7,ก.ค.,1,9,C112,WP,เวิลด์แก๊ส,15,exchange,1,1,1,0,423,0,transfer,line,delivery,คนส่ง B
T01455,2026-07-27,7,ก.ค.,1,9,C073,PTT,ปตท.,15,exchange,1,1,1,0,423,0,cash,phone,delivery,คนส่ง A
T01456,2026-07-27,7,ก.ค.,1,9,C170,UNQ,ยูนิคแก๊ส,15,exchange,1,4,4,0,1692,0,transfer,walk_in,pickup,
T01457,2026-07-27,7,ก.ค.,1,9,C179,WP,เวิลด์แก๊ส,15,exchange,1,2,3,-1,846,0,transfer,phone,delivery,คนส่ง B
T01458,2026-07-27,7,ก.ค.,1,10,C202,WP,เวิลด์แก๊ส,4,exchange,1,1,1,0,160,0,credit,phone,delivery,คนส่ง B
T01459,2026-07-27,7,ก.ค.,1,11,C166,PTT,ปตท.,15,exchange,1,2,2,0,846,0,credit,phone,delivery,คนส่ง A
T01460,2026-07-27,7,ก.ค.,1,11,C210,PTT,ปตท.,4,exchange,1,1,1,0,160,0,cash,phone,delivery,คนส่ง A
T01461,2026-07-27,7,ก.ค.,1,14,C177,UNQ,ยูนิคแก๊ส,48,exchange,1,4,4,0,5400,0,credit,line,delivery,คนส่ง B
T01462,2026-07-27,7,ก.ค.,1,14,C162,PTT,ปตท.,15,exchange,1,2,2,0,846,0,transfer,walk_in,pickup,
T01463,2026-07-27,7,ก.ค.,1,14,C178,WP,เวิลด์แก๊ส,15,exchange,1,3,3,0,1269,0,credit,walk_in,pickup,
T01464,2026-07-27,7,ก.ค.,1,14,C062,WP,เวิลด์แก๊ส,15,exchange,1,1,1,0,423,0,transfer,phone,delivery,คนส่ง A
T01465,2026-07-27,7,ก.ค.,1,14,C031,WP,เวิลด์แก๊ส,15,exchange,1,1,1,0,423,0,cash,walk_in,pickup,
T01466,2026-07-27,7,ก.ค.,1,15,C059,WP,เวิลด์แก๊ส,4,exchange,1,1,1,0,160,0,cash,line,delivery,คนส่ง A
T01467,2026-07-27,7,ก.ค.,1,15,C159,WP,เวิลด์แก๊ส,15,exchange,1,5,5,0,2115,0,transfer,walk_in,pickup,
T01468,2026-07-27,7,ก.ค.,1,16,C173,WP,เวิลด์แก๊ส,48,exchange,1,4,4,0,5400,0,transfer,phone,delivery,คนส่ง A
T01469,2026-07-27,7,ก.ค.,1,16,C001,SGP,สยามแก๊ส,15,exchange,1,1,1,0,423,0,transfer,phone,delivery,คนส่ง B
T01470,2026-07-27,7,ก.ค.,1,17,C154,UNQ,ยูนิคแก๊ส,48,exchange,1,2,2,0,2700,0,transfer,phone,delivery,คนส่ง A
T01471,2026-07-27,7,ก.ค.,1,17,C164,PTT,ปตท.,15,exchange,1,2,2,0,846,0,credit,phone,delivery,คนส่ง A
T01472,2026-07-27,7,ก.ค.,1,18,C193,PTT,ปตท.,48,exchange,1,2,2,0,2700,0,credit,line,delivery,คนส่ง A
T01473,2026-07-28,7,ก.ค.,2,7,C220,PTT,ปตท.,15,exchange,1,1,1,0,423,0,cash,walk_in,pickup,
T01474,2026-07-28,7,ก.ค.,2,8,C152,UNQ,ยูนิคแก๊ส,15,exchange,1,4,4,0,1692,0,credit,phone,delivery,คนส่ง A
T01475,2026-07-28,7,ก.ค.,2,8,C213,WP,เวิลด์แก๊ส,4,exchange,1,1,1,0,160,0,transfer,walk_in,pickup,
T01476,2026-07-28,7,ก.ค.,2,10,C157,WP,เวิลด์แก๊ส,15,exchange,1,4,4,0,1692,0,transfer,phone,delivery,คนส่ง A
T01477,2026-07-28,7,ก.ค.,2,10,C190,SGP,สยามแก๊ส,15,exchange,1,3,3,0,1269,0,credit,walk_in,pickup,
T01478,2026-07-28,7,ก.ค.,2,10,C201,WP,เวิลด์แก๊ส,4,exchange,1,1,1,0,160,0,transfer,phone,delivery,คนส่ง A
T01479,2026-07-28,7,ก.ค.,2,11,C194,PTT,ปตท.,15,exchange,1,5,5,0,2115,0,credit,phone,delivery,คนส่ง A
T01480,2026-07-28,7,ก.ค.,2,11,C199,UNQ,ยูนิคแก๊ส,15,exchange,1,1,2,-1,423,0,cash,phone,delivery,คนส่ง A
T01481,2026-07-28,7,ก.ค.,2,12,C204,WP,เวิลด์แก๊ส,15,exchange,1,1,1,0,423,0,credit,line,delivery,คนส่ง B
T01482,2026-07-28,7,ก.ค.,2,12,C021,PTT,ปตท.,15,exchange,1,1,1,0,423,0,transfer,phone,delivery,คนส่ง B
T01483,2026-07-28,7,ก.ค.,2,12,C184,PTT,ปตท.,48,exchange,1,3,3,0,4050,0,cash,walk_in,pickup,
T01484,2026-07-28,7,ก.ค.,2,12,C002,SGP,สยามแก๊ส,15,exchange,1,1,1,0,423,0,cash,walk_in,pickup,
T01485,2026-07-28,7,ก.ค.,2,13,C183,UNQ,ยูนิคแก๊ส,15,exchange,1,1,1,0,423,0,credit,phone,delivery,คนส่ง A
T01486,2026-07-28,7,ก.ค.,2,14,C158,WP,เวิลด์แก๊ส,48,exchange,1,4,4,0,5400,0,credit,line,delivery,คนส่ง A
T01487,2026-07-28,7,ก.ค.,2,14,C155,SGP,สยามแก๊ส,48,exchange,1,2,2,0,2700,0,cash,walk_in,pickup,
T01488,2026-07-28,7,ก.ค.,2,15,C165,WP,เวิลด์แก๊ส,48,exchange,1,2,2,0,2700,0,credit,walk_in,pickup,
T01489,2026-07-28,7,ก.ค.,2,15,C209,WP,เวิลด์แก๊ส,4,new_cylinder,1,2,0,0,320,1400,transfer,phone,delivery,คนส่ง A
T01490,2026-07-29,7,ก.ค.,3,8,C168,WP,เวิลด์แก๊ส,48,exchange,1,5,5,0,6750,0,credit,walk_in,pickup,
T01491,2026-07-29,7,ก.ค.,3,9,C161,PTT,ปตท.,15,exchange,1,1,1,0,423,0,cash,phone,delivery,คนส่ง A
T01492,2026-07-29,7,ก.ค.,3,10,C167,UNQ,ยูนิคแก๊ส,15,exchange,1,3,3,0,1269,0,cash,phone,delivery,คนส่ง B
T01493,2026-07-29,7,ก.ค.,3,10,C192,PTT,ปตท.,15,exchange,1,1,1,0,423,0,transfer,walk_in,pickup,
T01494,2026-07-29,7,ก.ค.,3,10,C219,PTT,ปตท.,4,exchange,1,1,1,0,160,0,transfer,line,delivery,คนส่ง B
T01495,2026-07-29,7,ก.ค.,3,11,C214,SGP,สยามแก๊ส,15,exchange,1,1,1,0,423,0,cash,walk_in,pickup,
T01496,2026-07-29,7,ก.ค.,3,11,C186,UNQ,ยูนิคแก๊ส,15,exchange,1,2,2,0,846,0,credit,phone,delivery,คนส่ง B
T01497,2026-07-29,7,ก.ค.,3,11,C007,SGP,สยามแก๊ส,15,exchange,1,1,1,0,423,0,cash,phone,delivery,คนส่ง A
T01498,2026-07-29,7,ก.ค.,3,14,C156,WP,เวิลด์แก๊ส,15,exchange,1,2,2,0,846,0,credit,phone,delivery,คนส่ง B
T01499,2026-07-29,7,ก.ค.,3,15,C160,WP,เวิลด์แก๊ส,48,exchange,1,3,3,0,4050,0,cash,phone,delivery,คนส่ง A
T01500,2026-07-29,7,ก.ค.,3,15,C006,PTT,ปตท.,15,exchange,1,1,1,0,423,0,cash,line,delivery,คนส่ง B
T01501,2026-07-29,7,ก.ค.,3,16,C151,UNQ,ยูนิคแก๊ส,48,exchange,1,2,2,0,2700,0,transfer,walk_in,pickup,
T01502,2026-07-29,7,ก.ค.,3,17,C182,WP,เวิลด์แก๊ส,15,exchange,1,1,1,0,423,0,cash,phone,delivery,คนส่ง A
T01503,2026-07-29,7,ก.ค.,3,17,C181,WP,เวิลด์แก๊ส,15,exchange,1,3,3,0,1269,0,credit,line,delivery,คนส่ง B
T01504,2026-07-30,7,ก.ค.,4,9,C044,WP,เวิลด์แก๊ส,15,exchange,1,1,1,0,423,0,transfer,line,delivery,คนส่ง B
T01505,2026-07-30,7,ก.ค.,4,9,C180,PTT,ปตท.,15,exchange,1,2,1,1,846,0,transfer,phone,delivery,คนส่ง A
T01506,2026-07-30,7,ก.ค.,4,10,C046,WP,เวิลด์แก๊ส,15,exchange,1,1,0,1,423,0,cash,line,delivery,คนส่ง A
T01507,2026-07-30,7,ก.ค.,4,10,C175,SGP,สยามแก๊ส,15,exchange,1,2,2,0,846,0,transfer,line,delivery,คนส่ง B
T01508,2026-07-30,7,ก.ค.,4,10,C171,SGP,สยามแก๊ส,48,exchange,1,3,3,0,4050,0,transfer,phone,delivery,คนส่ง B
T01509,2026-07-30,7,ก.ค.,4,11,C080,WP,เวิลด์แก๊ส,15,new_cylinder,1,1,0,0,423,1300,cash,phone,delivery,คนส่ง B
T01510,2026-07-30,7,ก.ค.,4,14,C179,WP,เวิลด์แก๊ส,15,exchange,1,2,2,0,846,0,cash,walk_in,pickup,
T01511,2026-07-30,7,ก.ค.,4,16,C123,WP,เวิลด์แก๊ส,15,exchange,1,1,1,0,423,0,transfer,walk_in,pickup,
T01512,2026-07-30,7,ก.ค.,4,16,C060,SGP,สยามแก๊ส,15,exchange,1,1,1,0,423,0,cash,phone,delivery,คนส่ง A
T01513,2026-07-30,7,ก.ค.,4,16,C176,PTT,ปตท.,15,exchange,1,5,5,0,2115,0,cash,phone,delivery,คนส่ง B
T01514,2026-07-30,7,ก.ค.,4,17,C215,UNQ,ยูนิคแก๊ส,4,exchange,1,1,1,0,160,0,transfer,phone,delivery,คนส่ง A
T01515,2026-07-31,7,ก.ค.,5,8,C113,WP,เวิลด์แก๊ส,15,exchange,1,1,1,0,423,0,cash,phone,delivery,คนส่ง A
T01516,2026-07-31,7,ก.ค.,5,8,C174,SGP,สยามแก๊ส,48,exchange,1,4,4,0,5400,0,credit,phone,delivery,คนส่ง A
T01517,2026-07-31,7,ก.ค.,5,9,C029,WP,เวิลด์แก๊ส,15,exchange,1,1,1,0,423,0,cash,walk_in,pickup,
T01518,2026-07-31,7,ก.ค.,5,9,C203,PTT,ปตท.,4,exchange,1,1,1,0,160,0,cash,phone,delivery,คนส่ง A
T01519,2026-07-31,7,ก.ค.,5,13,C191,PTT,ปตท.,15,exchange,1,5,5,0,2115,0,credit,walk_in,pickup,
T01520,2026-07-31,7,ก.ค.,5,13,C218,WP,เวิลด์แก๊ส,15,exchange,1,1,1,0,423,0,cash,phone,delivery,คนส่ง A
T01521,2026-07-31,7,ก.ค.,5,14,C096,WP,เวิลด์แก๊ส,15,exchange,1,1,0,1,423,0,transfer,phone,delivery,คนส่ง A
T01522,2026-07-31,7,ก.ค.,5,15,C153,WP,เวิลด์แก๊ส,48,exchange,1,3,3,0,4050,0,credit,walk_in,pickup,
T01523,2026-07-31,7,ก.ค.,5,16,C065,SGP,สยามแก๊ส,15,exchange,1,1,1,0,423,0,cash,walk_in,pickup,
T01524,2026-08-01,8,ส.ค.,6,8,C032,UNQ,ยูนิคแก๊ส,15,exchange,1,1,1,0,423,0,cash,phone,delivery,คนส่ง A
T01525,2026-08-01,8,ส.ค.,6,8,C067,PTT,ปตท.,4,exchange,1,1,1,0,160,0,cash,walk_in,pickup,
T01526,2026-08-01,8,ส.ค.,6,9,C173,WP,เวิลด์แก๊ส,48,exchange,1,3,3,0,4050,0,transfer,walk_in,pickup,
T01527,2026-08-01,8,ส.ค.,6,10,C129,WP,เวิลด์แก๊ส,15,exchange,1,1,1,0,423,0,cash,line,delivery,คนส่ง B
T01528,2026-08-01,8,ส.ค.,6,10,C207,PTT,ปตท.,15,exchange,1,1,1,0,423,0,transfer,line,delivery,คนส่ง A
T01529,2026-08-01,8,ส.ค.,6,10,C200,WP,เวิลด์แก๊ส,15,exchange,1,1,1,0,423,0,transfer,line,delivery,คนส่ง B
T01530,2026-08-01,8,ส.ค.,6,11,C162,PTT,ปตท.,15,exchange,1,2,2,0,846,0,cash,phone,delivery,คนส่ง B
T01531,2026-08-01,8,ส.ค.,6,15,C205,WP,เวิลด์แก๊ส,15,exchange,1,1,1,0,423,0,transfer,walk_in,pickup,
T01532,2026-08-01,8,ส.ค.,6,15,C189,WP,เวิลด์แก๊ส,48,exchange,1,3,3,0,4050,0,cash,phone,delivery,คนส่ง B
T01533,2026-08-01,8,ส.ค.,6,15,C170,UNQ,ยูนิคแก๊ส,15,exchange,1,3,4,-1,1269,0,cash,phone,delivery,คนส่ง B
T01534,2026-08-01,8,ส.ค.,6,16,C083,UNQ,ยูนิคแก๊ส,15,exchange,1,1,1,0,423,0,cash,phone,delivery,คนส่ง A
T01535,2026-08-01,8,ส.ค.,6,16,C039,PTT,ปตท.,15,exchange,1,1,1,0,423,0,transfer,walk_in,pickup,
T01536,2026-08-02,8,ส.ค.,7,10,C187,WP,เวิลด์แก๊ส,48,exchange,1,2,2,0,2700,0,transfer,walk_in,pickup,
T01537,2026-08-02,8,ส.ค.,7,12,C195,PTT,ปตท.,15,exchange,1,3,3,0,1269,0,transfer,walk_in,pickup,
T01538,2026-08-02,8,ส.ค.,7,13,C217,SGP,สยามแก๊ส,4,exchange,1,1,1,0,160,0,transfer,walk_in,pickup,
T01539,2026-08-02,8,ส.ค.,7,13,C050,SGP,สยามแก๊ส,15,exchange,1,1,1,0,423,0,cash,phone,delivery,คนส่ง A
T01540,2026-08-02,8,ส.ค.,7,15,C211,WP,เวิลด์แก๊ส,4,exchange,1,1,1,0,160,0,cash,line,delivery,คนส่ง B
T01541,2026-08-03,8,ส.ค.,1,7,C082,UNQ,ยูนิคแก๊ส,15,exchange,1,1,1,0,423,0,cash,line,delivery,คนส่ง A
T01542,2026-08-03,8,ส.ค.,1,8,C142,PTT,ปตท.,15,exchange,1,1,2,-1,423,0,transfer,phone,delivery,คนส่ง B
T01543,2026-08-03,8,ส.ค.,1,8,C013,PTT,ปตท.,15,exchange,1,1,1,0,423,0,cash,line,delivery,คนส่ง B
T01544,2026-08-03,8,ส.ค.,1,8,C185,WP,เวิลด์แก๊ส,15,exchange,1,1,1,0,423,0,credit,walk_in,pickup,
T01545,2026-08-03,8,ส.ค.,1,8,C071,UNQ,ยูนิคแก๊ส,15,exchange,1,1,1,0,423,0,transfer,phone,delivery,คนส่ง B
T01546,2026-08-03,8,ส.ค.,1,9,C168,WP,เวิลด์แก๊ส,48,exchange,1,4,4,0,5400,0,credit,line,delivery,คนส่ง B
T01547,2026-08-03,8,ส.ค.,1,9,C183,UNQ,ยูนิคแก๊ส,15,exchange,1,4,4,0,1692,0,credit,line,delivery,คนส่ง A
T01548,2026-08-03,8,ส.ค.,1,9,C216,WP,เวิลด์แก๊ส,15,exchange,1,1,1,0,423,0,cash,walk_in,pickup,
T01549,2026-08-03,8,ส.ค.,1,10,C164,PTT,ปตท.,15,exchange,1,4,4,0,1692,0,credit,phone,delivery,คนส่ง B
T01550,2026-08-03,8,ส.ค.,1,11,C184,PTT,ปตท.,48,exchange,1,4,4,0,5400,0,transfer,line,delivery,คนส่ง A
T01551,2026-08-03,8,ส.ค.,1,11,C092,WP,เวิลด์แก๊ส,15,new_cylinder,1,1,0,0,423,1300,transfer,phone,delivery,คนส่ง A
T01552,2026-08-03,8,ส.ค.,1,11,C161,PTT,ปตท.,15,exchange,1,1,1,0,423,0,transfer,line,delivery,คนส่ง A
T01553,2026-08-03,8,ส.ค.,1,13,C154,UNQ,ยูนิคแก๊ส,48,exchange,1,2,2,0,2700,0,transfer,walk_in,pickup,
T01554,2026-08-03,8,ส.ค.,1,14,C158,WP,เวิลด์แก๊ส,48,exchange,1,3,3,0,4050,0,credit,phone,delivery,คนส่ง B
T01555,2026-08-03,8,ส.ค.,1,14,C159,WP,เวิลด์แก๊ส,15,exchange,1,2,2,0,846,0,cash,phone,delivery,คนส่ง B
T01556,2026-08-03,8,ส.ค.,1,15,C131,SGP,สยามแก๊ส,15,exchange,1,1,1,0,423,0,cash,phone,delivery,คนส่ง A
T01557,2026-08-03,8,ส.ค.,1,15,C194,PTT,ปตท.,15,exchange,1,4,4,0,1692,0,credit,walk_in,pickup,
T01558,2026-08-03,8,ส.ค.,1,15,C036,WP,เวิลด์แก๊ส,15,exchange,1,1,1,0,423,0,transfer,walk_in,pickup,
T01559,2026-08-03,8,ส.ค.,1,16,C152,UNQ,ยูนิคแก๊ส,15,exchange,1,4,4,0,1692,0,credit,walk_in,pickup,
T01560,2026-08-03,8,ส.ค.,1,16,C160,WP,เวิลด์แก๊ส,48,exchange,1,3,3,0,4050,0,cash,phone,delivery,คนส่ง B
T01561,2026-08-03,8,ส.ค.,1,16,C163,UNQ,ยูนิคแก๊ส,15,exchange,1,6,5,1,2538,0,transfer,phone,delivery,คนส่ง B
T01562,2026-08-03,8,ส.ค.,1,17,C167,UNQ,ยูนิคแก๊ส,15,exchange,1,6,7,-1,2538,0,cash,phone,delivery,คนส่ง A
T01563,2026-08-03,8,ส.ค.,1,17,C208,WP,เวิลด์แก๊ส,15,exchange,1,1,1,0,423,0,transfer,walk_in,pickup,
T01564,2026-08-03,8,ส.ค.,1,18,C098,WP,เวิลด์แก๊ส,15,exchange,1,1,1,0,423,0,cash,line,delivery,คนส่ง B
T01565,2026-08-03,8,ส.ค.,1,18,C182,WP,เวิลด์แก๊ส,15,exchange,1,2,2,0,846,0,transfer,phone,delivery,คนส่ง B
T01566,2026-08-03,8,ส.ค.,1,18,C116,SGP,สยามแก๊ส,15,exchange,1,1,1,0,423,0,cash,phone,delivery,คนส่ง A
T01567,2026-08-04,8,ส.ค.,2,7,C190,SGP,สยามแก๊ส,15,exchange,1,3,3,0,1269,0,credit,phone,delivery,คนส่ง A
T01568,2026-08-04,8,ส.ค.,2,8,C213,WP,เวิลด์แก๊ส,4,exchange,1,1,1,0,160,0,transfer,walk_in,pickup,
T01569,2026-08-04,8,ส.ค.,2,9,C165,WP,เวิลด์แก๊ส,48,exchange,1,2,2,0,2700,0,credit,walk_in,pickup,
T01570,2026-08-04,8,ส.ค.,2,9,C196,WP,เวิลด์แก๊ส,15,exchange,1,1,1,0,423,0,cash,walk_in,pickup,
T01571,2026-08-04,8,ส.ค.,2,10,C193,PTT,ปตท.,48,exchange,1,2,2,0,2700,0,credit,line,delivery,คนส่ง B
T01572,2026-08-04,8,ส.ค.,2,10,C093,UNQ,ยูนิคแก๊ส,15,exchange,1,1,1,0,423,0,cash,phone,delivery,คนส่ง A
T01573,2026-08-04,8,ส.ค.,2,10,C104,UNQ,ยูนิคแก๊ส,15,exchange,1,1,1,0,423,0,cash,line,delivery,คนส่ง B
T01574,2026-08-04,8,ส.ค.,2,11,C166,PTT,ปตท.,15,exchange,1,2,2,0,846,0,credit,walk_in,pickup,
T01575,2026-08-04,8,ส.ค.,2,11,C153,WP,เวิลด์แก๊ส,48,exchange,1,6,5,1,8100,0,credit,line,delivery,คนส่ง B
T01576,2026-08-04,8,ส.ค.,2,14,C178,WP,เวิลด์แก๊ส,15,exchange,1,3,3,0,1269,0,credit,phone,delivery,คนส่ง A
T01577,2026-08-04,8,ส.ค.,2,14,C177,UNQ,ยูนิคแก๊ส,48,exchange,1,2,2,0,2700,0,credit,line,delivery,คนส่ง B
T01578,2026-08-04,8,ส.ค.,2,15,C097,WP,เวิลด์แก๊ส,15,exchange,1,1,1,0,423,0,cash,walk_in,pickup,
T01579,2026-08-04,8,ส.ค.,2,16,C068,PTT,ปตท.,15,exchange,1,1,1,0,423,0,transfer,walk_in,pickup,
T01580,2026-08-04,8,ส.ค.,2,16,C155,SGP,สยามแก๊ส,48,exchange,1,4,4,0,5400,0,cash,walk_in,pickup,
T01581,2026-08-04,8,ส.ค.,2,16,C151,UNQ,ยูนิคแก๊ส,48,exchange,1,3,3,0,4050,0,cash,walk_in,pickup,
T01582,2026-08-04,8,ส.ค.,2,17,C171,SGP,สยามแก๊ส,48,exchange,1,2,2,0,2700,0,cash,line,delivery,คนส่ง A
T01583,2026-08-04,8,ส.ค.,2,17,C175,SGP,สยามแก๊ส,15,exchange,1,3,3,0,1269,0,transfer,phone,delivery,คนส่ง A
T01584,2026-08-05,8,ส.ค.,3,7,C048,UNQ,ยูนิคแก๊ส,15,exchange,1,1,0,1,423,0,transfer,line,delivery,คนส่ง A
T01585,2026-08-05,8,ส.ค.,3,7,C191,PTT,ปตท.,15,exchange,1,2,2,0,846,0,credit,phone,delivery,คนส่ง A
T01586,2026-08-05,8,ส.ค.,3,10,C176,PTT,ปตท.,15,exchange,1,4,4,0,1692,0,cash,walk_in,pickup,
T01587,2026-08-05,8,ส.ค.,3,10,C099,WP,เวิลด์แก๊ส,15,exchange,1,1,1,0,423,0,cash,phone,delivery,คนส่ง A
T01588,2026-08-05,8,ส.ค.,3,12,C197,WP,เวิลด์แก๊ส,15,exchange,1,1,1,0,423,0,cash,line,delivery,คนส่ง B
T01589,2026-08-05,8,ส.ค.,3,13,C174,SGP,สยามแก๊ส,48,exchange,1,4,4,0,5400,0,credit,walk_in,pickup,
T01590,2026-08-05,8,ส.ค.,3,13,C209,WP,เวิลด์แก๊ส,4,exchange,1,1,1,0,160,0,transfer,walk_in,pickup,
T01591,2026-08-05,8,ส.ค.,3,16,C192,PTT,ปตท.,15,exchange,1,2,2,0,846,0,transfer,phone,delivery,คนส่ง B
T01592,2026-08-05,8,ส.ค.,3,16,C181,WP,เวิลด์แก๊ส,15,exchange,1,3,3,0,1269,0,credit,line,delivery,คนส่ง A
T01593,2026-08-05,8,ส.ค.,3,17,C076,WP,เวิลด์แก๊ส,15,exchange,1,1,1,0,423,0,cash,phone,delivery,คนส่ง B
T01594,2026-08-05,8,ส.ค.,3,18,C157,WP,เวิลด์แก๊ส,15,exchange,1,1,1,0,423,0,cash,phone,delivery,คนส่ง A
T01595,2026-08-06,8,ส.ค.,4,9,C180,PTT,ปตท.,15,exchange,1,1,1,0,423,0,transfer,line,delivery,คนส่ง A
T01596,2026-08-06,8,ส.ค.,4,10,C141,SGP,สยามแก๊ส,15,exchange,1,1,1,0,423,0,cash,phone,delivery,คนส่ง A
T01597,2026-08-06,8,ส.ค.,4,10,C198,SGP,สยามแก๊ส,4,exchange,1,1,1,0,160,0,transfer,phone,delivery,คนส่ง B
T01598,2026-08-06,8,ส.ค.,4,11,C009,SGP,สยามแก๊ส,15,exchange,1,1,1,0,423,0,cash,phone,delivery,คนส่ง A
T01599,2026-08-06,8,ส.ค.,4,12,C162,PTT,ปตท.,15,exchange,1,4,4,0,1692,0,transfer,phone,delivery,คนส่ง B
T01600,2026-08-06,8,ส.ค.,4,13,C179,WP,เวิลด์แก๊ส,15,exchange,1,2,1,1,846,0,cash,phone,delivery,คนส่ง B
T01601,2026-08-06,8,ส.ค.,4,14,C212,SGP,สยามแก๊ส,15,new_cylinder,1,2,0,0,846,2600,cash,walk_in,pickup,
T01602,2026-08-06,8,ส.ค.,4,14,C107,UNQ,ยูนิคแก๊ส,15,exchange,1,1,1,0,423,0,cash,line,delivery,คนส่ง A
T01603,2026-08-06,8,ส.ค.,4,15,C135,PTT,ปตท.,15,exchange,1,1,1,0,423,0,cash,line,delivery,คนส่ง B
T01604,2026-08-06,8,ส.ค.,4,16,C186,UNQ,ยูนิคแก๊ส,15,exchange,1,2,2,0,846,0,credit,walk_in,pickup,
T01605,2026-08-06,8,ส.ค.,4,16,C199,UNQ,ยูนิคแก๊ส,15,exchange,1,1,1,0,423,0,cash,walk_in,pickup,
T01606,2026-08-06,8,ส.ค.,4,16,C137,PTT,ปตท.,15,exchange,1,1,2,-1,423,0,cash,walk_in,pickup,
T01607,2026-08-06,8,ส.ค.,4,16,C156,WP,เวิลด์แก๊ส,15,exchange,1,2,2,0,846,0,credit,line,delivery,คนส่ง B
T01608,2026-08-06,8,ส.ค.,4,16,C202,WP,เวิลด์แก๊ส,4,exchange,1,1,2,-1,160,0,credit,phone,delivery,คนส่ง B
T01609,2026-08-06,8,ส.ค.,4,17,C167,UNQ,ยูนิคแก๊ส,15,exchange,1,3,3,0,1269,0,cash,walk_in,pickup,
T01610,2026-08-07,8,ส.ค.,5,8,C214,SGP,สยามแก๊ส,15,exchange,1,1,1,0,423,0,transfer,phone,delivery,คนส่ง A
T01611,2026-08-07,8,ส.ค.,5,8,C200,WP,เวิลด์แก๊ส,15,exchange,1,1,1,0,423,0,cash,line,delivery,คนส่ง B
T01612,2026-08-07,8,ส.ค.,5,8,C069,WP,เวิลด์แก๊ส,15,exchange,1,1,1,0,423,0,cash,walk_in,pickup,
T01613,2026-08-07,8,ส.ค.,5,10,C218,WP,เวิลด์แก๊ส,15,exchange,1,1,1,0,423,0,transfer,line,delivery,คนส่ง B
T01614,2026-08-07,8,ส.ค.,5,10,C033,UNQ,ยูนิคแก๊ส,15,exchange,1,1,1,0,423,0,transfer,walk_in,pickup,
T01615,2026-08-07,8,ส.ค.,5,10,C220,PTT,ปตท.,15,exchange,1,1,1,0,423,0,cash,walk_in,pickup,
T01616,2026-08-07,8,ส.ค.,5,11,C207,PTT,ปตท.,15,exchange,1,1,1,0,423,0,cash,phone,delivery,คนส่ง B
T01617,2026-08-07,8,ส.ค.,5,11,C136,PTT,ปตท.,15,exchange,1,1,1,0,423,0,cash,line,delivery,คนส่ง B
T01618,2026-08-07,8,ส.ค.,5,15,C210,PTT,ปตท.,4,exchange,1,1,1,0,160,0,cash,line,delivery,คนส่ง A
T01619,2026-08-07,8,ส.ค.,5,16,C115,PTT,ปตท.,15,exchange,1,1,1,0,423,0,cash,phone,delivery,คนส่ง A
T01620,2026-08-07,8,ส.ค.,5,16,C159,WP,เวิลด์แก๊ส,15,exchange,1,3,3,0,1269,0,transfer,phone,delivery,คนส่ง A
T01621,2026-08-07,8,ส.ค.,5,16,C163,UNQ,ยูนิคแก๊ส,15,exchange,1,6,6,0,2538,0,cash,phone,delivery,คนส่ง B
T01622,2026-08-07,8,ส.ค.,5,16,C094,SGP,สยามแก๊ส,15,exchange,1,1,1,0,423,0,transfer,walk_in,pickup,
T01623,2026-08-08,8,ส.ค.,6,7,C161,PTT,ปตท.,15,exchange,1,1,1,0,423,0,cash,phone,delivery,คนส่ง A
T01624,2026-08-08,8,ส.ค.,6,8,C118,UNQ,ยูนิคแก๊ส,4,exchange,1,1,1,0,160,0,transfer,phone,delivery,คนส่ง A
T01625,2026-08-08,8,ส.ค.,6,9,C024,PTT,ปตท.,15,exchange,1,1,1,0,423,0,transfer,phone,delivery,คนส่ง A
T01626,2026-08-08,8,ส.ค.,6,11,C164,PTT,ปตท.,15,exchange,1,3,3,0,1269,0,credit,line,delivery,คนส่ง B
T01627,2026-08-08,8,ส.ค.,6,11,C173,WP,เวิลด์แก๊ส,48,exchange,1,3,3,0,4050,0,transfer,phone,delivery,คนส่ง A
T01628,2026-08-08,8,ส.ค.,6,12,C187,WP,เวิลด์แก๊ส,48,exchange,1,1,1,0,1350,0,cash,phone,delivery,คนส่ง A
T01629,2026-08-08,8,ส.ค.,6,13,C018,WP,เวิลด์แก๊ส,15,exchange,1,1,1,0,423,0,cash,phone,delivery,คนส่ง B
T01630,2026-08-08,8,ส.ค.,6,14,C195,PTT,ปตท.,15,exchange,1,4,4,0,1692,0,transfer,walk_in,pickup,
T01631,2026-08-08,8,ส.ค.,6,15,C204,WP,เวิลด์แก๊ส,15,exchange,1,1,1,0,423,0,credit,phone,delivery,คนส่ง A
T01632,2026-08-08,8,ส.ค.,6,15,C152,UNQ,ยูนิคแก๊ส,15,exchange,1,2,2,0,846,0,credit,phone,delivery,คนส่ง B
T01633,2026-08-08,8,ส.ค.,6,15,C185,WP,เวิลด์แก๊ส,15,exchange,1,2,2,0,846,0,credit,walk_in,pickup,
T01634,2026-08-08,8,ส.ค.,6,16,C189,WP,เวิลด์แก๊ส,48,exchange,1,2,2,0,2700,0,cash,phone,delivery,คนส่ง A
T01635,2026-08-08,8,ส.ค.,6,18,C037,WP,เวิลด์แก๊ส,15,exchange,1,1,1,0,423,0,cash,phone,delivery,คนส่ง B
T01636,2026-08-09,8,ส.ค.,7,9,C216,WP,เวิลด์แก๊ส,15,exchange,1,1,1,0,423,0,cash,line,delivery,คนส่ง A
T01637,2026-08-09,8,ส.ค.,7,10,C178,WP,เวิลด์แก๊ส,15,exchange,1,4,4,0,1692,0,credit,phone,delivery,คนส่ง B
T01638,2026-08-09,8,ส.ค.,7,10,C151,UNQ,ยูนิคแก๊ส,48,exchange,1,3,3,0,4050,0,transfer,line,delivery,คนส่ง A
T01639,2026-08-09,8,ส.ค.,7,17,C058,WP,เวิลด์แก๊ส,15,exchange,1,1,1,0,423,0,transfer,phone,delivery,คนส่ง B
T01640,2026-08-10,8,ส.ค.,1,7,C203,PTT,ปตท.,4,exchange,1,1,1,0,160,0,transfer,phone,delivery,คนส่ง A
T01641,2026-08-10,8,ส.ค.,1,9,C177,UNQ,ยูนิคแก๊ส,48,exchange,1,4,4,0,5400,0,credit,phone,delivery,คนส่ง A
T01642,2026-08-10,8,ส.ค.,1,10,C217,SGP,สยามแก๊ส,4,exchange,1,1,1,0,160,0,cash,walk_in,pickup,
T01643,2026-08-10,8,ส.ค.,1,11,C165,WP,เวิลด์แก๊ส,48,exchange,1,3,3,0,4050,0,credit,phone,delivery,คนส่ง A
T01644,2026-08-10,8,ส.ค.,1,11,C168,WP,เวิลด์แก๊ส,48,exchange,1,5,5,0,6750,0,credit,walk_in,pickup,
T01645,2026-08-10,8,ส.ค.,1,11,C191,PTT,ปตท.,15,exchange,1,5,4,1,2115,0,credit,walk_in,pickup,
T01646,2026-08-10,8,ส.ค.,1,11,C175,SGP,สยามแก๊ส,15,exchange,1,2,2,0,846,0,transfer,line,delivery,คนส่ง A
T01647,2026-08-10,8,ส.ค.,1,12,C153,WP,เวิลด์แก๊ส,48,exchange,1,5,5,0,6750,0,credit,phone,delivery,คนส่ง A
T01648,2026-08-10,8,ส.ค.,1,13,C119,WP,เวิลด์แก๊ส,4,exchange,1,1,1,0,160,0,transfer,phone,delivery,คนส่ง A
T01649,2026-08-10,8,ส.ค.,1,13,C158,WP,เวิลด์แก๊ส,48,exchange,1,3,3,0,4050,0,credit,line,delivery,คนส่ง B
T01650,2026-08-10,8,ส.ค.,1,13,C154,UNQ,ยูนิคแก๊ส,48,exchange,1,2,2,0,2700,0,transfer,line,delivery,คนส่ง B
T01651,2026-08-10,8,ส.ค.,1,13,C171,SGP,สยามแก๊ส,48,exchange,1,1,1,0,1350,0,transfer,phone,delivery,คนส่ง A
T01652,2026-08-10,8,ส.ค.,1,14,C182,WP,เวิลด์แก๊ส,15,exchange,1,2,2,0,846,0,cash,line,delivery,คนส่ง A
T01653,2026-08-10,8,ส.ค.,1,14,C105,WP,เวิลด์แก๊ส,15,exchange,1,1,1,0,423,0,transfer,line,delivery,คนส่ง A
T01654,2026-08-10,8,ส.ค.,1,15,C205,WP,เวิลด์แก๊ส,15,exchange,1,1,1,0,423,0,cash,phone,delivery,คนส่ง B
T01655,2026-08-10,8,ส.ค.,1,16,C201,WP,เวิลด์แก๊ส,4,exchange,1,1,1,0,160,0,transfer,line,delivery,คนส่ง A
T01656,2026-08-10,8,ส.ค.,1,16,C155,SGP,สยามแก๊ส,48,exchange,1,3,3,0,4050,0,cash,line,delivery,คนส่ง B
T01657,2026-08-10,8,ส.ค.,1,16,C215,UNQ,ยูนิคแก๊ส,4,exchange,1,1,1,0,160,0,cash,phone,delivery,คนส่ง A
T01658,2026-08-10,8,ส.ค.,1,16,C160,WP,เวิลด์แก๊ส,48,exchange,1,3,3,0,4050,0,cash,line,delivery,คนส่ง A
T01659,2026-08-10,8,ส.ค.,1,16,C109,WP,เวิลด์แก๊ส,15,exchange,1,1,1,0,423,0,cash,phone,delivery,คนส่ง A
T01660,2026-08-10,8,ส.ค.,1,17,C170,UNQ,ยูนิคแก๊ส,15,exchange,1,2,2,0,846,0,transfer,phone,delivery,คนส่ง B
T01661,2026-08-11,8,ส.ค.,2,7,C166,PTT,ปตท.,15,exchange,1,3,3,0,1269,0,credit,walk_in,pickup,
T01662,2026-08-11,8,ส.ค.,2,7,C194,PTT,ปตท.,15,exchange,1,3,4,-1,1269,0,credit,walk_in,pickup,
T01663,2026-08-11,8,ส.ค.,2,9,C219,PTT,ปตท.,4,exchange,1,1,1,0,160,0,cash,walk_in,pickup,
T01664,2026-08-11,8,ส.ค.,2,9,C079,UNQ,ยูนิคแก๊ส,15,exchange,1,1,1,0,423,0,cash,walk_in,pickup,
T01665,2026-08-11,8,ส.ค.,2,10,C122,UNQ,ยูนิคแก๊ส,15,exchange,1,1,1,0,423,0,cash,phone,delivery,คนส่ง A
T01666,2026-08-11,8,ส.ค.,2,10,C184,PTT,ปตท.,48,exchange,1,4,4,0,5400,0,transfer,phone,delivery,คนส่ง B
T01667,2026-08-11,8,ส.ค.,2,11,C176,PTT,ปตท.,15,exchange,1,4,4,0,1692,0,transfer,phone,delivery,คนส่ง B
T01668,2026-08-11,8,ส.ค.,2,11,C157,WP,เวิลด์แก๊ส,15,exchange,1,2,2,0,846,0,cash,walk_in,pickup,
T01669,2026-08-11,8,ส.ค.,2,11,C193,PTT,ปตท.,48,exchange,1,1,1,0,1350,0,credit,phone,delivery,คนส่ง A
T01670,2026-08-11,8,ส.ค.,2,12,C192,PTT,ปตท.,15,exchange,1,2,2,0,846,0,transfer,phone,delivery,คนส่ง A
T01671,2026-08-11,8,ส.ค.,2,13,C183,UNQ,ยูนิคแก๊ส,15,exchange,1,6,6,0,2538,0,credit,line,delivery,คนส่ง B
T01672,2026-08-11,8,ส.ค.,2,14,C156,WP,เวิลด์แก๊ส,15,exchange,1,2,1,1,846,0,credit,line,delivery,คนส่ง A
T01673,2026-08-11,8,ส.ค.,2,15,C055,PTT,ปตท.,15,exchange,1,1,1,0,423,0,cash,line,delivery,คนส่ง B
T01674,2026-08-11,8,ส.ค.,2,17,C208,WP,เวิลด์แก๊ส,15,exchange,1,1,1,0,423,0,cash,line,delivery,คนส่ง B
T01675,2026-08-11,8,ส.ค.,2,18,C189,WP,เวิลด์แก๊ส,48,exchange,1,2,2,0,2700,0,cash,phone,delivery,คนส่ง A
T01676,2026-08-12,8,ส.ค.,3,7,C174,SGP,สยามแก๊ส,48,exchange,1,1,1,0,1350,0,credit,walk_in,pickup,
T01677,2026-08-12,8,ส.ค.,3,8,C047,SGP,สยามแก๊ส,15,new_cylinder,1,1,0,0,423,1300,cash,walk_in,pickup,
T01678,2026-08-12,8,ส.ค.,3,9,C173,WP,เวิลด์แก๊ส,48,exchange,1,3,3,0,4050,0,cash,walk_in,pickup,
T01679,2026-08-12,8,ส.ค.,3,10,C061,WP,เวิลด์แก๊ส,15,exchange,1,1,1,0,423,0,cash,walk_in,pickup,
T01680,2026-08-12,8,ส.ค.,3,10,C197,WP,เวิลด์แก๊ส,15,exchange,1,1,1,0,423,0,cash,phone,delivery,คนส่ง B
T01681,2026-08-12,8,ส.ค.,3,11,C181,WP,เวิลด์แก๊ส,15,exchange,1,3,3,0,1269,0,credit,walk_in,pickup,
T01682,2026-08-12,8,ส.ค.,3,13,C162,PTT,ปตท.,15,exchange,1,3,3,0,1269,0,transfer,walk_in,pickup,
T01683,2026-08-12,8,ส.ค.,3,16,C190,SGP,สยามแก๊ส,15,exchange,1,3,3,0,1269,0,credit,line,delivery,คนส่ง A
T01684,2026-08-12,8,ส.ค.,3,17,C186,UNQ,ยูนิคแก๊ส,15,exchange,1,2,2,0,846,0,credit,line,delivery,คนส่ง A
T01685,2026-08-12,8,ส.ค.,3,17,C196,WP,เวิลด์แก๊ส,15,exchange,1,1,1,0,423,0,cash,walk_in,pickup,
T01686,2026-08-12,8,ส.ค.,3,18,C213,WP,เวิลด์แก๊ส,4,exchange,1,1,1,0,160,0,cash,phone,delivery,คนส่ง A
T01687,2026-08-13,8,ส.ค.,4,7,C133,WP,เวิลด์แก๊ส,15,exchange,1,1,1,0,423,0,cash,phone,delivery,คนส่ง A
T01688,2026-08-13,8,ส.ค.,4,7,C108,WP,เวิลด์แก๊ส,15,exchange,1,1,1,0,423,0,cash,phone,delivery,คนส่ง A
T01689,2026-08-13,8,ส.ค.,4,8,C209,WP,เวิลด์แก๊ส,4,exchange,1,1,1,0,160,0,cash,line,delivery,คนส่ง B
T01690,2026-08-13,8,ส.ค.,4,9,C121,WP,เวิลด์แก๊ส,15,exchange,1,1,1,0,423,0,transfer,phone,delivery,คนส่ง A
T01691,2026-08-13,8,ส.ค.,4,10,C163,UNQ,ยูนิคแก๊ส,15,exchange,1,6,7,-1,2538,0,transfer,line,delivery,คนส่ง B
T01692,2026-08-13,8,ส.ค.,4,10,C212,SGP,สยามแก๊ส,15,exchange,1,1,1,0,423,0,transfer,walk_in,pickup,
T01693,2026-08-13,8,ส.ค.,4,10,C151,UNQ,ยูนิคแก๊ส,48,exchange,1,1,1,0,1350,0,cash,walk_in,pickup,
T01694,2026-08-13,8,ส.ค.,4,12,C180,PTT,ปตท.,15,exchange,1,3,3,0,1269,0,transfer,phone,delivery,คนส่ง A
T01695,2026-08-13,8,ส.ค.,4,12,C161,PTT,ปตท.,15,exchange,1,1,0,1,423,0,cash,line,delivery,คนส่ง B
T01696,2026-08-13,8,ส.ค.,4,13,C200,WP,เวิลด์แก๊ส,15,exchange,1,1,1,0,423,0,cash,walk_in,pickup,
T01697,2026-08-13,8,ส.ค.,4,14,C089,UNQ,ยูนิคแก๊ส,15,exchange,1,1,1,0,423,0,transfer,line,delivery,คนส่ง A
T01698,2026-08-13,8,ส.ค.,4,14,C167,UNQ,ยูนิคแก๊ส,15,exchange,1,3,3,0,1269,0,transfer,walk_in,pickup,
T01699,2026-08-13,8,ส.ค.,4,16,C171,SGP,สยามแก๊ส,48,exchange,1,2,2,0,2700,0,cash,line,delivery,คนส่ง B
T01700,2026-08-13,8,ส.ค.,4,16,C179,WP,เวิลด์แก๊ส,15,exchange,1,2,3,-1,846,0,transfer,walk_in,pickup,
T01701,2026-08-13,8,ส.ค.,4,17,C101,WP,เวิลด์แก๊ส,15,exchange,1,1,1,0,423,0,cash,phone,delivery,คนส่ง A
T01702,2026-08-13,8,ส.ค.,4,17,C124,WP,เวิลด์แก๊ส,15,exchange,1,1,1,0,423,0,cash,phone,delivery,คนส่ง B
T01703,2026-08-14,8,ส.ค.,5,7,C192,PTT,ปตท.,15,exchange,1,2,2,0,846,0,transfer,walk_in,pickup,
T01704,2026-08-14,8,ส.ค.,5,7,C220,PTT,ปตท.,15,exchange,1,1,1,0,423,0,cash,phone,delivery,คนส่ง A
T01705,2026-08-14,8,ส.ค.,5,8,C182,WP,เวิลด์แก๊ส,15,exchange,1,2,2,0,846,0,transfer,walk_in,pickup,
T01706,2026-08-14,8,ส.ค.,5,8,C211,WP,เวิลด์แก๊ส,4,exchange,1,1,1,0,160,0,transfer,line,delivery,คนส่ง A
T01707,2026-08-14,8,ส.ค.,5,8,C100,PTT,ปตท.,15,exchange,1,1,1,0,423,0,transfer,walk_in,pickup,
T01708,2026-08-14,8,ส.ค.,5,9,C019,PTT,ปตท.,15,exchange,1,1,1,0,423,0,cash,phone,delivery,คนส่ง B
T01709,2026-08-14,8,ส.ค.,5,9,C152,UNQ,ยูนิคแก๊ส,15,exchange,1,3,3,0,1269,0,credit,phone,delivery,คนส่ง A
T01710,2026-08-14,8,ส.ค.,5,10,C185,WP,เวิลด์แก๊ส,15,exchange,1,1,0,1,423,0,credit,phone,delivery,คนส่ง B
T01711,2026-08-14,8,ส.ค.,5,14,C159,WP,เวิลด์แก๊ส,15,exchange,1,3,3,0,1269,0,cash,walk_in,pickup,
T01712,2026-08-14,8,ส.ค.,5,15,C158,WP,เวิลด์แก๊ส,48,exchange,1,3,3,0,4050,0,credit,phone,delivery,คนส่ง A
T01713,2026-08-14,8,ส.ค.,5,15,C198,SGP,สยามแก๊ส,4,exchange,1,1,0,1,160,0,transfer,line,delivery,คนส่ง A
T01714,2026-08-14,8,ส.ค.,5,16,C025,WP,เวิลด์แก๊ส,15,exchange,1,1,1,0,423,0,cash,phone,delivery,คนส่ง A
T01715,2026-08-15,8,ส.ค.,6,8,C210,PTT,ปตท.,4,exchange,1,1,1,0,160,0,transfer,line,delivery,คนส่ง A
T01716,2026-08-15,8,ส.ค.,6,8,C154,UNQ,ยูนิคแก๊ส,48,exchange,1,3,3,0,4050,0,transfer,phone,delivery,คนส่ง B
T01717,2026-08-15,8,ส.ค.,6,8,C187,WP,เวิลด์แก๊ส,48,exchange,1,1,1,0,1350,0,cash,phone,delivery,คนส่ง A
T01718,2026-08-15,8,ส.ค.,6,10,C172,WP,เวิลด์แก๊ส,15,new_cylinder,1,3,0,0,1269,3900,transfer,line,delivery,คนส่ง B
T01719,2026-08-15,8,ส.ค.,6,10,C168,WP,เวิลด์แก๊ส,48,exchange,1,5,4,1,6750,0,credit,phone,delivery,คนส่ง A
T01720,2026-08-15,8,ส.ค.,6,11,C218,WP,เวิลด์แก๊ส,15,exchange,1,1,1,0,423,0,transfer,phone,delivery,คนส่ง B
T01721,2026-08-15,8,ส.ค.,6,17,C027,UNQ,ยูนิคแก๊ส,15,exchange,1,1,1,0,423,0,cash,walk_in,pickup,
T01722,2026-08-15,8,ส.ค.,6,18,C072,WP,เวิลด์แก๊ส,15,exchange,1,1,1,0,423,0,cash,walk_in,pickup,
T01723,2026-08-16,8,ส.ค.,7,7,C193,PTT,ปตท.,48,exchange,1,3,3,0,4050,0,credit,line,delivery,คนส่ง A
T01724,2026-08-16,8,ส.ค.,7,14,C176,PTT,ปตท.,15,exchange,1,3,3,0,1269,0,transfer,line,delivery,คนส่ง A
T01725,2026-08-16,8,ส.ค.,7,15,C016,WP,เวิลด์แก๊ส,15,exchange,1,1,1,0,423,0,cash,line,delivery,คนส่ง A
T01726,2026-08-17,8,ส.ค.,1,7,C164,PTT,ปตท.,15,exchange,1,2,2,0,846,0,credit,phone,delivery,คนส่ง A
T01727,2026-08-17,8,ส.ค.,1,7,C017,PTT,ปตท.,15,exchange,1,1,1,0,423,0,transfer,phone,delivery,คนส่ง B
T01728,2026-08-17,8,ส.ค.,1,8,C205,WP,เวิลด์แก๊ส,15,exchange,1,1,1,0,423,0,transfer,phone,delivery,คนส่ง A
T01729,2026-08-17,8,ส.ค.,1,9,C034,UNQ,ยูนิคแก๊ส,15,exchange,1,1,1,0,423,0,cash,walk_in,pickup,
T01730,2026-08-17,8,ส.ค.,1,9,C195,PTT,ปตท.,15,exchange,1,4,3,1,1692,0,transfer,phone,delivery,คนส่ง B
T01731,2026-08-17,8,ส.ค.,1,10,C183,UNQ,ยูนิคแก๊ส,15,exchange,1,3,3,0,1269,0,credit,walk_in,pickup,
T01732,2026-08-17,8,ส.ค.,1,10,C189,WP,เวิลด์แก๊ส,48,exchange,1,2,2,0,2700,0,cash,walk_in,pickup,
T01733,2026-08-17,8,ส.ค.,1,10,C175,SGP,สยามแก๊ส,15,exchange,1,2,2,0,846,0,cash,phone,delivery,คนส่ง B
T01734,2026-08-17,8,ส.ค.,1,12,C194,PTT,ปตท.,15,exchange,1,3,2,1,1269,0,credit,walk_in,pickup,
T01735,2026-08-17,8,ส.ค.,1,12,C199,UNQ,ยูนิคแก๊ส,15,exchange,1,1,1,0,423,0,transfer,walk_in,pickup,
T01736,2026-08-17,8,ส.ค.,1,12,C156,WP,เวิลด์แก๊ส,15,exchange,1,2,2,0,846,0,credit,line,delivery,คนส่ง A
T01737,2026-08-17,8,ส.ค.,1,13,C216,WP,เวิลด์แก๊ส,15,exchange,1,1,1,0,423,0,cash,phone,delivery,คนส่ง B
T01738,2026-08-17,8,ส.ค.,1,14,C184,PTT,ปตท.,48,exchange,1,5,5,0,6750,0,cash,walk_in,pickup,
T01739,2026-08-17,8,ส.ค.,1,14,C178,WP,เวิลด์แก๊ส,15,exchange,1,4,4,0,1692,0,credit,phone,delivery,คนส่ง B
T01740,2026-08-17,8,ส.ค.,1,14,C157,WP,เวิลด์แก๊ส,15,exchange,1,1,1,0,423,0,transfer,walk_in,pickup,
T01741,2026-08-17,8,ส.ค.,1,15,C153,WP,เวิลด์แก๊ส,48,exchange,1,4,5,-1,5400,0,credit,phone,delivery,คนส่ง B
T01742,2026-08-17,8,ส.ค.,1,15,C110,UNQ,ยูนิคแก๊ส,15,exchange,1,1,1,0,423,0,transfer,walk_in,pickup,
T01743,2026-08-17,8,ส.ค.,1,15,C177,UNQ,ยูนิคแก๊ส,48,exchange,1,5,5,0,6750,0,credit,phone,delivery,คนส่ง A
T01744,2026-08-17,8,ส.ค.,1,15,C214,SGP,สยามแก๊ส,15,exchange,1,1,1,0,423,0,transfer,line,delivery,คนส่ง A
T01745,2026-08-17,8,ส.ค.,1,16,C165,WP,เวิลด์แก๊ส,48,exchange,1,3,3,0,4050,0,credit,phone,delivery,คนส่ง B
T01746,2026-08-17,8,ส.ค.,1,16,C155,SGP,สยามแก๊ส,48,exchange,1,3,3,0,4050,0,transfer,walk_in,pickup,
T01747,2026-08-17,8,ส.ค.,1,16,C173,WP,เวิลด์แก๊ส,48,exchange,1,2,2,0,2700,0,cash,line,delivery,คนส่ง A
T01748,2026-08-17,8,ส.ค.,1,17,C014,WP,เวิลด์แก๊ส,15,exchange,1,1,1,0,423,0,cash,phone,delivery,คนส่ง A
T01749,2026-08-17,8,ส.ค.,1,17,C191,PTT,ปตท.,15,exchange,1,5,5,0,2115,0,credit,phone,delivery,คนส่ง B
T01750,2026-08-18,8,ส.ค.,2,10,C170,UNQ,ยูนิคแก๊ส,15,exchange,1,3,3,0,1269,0,transfer,phone,delivery,คนส่ง A
T01751,2026-08-18,8,ส.ค.,2,10,C160,WP,เวิลด์แก๊ส,48,exchange,1,3,3,0,4050,0,cash,line,delivery,คนส่ง B
T01752,2026-08-18,8,ส.ค.,2,14,C151,UNQ,ยูนิคแก๊ส,48,exchange,1,3,3,0,4050,0,transfer,phone,delivery,คนส่ง A
T01753,2026-08-18,8,ส.ค.,2,15,C023,SGP,สยามแก๊ส,15,exchange,1,1,1,0,423,0,transfer,line,delivery,คนส่ง B
T01754,2026-08-18,8,ส.ค.,2,16,C174,SGP,สยามแก๊ส,48,exchange,1,4,4,0,5400,0,credit,phone,delivery,คนส่ง B
T01755,2026-08-18,8,ส.ค.,2,17,C166,PTT,ปตท.,15,exchange,1,3,3,0,1269,0,credit,walk_in,pickup,
T01756,2026-08-18,8,ส.ค.,2,17,C045,PTT,ปตท.,4,exchange,1,1,2,-1,160,0,transfer,walk_in,pickup,
T01757,2026-08-18,8,ส.ค.,2,17,C186,UNQ,ยูนิคแก๊ส,15,exchange,1,2,2,0,846,0,credit,phone,delivery,คนส่ง A
T01758,2026-08-18,8,ส.ค.,2,17,C202,WP,เวิลด์แก๊ส,4,exchange,1,1,1,0,160,0,credit,walk_in,pickup,
T01759,2026-08-19,8,ส.ค.,3,10,C217,SGP,สยามแก๊ส,4,exchange,1,1,1,0,160,0,cash,walk_in,pickup,
T01760,2026-08-19,8,ส.ค.,3,10,C138,WP,เวิลด์แก๊ส,15,exchange,1,1,1,0,423,0,cash,line,delivery,คนส่ง A
T01761,2026-08-19,8,ส.ค.,3,10,C213,WP,เวิลด์แก๊ส,4,exchange,1,1,1,0,160,0,transfer,phone,delivery,คนส่ง B
T01762,2026-08-19,8,ส.ค.,3,10,C215,UNQ,ยูนิคแก๊ส,4,exchange,1,1,1,0,160,0,cash,walk_in,pickup,
T01763,2026-08-19,8,ส.ค.,3,11,C190,SGP,สยามแก๊ส,15,exchange,1,2,2,0,846,0,credit,walk_in,pickup,
T01764,2026-08-19,8,ส.ค.,3,11,C008,WP,เวิลด์แก๊ส,15,exchange,1,1,1,0,423,0,cash,phone,delivery,คนส่ง B
T01765,2026-08-19,8,ส.ค.,3,12,C179,WP,เวิลด์แก๊ส,15,exchange,1,1,1,0,423,0,cash,phone,delivery,คนส่ง B
T01766,2026-08-19,8,ส.ค.,3,12,C040,UNQ,ยูนิคแก๊ส,15,exchange,1,1,1,0,423,0,cash,walk_in,pickup,
T01767,2026-08-19,8,ส.ค.,3,13,C204,WP,เวิลด์แก๊ส,15,exchange,1,1,1,0,423,0,credit,walk_in,pickup,
T01768,2026-08-19,8,ส.ค.,3,14,C159,WP,เวิลด์แก๊ส,15,exchange,1,1,0,1,423,0,cash,walk_in,pickup,
T01769,2026-08-19,8,ส.ค.,3,14,C181,WP,เวิลด์แก๊ส,15,exchange,1,3,3,0,1269,0,credit,phone,delivery,คนส่ง A
T01770,2026-08-19,8,ส.ค.,3,15,C143,UNQ,ยูนิคแก๊ส,15,exchange,1,1,1,0,423,0,transfer,line,delivery,คนส่ง A
T01771,2026-08-19,8,ส.ค.,3,15,C207,PTT,ปตท.,15,exchange,1,1,1,0,423,0,transfer,phone,delivery,คนส่ง A
T01772,2026-08-20,8,ส.ค.,4,7,C010,WP,เวิลด์แก๊ส,15,exchange,1,1,1,0,423,0,transfer,walk_in,pickup,
T01773,2026-08-20,8,ส.ค.,4,7,C191,PTT,ปตท.,15,exchange,1,4,5,-1,1692,0,credit,walk_in,pickup,
T01774,2026-08-20,8,ส.ค.,4,8,C185,WP,เวิลด์แก๊ส,15,exchange,1,1,1,0,423,0,credit,walk_in,pickup,
T01775,2026-08-20,8,ส.ค.,4,10,C201,WP,เวิลด์แก๊ส,4,exchange,1,1,1,0,160,0,cash,line,delivery,คนส่ง B
T01776,2026-08-20,8,ส.ค.,4,10,C152,UNQ,ยูนิคแก๊ส,15,exchange,1,5,5,0,2115,0,credit,phone,delivery,คนส่ง A
T01777,2026-08-20,8,ส.ค.,4,10,C167,UNQ,ยูนิคแก๊ส,15,exchange,1,4,4,0,1692,0,cash,phone,delivery,คนส่ง A
T01778,2026-08-20,8,ส.ค.,4,11,C198,SGP,สยามแก๊ส,4,exchange,1,1,2,-1,160,0,cash,line,delivery,คนส่ง B
T01779,2026-08-20,8,ส.ค.,4,11,C196,WP,เวิลด์แก๊ส,15,exchange,1,1,1,0,423,0,transfer,phone,delivery,คนส่ง B
T01780,2026-08-20,8,ส.ค.,4,12,C180,PTT,ปตท.,15,exchange,1,5,5,0,2115,0,transfer,phone,delivery,คนส่ง B
T01781,2026-08-20,8,ส.ค.,4,12,C134,PTT,ปตท.,15,exchange,1,1,1,0,423,0,cash,walk_in,pickup,
T01782,2026-08-20,8,ส.ค.,4,13,C162,PTT,ปตท.,15,exchange,1,2,2,0,846,0,cash,phone,delivery,คนส่ง A
T01783,2026-08-20,8,ส.ค.,4,14,C211,WP,เวิลด์แก๊ส,4,exchange,1,1,1,0,160,0,cash,phone,delivery,คนส่ง B
T01784,2026-08-20,8,ส.ค.,4,14,C158,WP,เวิลด์แก๊ส,48,exchange,1,4,4,0,5400,0,credit,walk_in,pickup,
T01785,2026-08-20,8,ส.ค.,4,15,C192,PTT,ปตท.,15,exchange,1,2,2,0,846,0,cash,phone,delivery,คนส่ง A
T01786,2026-08-20,8,ส.ค.,4,17,C161,PTT,ปตท.,15,exchange,1,2,3,-1,846,0,cash,phone,delivery,คนส่ง B
T01787,2026-08-20,8,ส.ค.,4,17,C095,WP,เวิลด์แก๊ส,15,exchange,1,1,1,0,423,0,transfer,line,delivery,คนส่ง B
T01788,2026-08-20,8,ส.ค.,4,17,C041,UNQ,ยูนิคแก๊ส,15,exchange,1,1,1,0,423,0,transfer,phone,delivery,คนส่ง B
T01789,2026-08-21,8,ส.ค.,5,7,C066,SGP,สยามแก๊ส,15,exchange,1,1,1,0,423,0,transfer,phone,delivery,คนส่ง B
T01790,2026-08-21,8,ส.ค.,5,8,C106,PTT,ปตท.,4,exchange,1,1,1,0,160,0,cash,line,delivery,คนส่ง B
T01791,2026-08-21,8,ส.ค.,5,8,C168,WP,เวิลด์แก๊ส,48,exchange,1,4,4,0,5400,0,credit,phone,delivery,คนส่ง B
T01792,2026-08-21,8,ส.ค.,5,9,C140,PTT,ปตท.,15,exchange,1,1,1,0,423,0,transfer,phone,delivery,คนส่ง B
T01793,2026-08-21,8,ส.ค.,5,10,C175,SGP,สยามแก๊ส,15,exchange,1,3,3,0,1269,0,cash,phone,delivery,คนส่ง B
T01794,2026-08-21,8,ส.ค.,5,10,C053,PTT,ปตท.,15,exchange,1,1,1,0,423,0,cash,line,delivery,คนส่ง A
T01795,2026-08-21,8,ส.ค.,5,11,C063,WP,เวิลด์แก๊ส,15,exchange,1,1,1,0,423,0,cash,phone,delivery,คนส่ง A
T01796,2026-08-21,8,ส.ค.,5,12,C164,PTT,ปตท.,15,exchange,1,5,5,0,2115,0,credit,phone,delivery,คนส่ง A
T01797,2026-08-21,8,ส.ค.,5,12,C219,PTT,ปตท.,4,exchange,1,1,0,1,160,0,cash,phone,delivery,คนส่ง A
T01798,2026-08-21,8,ส.ค.,5,15,C171,SGP,สยามแก๊ส,48,exchange,1,3,3,0,4050,0,transfer,walk_in,pickup,
T01799,2026-08-21,8,ส.ค.,5,15,C128,WP,เวิลด์แก๊ส,15,exchange,1,1,1,0,423,0,cash,phone,delivery,คนส่ง A
T01800,2026-08-21,8,ส.ค.,5,15,C206,PTT,ปตท.,15,new_cylinder,1,2,0,0,846,2600,cash,line,delivery,คนส่ง B
T01801,2026-08-21,8,ส.ค.,5,15,C163,UNQ,ยูนิคแก๊ส,15,exchange,1,3,3,0,1269,0,transfer,phone,delivery,คนส่ง A
T01802,2026-08-21,8,ส.ค.,5,15,C043,WP,เวิลด์แก๊ส,15,exchange,1,1,1,0,423,0,transfer,line,delivery,คนส่ง A
T01803,2026-08-21,8,ส.ค.,5,16,C182,WP,เวิลด์แก๊ส,15,exchange,1,2,2,0,846,0,cash,line,delivery,คนส่ง A
T01804,2026-08-21,8,ส.ค.,5,16,C091,PTT,ปตท.,15,exchange,1,1,1,0,423,0,transfer,line,delivery,คนส่ง A
T01805,2026-08-21,8,ส.ค.,5,17,C203,PTT,ปตท.,4,exchange,1,1,1,0,160,0,transfer,walk_in,pickup,
T01806,2026-08-21,8,ส.ค.,5,17,C193,PTT,ปตท.,48,exchange,1,2,2,0,2700,0,credit,phone,delivery,คนส่ง B
T01807,2026-08-22,8,ส.ค.,6,8,C176,PTT,ปตท.,15,new_cylinder,1,1,0,0,423,1300,cash,phone,delivery,คนส่ง A
T01808,2026-08-22,8,ส.ค.,6,8,C197,WP,เวิลด์แก๊ส,15,exchange,1,1,1,0,423,0,cash,phone,delivery,คนส่ง A
T01809,2026-08-22,8,ส.ค.,6,11,C157,WP,เวิลด์แก๊ส,15,exchange,1,2,2,0,846,0,cash,walk_in,pickup,
T01810,2026-08-22,8,ส.ค.,6,11,C181,WP,เวิลด์แก๊ส,15,exchange,1,2,2,0,846,0,credit,line,delivery,คนส่ง A
T01811,2026-08-22,8,ส.ค.,6,12,C172,WP,เวิลด์แก๊ส,15,exchange,1,1,1,0,423,0,cash,phone,delivery,คนส่ง B
T01812,2026-08-22,8,ส.ค.,6,13,C189,WP,เวิลด์แก๊ส,48,exchange,1,2,2,0,2700,0,cash,line,delivery,คนส่ง A
T01813,2026-08-22,8,ส.ค.,6,13,C166,PTT,ปตท.,15,exchange,1,3,2,1,1269,0,credit,phone,delivery,คนส่ง A
T01814,2026-08-22,8,ส.ค.,6,14,C176,PTT,ปตท.,15,exchange,1,5,5,0,2115,0,transfer,line,delivery,คนส่ง B
T01815,2026-08-22,8,ส.ค.,6,14,C212,SGP,สยามแก๊ส,15,exchange,1,1,1,0,423,0,cash,phone,delivery,คนส่ง A
T01816,2026-08-22,8,ส.ค.,6,15,C154,UNQ,ยูนิคแก๊ส,48,exchange,1,3,3,0,4050,0,transfer,phone,delivery,คนส่ง A
T01817,2026-08-22,8,ส.ค.,6,15,C038,SGP,สยามแก๊ส,15,exchange,1,1,1,0,423,0,transfer,phone,delivery,คนส่ง B
T01818,2026-08-22,8,ส.ค.,6,17,C208,WP,เวิลด์แก๊ส,15,exchange,1,1,1,0,423,0,cash,line,delivery,คนส่ง A
T01819,2026-08-22,8,ส.ค.,6,17,C125,WP,เวิลด์แก๊ส,15,exchange,1,1,1,0,423,0,transfer,phone,delivery,คนส่ง B
T01820,2026-08-23,8,ส.ค.,7,7,C155,SGP,สยามแก๊ส,48,exchange,1,4,4,0,5400,0,transfer,walk_in,pickup,
T01821,2026-08-23,8,ส.ค.,7,8,C151,UNQ,ยูนิคแก๊ส,48,exchange,1,3,3,0,4050,0,cash,line,delivery,คนส่ง B
T01822,2026-08-23,8,ส.ค.,7,10,C184,PTT,ปตท.,48,exchange,1,5,5,0,6750,0,transfer,phone,delivery,คนส่ง B
T01823,2026-08-23,8,ส.ค.,7,11,C030,PTT,ปตท.,15,exchange,1,1,1,0,423,0,transfer,phone,delivery,คนส่ง B
T01824,2026-08-23,8,ส.ค.,7,14,C177,UNQ,ยูนิคแก๊ส,48,exchange,1,4,4,0,5400,0,credit,phone,delivery,คนส่ง A
T01825,2026-08-23,8,ส.ค.,7,15,C156,WP,เวิลด์แก๊ส,15,exchange,1,2,3,-1,846,0,credit,line,delivery,คนส่ง B
T01826,2026-08-24,8,ส.ค.,1,7,C147,WP,เวิลด์แก๊ส,15,exchange,1,1,1,0,423,0,transfer,line,delivery,คนส่ง A
T01827,2026-08-24,8,ส.ค.,1,8,C179,WP,เวิลด์แก๊ส,15,exchange,1,2,2,0,846,0,transfer,phone,delivery,คนส่ง B
T01828,2026-08-24,8,ส.ค.,1,9,C210,PTT,ปตท.,4,exchange,1,1,1,0,160,0,cash,line,delivery,คนส่ง B
T01829,2026-08-24,8,ส.ค.,1,9,C183,UNQ,ยูนิคแก๊ส,15,exchange,1,3,3,0,1269,0,credit,phone,delivery,คนส่ง A
T01830,2026-08-24,8,ส.ค.,1,10,C192,PTT,ปตท.,15,exchange,1,2,2,0,846,0,cash,walk_in,pickup,
T01831,2026-08-24,8,ส.ค.,1,11,C149,UNQ,ยูนิคแก๊ส,15,exchange,1,1,1,0,423,0,transfer,phone,delivery,คนส่ง B
T01832,2026-08-24,8,ส.ค.,1,11,C162,PTT,ปตท.,15,exchange,1,2,2,0,846,0,cash,phone,delivery,คนส่ง A
T01833,2026-08-24,8,ส.ค.,1,12,C153,WP,เวิลด์แก๊ส,48,exchange,1,5,5,0,6750,0,credit,line,delivery,คนส่ง B
T01834,2026-08-24,8,ส.ค.,1,12,C159,WP,เวิลด์แก๊ส,15,exchange,1,3,3,0,1269,0,transfer,line,delivery,คนส่ง B
T01835,2026-08-24,8,ส.ค.,1,12,C187,WP,เวิลด์แก๊ส,48,exchange,1,2,2,0,2700,0,cash,phone,delivery,คนส่ง A
T01836,2026-08-24,8,ส.ค.,1,12,C195,PTT,ปตท.,15,exchange,1,4,4,0,1692,0,transfer,phone,delivery,คนส่ง B
T01837,2026-08-24,8,ส.ค.,1,14,C209,WP,เวิลด์แก๊ส,4,exchange,1,1,1,0,160,0,transfer,line,delivery,คนส่ง B
T01838,2026-08-24,8,ส.ค.,1,14,C020,UNQ,ยูนิคแก๊ส,15,exchange,1,1,1,0,423,0,transfer,line,delivery,คนส่ง A
T01839,2026-08-24,8,ส.ค.,1,15,C084,PTT,ปตท.,4,exchange,1,1,1,0,160,0,cash,phone,delivery,คนส่ง B
T01840,2026-08-24,8,ส.ค.,1,16,C165,WP,เวิลด์แก๊ส,48,exchange,1,2,2,0,2700,0,credit,phone,delivery,คนส่ง B
T01841,2026-08-24,8,ส.ค.,1,16,C160,WP,เวิลด์แก๊ส,48,exchange,1,3,3,0,4050,0,cash,phone,delivery,คนส่ง A
T01842,2026-08-24,8,ส.ค.,1,17,C170,UNQ,ยูนิคแก๊ส,15,exchange,1,4,4,0,1692,0,transfer,line,delivery,คนส่ง A
T01843,2026-08-25,8,ส.ค.,2,8,C168,WP,เวิลด์แก๊ส,48,exchange,1,5,6,-1,6750,0,credit,walk_in,pickup,
T01844,2026-08-25,8,ส.ค.,2,9,C042,WP,เวิลด์แก๊ส,15,exchange,1,1,1,0,423,0,transfer,walk_in,pickup,
T01845,2026-08-25,8,ส.ค.,2,10,C158,WP,เวิลด์แก๊ส,48,exchange,1,4,4,0,5400,0,credit,phone,delivery,คนส่ง A
T01846,2026-08-25,8,ส.ค.,2,10,C220,PTT,ปตท.,15,exchange,1,1,1,0,423,0,cash,phone,delivery,คนส่ง B
T01847,2026-08-25,8,ส.ค.,2,10,C111,WP,เวิลด์แก๊ส,15,exchange,1,1,1,0,423,0,cash,line,delivery,คนส่ง B
T01848,2026-08-25,8,ส.ค.,2,11,C186,UNQ,ยูนิคแก๊ส,15,exchange,1,3,3,0,1269,0,credit,phone,delivery,คนส่ง A
T01849,2026-08-25,8,ส.ค.,2,11,C216,WP,เวิลด์แก๊ส,15,exchange,1,1,1,0,423,0,cash,phone,delivery,คนส่ง A
T01850,2026-08-25,8,ส.ค.,2,12,C015,UNQ,ยูนิคแก๊ส,15,exchange,1,1,1,0,423,0,transfer,phone,delivery,คนส่ง B
T01851,2026-08-25,8,ส.ค.,2,13,C174,SGP,สยามแก๊ส,48,exchange,1,2,2,0,2700,0,credit,line,delivery,คนส่ง A
T01852,2026-08-25,8,ส.ค.,2,13,C152,UNQ,ยูนิคแก๊ส,15,exchange,1,6,6,0,2538,0,credit,phone,delivery,คนส่ง B
T01853,2026-08-25,8,ส.ค.,2,14,C194,PTT,ปตท.,15,exchange,1,4,5,-1,1692,0,credit,phone,delivery,คนส่ง A
T01854,2026-08-25,8,ส.ค.,2,15,C200,WP,เวิลด์แก๊ส,15,exchange,1,1,1,0,423,0,transfer,walk_in,pickup,
T01855,2026-08-25,8,ส.ค.,2,16,C190,SGP,สยามแก๊ส,15,exchange,1,1,1,0,423,0,credit,phone,delivery,คนส่ง A
T01856,2026-08-25,8,ส.ค.,2,16,C178,WP,เวิลด์แก๊ส,15,exchange,1,2,2,0,846,0,credit,phone,delivery,คนส่ง A
T01857,2026-08-25,8,ส.ค.,2,18,C102,PTT,ปตท.,4,exchange,1,1,1,0,160,0,cash,line,delivery,คนส่ง B
T01858,2026-08-26,8,ส.ค.,3,10,C205,WP,เวิลด์แก๊ส,15,exchange,1,1,1,0,423,0,cash,phone,delivery,คนส่ง A
T01859,2026-08-26,8,ส.ค.,3,11,C214,SGP,สยามแก๊ส,15,exchange,1,1,1,0,423,0,cash,phone,delivery,คนส่ง A
T01860,2026-08-26,8,ส.ค.,3,11,C218,WP,เวิลด์แก๊ส,15,exchange,1,1,1,0,423,0,cash,phone,delivery,คนส่ง A
T01861,2026-08-26,8,ส.ค.,3,11,C164,PTT,ปตท.,15,exchange,1,3,3,0,1269,0,credit,line,delivery,คนส่ง A
T01862,2026-08-26,8,ส.ค.,3,11,C161,PTT,ปตท.,15,exchange,1,1,1,0,423,0,cash,phone,delivery,คนส่ง A
T01863,2026-08-26,8,ส.ค.,3,15,C191,PTT,ปตท.,15,exchange,1,4,4,0,1692,0,credit,walk_in,pickup,
T01864,2026-08-26,8,ส.ค.,3,16,C144,WP,เวิลด์แก๊ส,15,exchange,1,1,1,0,423,0,cash,phone,delivery,คนส่ง B
T01865,2026-08-26,8,ส.ค.,3,16,C117,PTT,ปตท.,4,exchange,1,1,1,0,160,0,cash,walk_in,pickup,
T01866,2026-08-26,8,ส.ค.,3,16,C139,WP,เวิลด์แก๊ส,15,exchange,1,1,1,0,423,0,transfer,line,delivery,คนส่ง B
T01867,2026-08-26,8,ส.ค.,3,16,C175,SGP,สยามแก๊ส,15,exchange,1,3,3,0,1269,0,cash,phone,delivery,คนส่ง A
T01868,2026-08-26,8,ส.ค.,3,17,C062,WP,เวิลด์แก๊ส,15,exchange,1,1,1,0,423,0,cash,line,delivery,คนส่ง B
T01869,2026-08-26,8,ส.ค.,3,18,C173,WP,เวิลด์แก๊ส,48,exchange,1,2,2,0,2700,0,cash,walk_in,pickup,
T01870,2026-08-27,8,ส.ค.,4,8,C217,SGP,สยามแก๊ส,4,exchange,1,1,0,1,160,0,transfer,phone,delivery,คนส่ง A
T01871,2026-08-27,8,ส.ค.,4,8,C073,PTT,ปตท.,15,exchange,1,1,1,0,423,0,transfer,phone,delivery,คนส่ง A
T01872,2026-08-27,8,ส.ค.,4,8,C171,SGP,สยามแก๊ส,48,new_cylinder,1,1,0,0,1350,3800,transfer,phone,delivery,คนส่ง A
T01873,2026-08-27,8,ส.ค.,4,10,C184,PTT,ปตท.,48,exchange,1,3,3,0,4050,0,transfer,phone,delivery,คนส่ง B
T01874,2026-08-27,8,ส.ค.,4,10,C207,PTT,ปตท.,15,exchange,1,1,1,0,423,0,cash,phone,delivery,คนส่ง A
T01875,2026-08-27,8,ส.ค.,4,10,C074,PTT,ปตท.,15,exchange,1,1,1,0,423,0,transfer,phone,delivery,คนส่ง A
T01876,2026-08-27,8,ส.ค.,4,12,C003,PTT,ปตท.,4,exchange,1,1,1,0,160,0,transfer,walk_in,pickup,
T01877,2026-08-27,8,ส.ค.,4,14,C171,SGP,สยามแก๊ส,48,exchange,1,3,3,0,4050,0,transfer,phone,delivery,คนส่ง B
T01878,2026-08-27,8,ส.ค.,4,14,C204,WP,เวิลด์แก๊ส,15,exchange,1,1,1,0,423,0,credit,line,delivery,คนส่ง B
T01879,2026-08-27,8,ส.ค.,4,16,C182,WP,เวิลด์แก๊ส,15,exchange,1,3,3,0,1269,0,cash,line,delivery,คนส่ง A
T01880,2026-08-27,8,ส.ค.,4,16,C054,UNQ,ยูนิคแก๊ส,4,exchange,1,1,2,-1,160,0,cash,phone,delivery,คนส่ง A
T01881,2026-08-27,8,ส.ค.,4,17,C180,PTT,ปตท.,15,exchange,1,4,5,-1,1692,0,transfer,walk_in,pickup,
T01882,2026-08-27,8,ส.ค.,4,17,C181,WP,เวิลด์แก๊ส,15,exchange,1,3,3,0,1269,0,credit,walk_in,pickup,
T01883,2026-08-28,8,ส.ค.,5,7,C199,UNQ,ยูนิคแก๊ส,15,exchange,1,1,1,0,423,0,cash,phone,delivery,คนส่ง A
T01884,2026-08-28,8,ส.ค.,5,8,C193,PTT,ปตท.,48,exchange,1,2,2,0,2700,0,credit,walk_in,pickup,
T01885,2026-08-28,8,ส.ค.,5,8,C002,SGP,สยามแก๊ส,15,exchange,1,1,2,-1,423,0,cash,line,delivery,คนส่ง B
T01886,2026-08-28,8,ส.ค.,5,9,C159,WP,เวิลด์แก๊ส,15,exchange,1,4,4,0,1692,0,cash,phone,delivery,คนส่ง A
T01887,2026-08-28,8,ส.ค.,5,10,C197,WP,เวิลด์แก๊ส,15,exchange,1,1,1,0,423,0,cash,walk_in,pickup,
T01888,2026-08-28,8,ส.ค.,5,10,C167,UNQ,ยูนิคแก๊ส,15,exchange,1,4,4,0,1692,0,transfer,walk_in,pickup,
T01889,2026-08-28,8,ส.ค.,5,10,C177,UNQ,ยูนิคแก๊ส,48,exchange,1,5,5,0,6750,0,credit,walk_in,pickup,
T01890,2026-08-28,8,ส.ค.,5,11,C154,UNQ,ยูนิคแก๊ส,48,exchange,1,4,4,0,5400,0,cash,phone,delivery,คนส่ง B
T01891,2026-08-28,8,ส.ค.,5,11,C201,WP,เวิลด์แก๊ส,4,exchange,1,1,1,0,160,0,cash,phone,delivery,คนส่ง B
T01892,2026-08-28,8,ส.ค.,5,14,C163,UNQ,ยูนิคแก๊ส,15,exchange,1,6,6,0,2538,0,cash,walk_in,pickup,
T01893,2026-08-28,8,ส.ค.,5,16,C078,UNQ,ยูนิคแก๊ส,4,exchange,1,1,1,0,160,0,cash,walk_in,pickup,
T01894,2026-08-28,8,ส.ค.,5,16,C065,SGP,สยามแก๊ส,15,exchange,1,1,1,0,423,0,cash,phone,delivery,คนส่ง B
T01895,2026-08-28,8,ส.ค.,5,16,C157,WP,เวิลด์แก๊ส,15,exchange,1,4,4,0,1692,0,transfer,line,delivery,คนส่ง A
T01896,2026-08-28,8,ส.ค.,5,16,C155,SGP,สยามแก๊ส,48,exchange,1,2,2,0,2700,0,transfer,phone,delivery,คนส่ง A
T01897,2026-08-28,8,ส.ค.,5,18,C185,WP,เวิลด์แก๊ส,15,exchange,1,1,2,-1,423,0,credit,walk_in,pickup,
T01898,2026-08-29,8,ส.ค.,6,8,C166,PTT,ปตท.,15,exchange,1,1,2,-1,423,0,credit,walk_in,pickup,
T01899,2026-08-29,8,ส.ค.,6,9,C158,WP,เวิลด์แก๊ส,48,exchange,1,5,5,0,6750,0,credit,phone,delivery,คนส่ง A
T01900,2026-08-29,8,ส.ค.,6,9,C151,UNQ,ยูนิคแก๊ส,48,exchange,1,2,2,0,2700,0,transfer,walk_in,pickup,
T01901,2026-08-29,8,ส.ค.,6,10,C172,WP,เวิลด์แก๊ส,15,exchange,1,2,2,0,846,0,transfer,walk_in,pickup,
T01902,2026-08-29,8,ส.ค.,6,10,C162,PTT,ปตท.,15,exchange,1,4,4,0,1692,0,cash,phone,delivery,คนส่ง A
T01903,2026-08-29,8,ส.ค.,6,11,C175,SGP,สยามแก๊ส,15,exchange,1,3,3,0,1269,0,transfer,phone,delivery,คนส่ง B
T01904,2026-08-29,8,ส.ค.,6,11,C219,PTT,ปตท.,4,exchange,1,1,1,0,160,0,transfer,line,delivery,คนส่ง A
T01905,2026-08-29,8,ส.ค.,6,11,C176,PTT,ปตท.,15,exchange,1,3,3,0,1269,0,cash,phone,delivery,คนส่ง A
T01906,2026-08-29,8,ส.ค.,6,12,C049,PTT,ปตท.,15,exchange,1,1,1,0,423,0,transfer,line,delivery,คนส่ง A
T01907,2026-08-29,8,ส.ค.,6,16,C152,UNQ,ยูนิคแก๊ส,15,exchange,1,3,3,0,1269,0,credit,phone,delivery,คนส่ง B
T01908,2026-08-29,8,ส.ค.,6,16,C031,WP,เวิลด์แก๊ส,15,exchange,1,1,1,0,423,0,transfer,line,delivery,คนส่ง B
T01909,2026-08-29,8,ส.ค.,6,16,C211,WP,เวิลด์แก๊ส,4,exchange,1,1,1,0,160,0,cash,phone,delivery,คนส่ง A
T01910,2026-08-29,8,ส.ค.,6,18,C176,PTT,ปตท.,15,new_cylinder,1,1,0,0,423,1300,cash,phone,delivery,คนส่ง A
T01911,2026-08-29,8,ส.ค.,6,18,C202,WP,เวิลด์แก๊ส,4,exchange,1,1,1,0,160,0,credit,phone,delivery,คนส่ง B
T01912,2026-08-30,8,ส.ค.,7,7,C183,UNQ,ยูนิคแก๊ส,15,exchange,1,3,3,0,1269,0,credit,phone,delivery,คนส่ง B
T01913,2026-08-30,8,ส.ค.,7,9,C156,WP,เวิลด์แก๊ส,15,exchange,1,2,2,0,846,0,credit,phone,delivery,คนส่ง A
T01914,2026-08-30,8,ส.ค.,7,11,C206,PTT,ปตท.,15,exchange,1,1,1,0,423,0,transfer,phone,delivery,คนส่ง B
T01915,2026-08-30,8,ส.ค.,7,17,C195,PTT,ปตท.,15,exchange,1,2,2,0,846,0,transfer,phone,delivery,คนส่ง A
T01916,2026-08-30,8,ส.ค.,7,18,C196,WP,เวิลด์แก๊ส,15,exchange,1,1,1,0,423,0,transfer,walk_in,pickup,
T01917,2026-08-31,8,ส.ค.,1,7,C153,WP,เวิลด์แก๊ส,48,exchange,1,6,6,0,8100,0,credit,phone,delivery,คนส่ง B
T01918,2026-08-31,8,ส.ค.,1,8,C179,WP,เวิลด์แก๊ส,15,exchange,1,2,2,0,846,0,cash,phone,delivery,คนส่ง A
T01919,2026-08-31,8,ส.ค.,1,8,C170,UNQ,ยูนิคแก๊ส,15,exchange,1,4,4,0,1692,0,cash,walk_in,pickup,
T01920,2026-08-31,8,ส.ค.,1,9,C198,SGP,สยามแก๊ส,4,exchange,1,1,1,0,160,0,transfer,phone,delivery,คนส่ง B
T01921,2026-08-31,8,ส.ค.,1,9,C145,PTT,ปตท.,15,exchange,1,1,1,0,423,0,transfer,walk_in,pickup,
T01922,2026-08-31,8,ส.ค.,1,9,C173,WP,เวิลด์แก๊ส,48,exchange,1,4,4,0,5400,0,cash,phone,delivery,คนส่ง B
T01923,2026-08-31,8,ส.ค.,1,11,C215,UNQ,ยูนิคแก๊ส,4,exchange,1,1,1,0,160,0,transfer,line,delivery,คนส่ง A
T01924,2026-08-31,8,ส.ค.,1,11,C168,WP,เวิลด์แก๊ส,48,exchange,1,3,3,0,4050,0,credit,phone,delivery,คนส่ง B
T01925,2026-08-31,8,ส.ค.,1,11,C189,WP,เวิลด์แก๊ส,48,exchange,1,2,2,0,2700,0,cash,line,delivery,คนส่ง B
T01926,2026-08-31,8,ส.ค.,1,11,C190,SGP,สยามแก๊ส,15,exchange,1,4,4,0,1692,0,credit,walk_in,pickup,
T01927,2026-08-31,8,ส.ค.,1,12,C022,PTT,ปตท.,15,new_cylinder,1,1,0,0,423,1300,cash,phone,delivery,คนส่ง A
T01928,2026-08-31,8,ส.ค.,1,13,C187,WP,เวิลด์แก๊ส,48,exchange,1,1,1,0,1350,0,cash,phone,delivery,คนส่ง B
T01929,2026-08-31,8,ส.ค.,1,13,C191,PTT,ปตท.,15,exchange,1,4,4,0,1692,0,credit,walk_in,pickup,
T01930,2026-08-31,8,ส.ค.,1,13,C052,WP,เวิลด์แก๊ส,15,exchange,1,1,1,0,423,0,transfer,phone,delivery,คนส่ง A
T01931,2026-08-31,8,ส.ค.,1,15,C192,PTT,ปตท.,15,exchange,1,2,2,0,846,0,cash,phone,delivery,คนส่ง A
T01932,2026-08-31,8,ส.ค.,1,16,C104,UNQ,ยูนิคแก๊ส,15,exchange,1,1,1,0,423,0,transfer,phone,delivery,คนส่ง B
T01933,2026-08-31,8,ส.ค.,1,16,C177,UNQ,ยูนิคแก๊ส,48,exchange,1,4,4,0,5400,0,credit,phone,delivery,คนส่ง B
T01934,2026-08-31,8,ส.ค.,1,17,C186,UNQ,ยูนิคแก๊ส,15,exchange,1,3,3,0,1269,0,credit,phone,delivery,คนส่ง A
T01935,2026-08-31,8,ส.ค.,1,18,C028,PTT,ปตท.,4,exchange,1,1,1,0,160,0,transfer,phone,delivery,คนส่ง A
T01936,2026-08-31,8,ส.ค.,1,18,C212,SGP,สยามแก๊ส,15,exchange,1,1,1,0,423,0,transfer,phone,delivery,คนส่ง A
T01937,2026-09-01,9,ก.ย.,2,7,C213,WP,เวิลด์แก๊ส,4,exchange,1,1,1,0,160,0,transfer,line,delivery,คนส่ง B
T01938,2026-09-01,9,ก.ย.,2,7,C165,WP,เวิลด์แก๊ส,48,exchange,1,3,3,0,4050,0,credit,walk_in,pickup,
T01939,2026-09-01,9,ก.ย.,2,7,C039,PTT,ปตท.,15,exchange,1,1,1,0,423,0,transfer,line,delivery,คนส่ง B
T01940,2026-09-01,9,ก.ย.,2,8,C011,WP,เวิลด์แก๊ส,15,exchange,1,1,1,0,423,0,transfer,line,delivery,คนส่ง B
T01941,2026-09-01,9,ก.ย.,2,8,C126,SGP,สยามแก๊ส,15,new_cylinder,1,1,0,0,423,1300,cash,phone,delivery,คนส่ง A
T01942,2026-09-01,9,ก.ย.,2,9,C051,UNQ,ยูนิคแก๊ส,15,exchange,1,1,1,0,423,0,transfer,phone,delivery,คนส่ง A
T01943,2026-09-01,9,ก.ย.,2,10,C160,WP,เวิลด์แก๊ส,48,exchange,1,2,2,0,2700,0,transfer,walk_in,pickup,
T01944,2026-09-01,9,ก.ย.,2,11,C203,PTT,ปตท.,4,exchange,1,1,1,0,160,0,cash,walk_in,pickup,
T01945,2026-09-01,9,ก.ย.,2,11,C220,PTT,ปตท.,15,exchange,1,1,1,0,423,0,transfer,phone,delivery,คนส่ง A
T01946,2026-09-01,9,ก.ย.,2,11,C194,PTT,ปตท.,15,exchange,1,2,2,0,846,0,credit,walk_in,pickup,
T01947,2026-09-01,9,ก.ย.,2,14,C064,PTT,ปตท.,15,exchange,1,1,1,0,423,0,transfer,phone,delivery,คนส่ง B
T01948,2026-09-01,9,ก.ย.,2,16,C200,WP,เวิลด์แก๊ส,15,exchange,1,1,1,0,423,0,transfer,phone,delivery,คนส่ง B
T01949,2026-09-01,9,ก.ย.,2,16,C174,SGP,สยามแก๊ส,48,exchange,1,3,3,0,4050,0,credit,line,delivery,คนส่ง B
T01950,2026-09-01,9,ก.ย.,2,17,C181,WP,เวิลด์แก๊ส,15,exchange,1,3,3,0,1269,0,credit,walk_in,pickup,
T01951,2026-09-01,9,ก.ย.,2,18,C178,WP,เวิลด์แก๊ส,15,exchange,1,5,5,0,2115,0,credit,walk_in,pickup,
T01952,2026-09-01,9,ก.ย.,2,18,C103,PTT,ปตท.,15,exchange,1,1,1,0,423,0,transfer,phone,delivery,คนส่ง A
T01953,2026-09-01,9,ก.ย.,2,18,C171,SGP,สยามแก๊ส,48,exchange,1,4,4,0,5400,0,cash,walk_in,pickup,
T01954,2026-09-02,9,ก.ย.,3,8,C209,WP,เวิลด์แก๊ส,4,exchange,1,1,1,0,160,0,transfer,phone,delivery,คนส่ง B
T01955,2026-09-02,9,ก.ย.,3,8,C208,WP,เวิลด์แก๊ส,15,exchange,1,1,1,0,423,0,cash,phone,delivery,คนส่ง A
T01956,2026-09-02,9,ก.ย.,3,9,C180,PTT,ปตท.,15,exchange,1,4,4,0,1692,0,cash,phone,delivery,คนส่ง B
T01957,2026-09-02,9,ก.ย.,3,10,C184,PTT,ปตท.,48,exchange,1,3,3,0,4050,0,transfer,phone,delivery,คนส่ง A
T01958,2026-09-02,9,ก.ย.,3,11,C026,WP,เวิลด์แก๊ส,15,exchange,1,1,1,0,423,0,cash,phone,delivery,คนส่ง A
T01959,2026-09-02,9,ก.ย.,3,11,C161,PTT,ปตท.,15,exchange,1,1,1,0,423,0,transfer,walk_in,pickup,
T01960,2026-09-02,9,ก.ย.,3,12,C167,UNQ,ยูนิคแก๊ส,15,exchange,1,4,4,0,1692,0,cash,phone,delivery,คนส่ง B
T01961,2026-09-02,9,ก.ย.,3,13,C012,WP,เวิลด์แก๊ส,15,exchange,1,1,1,0,423,0,cash,phone,delivery,คนส่ง B
T01962,2026-09-02,9,ก.ย.,3,13,C155,SGP,สยามแก๊ส,48,exchange,1,3,3,0,4050,0,transfer,walk_in,pickup,
T01963,2026-09-02,9,ก.ย.,3,17,C163,UNQ,ยูนิคแก๊ส,15,exchange,1,4,4,0,1692,0,transfer,walk_in,pickup,
T01964,2026-09-02,9,ก.ย.,3,18,C164,PTT,ปตท.,15,exchange,1,4,4,0,1692,0,credit,walk_in,pickup,
T01965,2026-09-03,9,ก.ย.,4,8,C085,WP,เวิลด์แก๊ส,15,new_cylinder,1,1,0,0,423,1300,transfer,walk_in,pickup,
T01966,2026-09-03,9,ก.ย.,4,9,C195,PTT,ปตท.,15,exchange,1,2,2,0,846,0,transfer,walk_in,pickup,
T01967,2026-09-03,9,ก.ย.,4,9,C067,PTT,ปตท.,4,exchange,1,1,1,0,160,0,transfer,phone,delivery,คนส่ง A
T01968,2026-09-03,9,ก.ย.,4,9,C154,UNQ,ยูนิคแก๊ส,48,exchange,1,3,3,0,4050,0,transfer,walk_in,pickup,
T01969,2026-09-03,9,ก.ย.,4,9,C157,WP,เวิลด์แก๊ส,15,exchange,1,3,2,1,1269,0,cash,line,delivery,คนส่ง B
T01970,2026-09-03,9,ก.ย.,4,10,C083,UNQ,ยูนิคแก๊ส,15,exchange,1,1,1,0,423,0,transfer,line,delivery,คนส่ง A
T01971,2026-09-03,9,ก.ย.,4,10,C210,PTT,ปตท.,4,exchange,1,1,1,0,160,0,transfer,phone,delivery,คนส่ง A
T01972,2026-09-03,9,ก.ย.,4,11,C162,PTT,ปตท.,15,exchange,1,3,3,0,1269,0,transfer,phone,delivery,คนส่ง B
T01973,2026-09-03,9,ก.ย.,4,14,C152,UNQ,ยูนิคแก๊ส,15,exchange,1,3,2,1,1269,0,credit,line,delivery,คนส่ง B
T01974,2026-09-03,9,ก.ย.,4,14,C166,PTT,ปตท.,15,exchange,1,3,2,1,1269,0,credit,line,delivery,คนส่ง A
T01975,2026-09-03,9,ก.ย.,4,16,C193,PTT,ปตท.,48,exchange,1,1,1,0,1350,0,credit,walk_in,pickup,
T01976,2026-09-03,9,ก.ย.,4,16,C172,WP,เวิลด์แก๊ส,15,exchange,1,2,2,0,846,0,transfer,line,delivery,คนส่ง B
T01977,2026-09-03,9,ก.ย.,4,16,C059,WP,เวิลด์แก๊ส,4,exchange,1,1,1,0,160,0,transfer,line,delivery,คนส่ง B
T01978,2026-09-03,9,ก.ย.,4,16,C182,WP,เวิลด์แก๊ส,15,exchange,1,2,2,0,846,0,cash,phone,delivery,คนส่ง B
T01979,2026-09-03,9,ก.ย.,4,17,C092,WP,เวิลด์แก๊ส,15,exchange,1,1,1,0,423,0,cash,walk_in,pickup,
T01980,2026-09-03,9,ก.ย.,4,17,C185,WP,เวิลด์แก๊ส,15,exchange,1,1,1,0,423,0,credit,walk_in,pickup,
T01981,2026-09-04,9,ก.ย.,5,8,C156,WP,เวิลด์แก๊ส,15,exchange,1,2,2,0,846,0,credit,walk_in,pickup,
T01982,2026-09-04,9,ก.ย.,5,10,C205,WP,เวิลด์แก๊ส,15,exchange,1,1,1,0,423,0,transfer,line,delivery,คนส่ง B
T01983,2026-09-04,9,ก.ย.,5,10,C207,PTT,ปตท.,15,exchange,1,1,0,1,423,0,cash,walk_in,pickup,
T01984,2026-09-04,9,ก.ย.,5,10,C199,UNQ,ยูนิคแก๊ส,15,exchange,1,1,1,0,423,0,transfer,line,delivery,คนส่ง B
T01985,2026-09-04,9,ก.ย.,5,10,C191,PTT,ปตท.,15,exchange,1,3,3,0,1269,0,credit,phone,delivery,คนส่ง B
T01986,2026-09-04,9,ก.ย.,5,11,C058,WP,เวิลด์แก๊ส,15,exchange,1,1,1,0,423,0,cash,line,delivery,คนส่ง A
T01987,2026-09-04,9,ก.ย.,5,16,C159,WP,เวิลด์แก๊ส,15,exchange,1,5,6,-1,2115,0,transfer,line,delivery,คนส่ง A
T01988,2026-09-04,9,ก.ย.,5,16,C021,PTT,ปตท.,15,exchange,1,1,1,0,423,0,transfer,line,delivery,คนส่ง B
T01989,2026-09-04,9,ก.ย.,5,16,C214,SGP,สยามแก๊ส,15,exchange,1,1,1,0,423,0,cash,line,delivery,คนส่ง B
T01990,2026-09-04,9,ก.ย.,5,16,C204,WP,เวิลด์แก๊ส,15,exchange,1,1,1,0,423,0,credit,phone,delivery,คนส่ง B
T01991,2026-09-04,9,ก.ย.,5,16,C190,SGP,สยามแก๊ส,15,exchange,1,2,2,0,846,0,credit,phone,delivery,คนส่ง A
T01992,2026-09-05,9,ก.ย.,6,7,C216,WP,เวิลด์แก๊ส,15,exchange,1,1,1,0,423,0,transfer,walk_in,pickup,
T01993,2026-09-05,9,ก.ย.,6,7,C007,SGP,สยามแก๊ส,15,exchange,1,1,1,0,423,0,cash,line,delivery,คนส่ง B
T01994,2026-09-05,9,ก.ย.,6,7,C080,WP,เวิลด์แก๊ส,15,exchange,1,1,1,0,423,0,transfer,phone,delivery,คนส่ง B
T01995,2026-09-05,9,ก.ย.,6,9,C165,WP,เวิลด์แก๊ส,48,exchange,1,3,3,0,4050,0,credit,phone,delivery,คนส่ง A
T01996,2026-09-05,9,ก.ย.,6,9,C179,WP,เวิลด์แก๊ส,15,exchange,1,1,1,0,423,0,transfer,phone,delivery,คนส่ง B
T01997,2026-09-05,9,ก.ย.,6,10,C201,WP,เวิลด์แก๊ส,4,exchange,1,1,1,0,160,0,transfer,line,delivery,คนส่ง A
T01998,2026-09-05,9,ก.ย.,6,10,C218,WP,เวิลด์แก๊ส,15,exchange,1,1,1,0,423,0,cash,phone,delivery,คนส่ง A
T01999,2026-09-05,9,ก.ย.,6,11,C175,SGP,สยามแก๊ส,15,exchange,1,2,2,0,846,0,cash,line,delivery,คนส่ง B
T02000,2026-09-05,9,ก.ย.,6,16,C151,UNQ,ยูนิคแก๊ส,48,exchange,1,2,2,0,2700,0,transfer,phone,delivery,คนส่ง B
T02001,2026-09-05,9,ก.ย.,6,16,C187,WP,เวิลด์แก๊ส,48,exchange,1,1,1,0,1350,0,transfer,line,delivery,คนส่ง A
T02002,2026-09-05,9,ก.ย.,6,17,C176,PTT,ปตท.,15,exchange,1,5,5,0,2115,0,transfer,walk_in,pickup,
T02003,2026-09-05,9,ก.ย.,6,17,C197,WP,เวิลด์แก๊ส,15,exchange,1,1,1,0,423,0,transfer,phone,delivery,คนส่ง A
T02004,2026-09-06,9,ก.ย.,7,7,C183,UNQ,ยูนิคแก๊ส,15,exchange,1,3,3,0,1269,0,credit,phone,delivery,คนส่ง A
T02005,2026-09-06,9,ก.ย.,7,8,C087,WP,เวิลด์แก๊ส,15,exchange,1,1,1,0,423,0,transfer,phone,delivery,คนส่ง A
T02006,2026-09-06,9,ก.ย.,7,10,C168,WP,เวิลด์แก๊ส,48,exchange,1,3,3,0,4050,0,credit,line,delivery,คนส่ง B
T02007,2026-09-06,9,ก.ย.,7,11,C185,WP,เวิลด์แก๊ส,15,exchange,1,2,2,0,846,0,credit,phone,delivery,คนส่ง B
T02008,2026-09-06,9,ก.ย.,7,13,C177,UNQ,ยูนิคแก๊ส,48,exchange,1,3,3,0,4050,0,credit,line,delivery,คนส่ง B
T02009,2026-09-06,9,ก.ย.,7,16,C183,UNQ,ยูนิคแก๊ส,15,new_cylinder,1,1,0,0,423,1300,credit,line,delivery,คนส่ง B
T02010,2026-09-06,9,ก.ย.,7,16,C096,WP,เวิลด์แก๊ส,15,exchange,1,1,2,-1,423,0,cash,line,delivery,คนส่ง B
T02011,2026-09-07,9,ก.ย.,1,8,C158,WP,เวิลด์แก๊ส,48,exchange,1,4,4,0,5400,0,credit,phone,delivery,คนส่ง B
T02012,2026-09-07,9,ก.ย.,1,8,C154,UNQ,ยูนิคแก๊ส,48,exchange,1,2,1,1,2700,0,transfer,phone,delivery,คนส่ง A
T02013,2026-09-07,9,ก.ย.,1,8,C195,PTT,ปตท.,15,exchange,1,4,5,-1,1692,0,transfer,phone,delivery,คนส่ง B
T02014,2026-09-07,9,ก.ย.,1,9,C173,WP,เวิลด์แก๊ส,48,exchange,1,4,4,0,5400,0,cash,phone,delivery,คนส่ง A
T02015,2026-09-07,9,ก.ย.,1,9,C186,UNQ,ยูนิคแก๊ส,15,exchange,1,3,3,0,1269,0,credit,walk_in,pickup,
T02016,2026-09-07,9,ก.ย.,1,10,C112,WP,เวิลด์แก๊ส,15,exchange,1,1,1,0,423,0,cash,line,delivery,คนส่ง A
T02017,2026-09-07,9,ก.ย.,1,10,C189,WP,เวิลด์แก๊ส,48,exchange,1,4,4,0,5400,0,transfer,line,delivery,คนส่ง B
T02018,2026-09-07,9,ก.ย.,1,10,C157,WP,เวิลด์แก๊ส,15,exchange,1,4,5,-1,1692,0,cash,walk_in,pickup,
T02019,2026-09-07,9,ก.ย.,1,10,C178,WP,เวิลด์แก๊ส,15,exchange,1,5,5,0,2115,0,credit,phone,delivery,คนส่ง B
T02020,2026-09-07,9,ก.ย.,1,10,C170,UNQ,ยูนิคแก๊ส,15,exchange,1,4,4,0,1692,0,transfer,phone,delivery,คนส่ง B
T02021,2026-09-07,9,ก.ย.,1,11,C153,WP,เวิลด์แก๊ส,48,exchange,1,2,2,0,2700,0,credit,line,delivery,คนส่ง A
T02022,2026-09-07,9,ก.ย.,1,11,C160,WP,เวิลด์แก๊ส,48,exchange,1,3,3,0,4050,0,transfer,phone,delivery,คนส่ง A
T02023,2026-09-07,9,ก.ย.,1,11,C148,PTT,ปตท.,4,exchange,1,1,1,0,160,0,transfer,walk_in,pickup,
T02024,2026-09-07,9,ก.ย.,1,13,C211,WP,เวิลด์แก๊ส,4,exchange,1,1,1,0,160,0,transfer,line,delivery,คนส่ง B
T02025,2026-09-07,9,ก.ย.,1,15,C194,PTT,ปตท.,15,exchange,1,4,4,0,1692,0,credit,line,delivery,คนส่ง B
T02026,2026-09-07,9,ก.ย.,1,15,C155,SGP,สยามแก๊ส,48,exchange,1,4,4,0,5400,0,cash,phone,delivery,คนส่ง B
T02027,2026-09-07,9,ก.ย.,1,15,C171,SGP,สยามแก๊ส,48,exchange,1,3,3,0,4050,0,transfer,phone,delivery,คนส่ง A
T02028,2026-09-07,9,ก.ย.,1,16,C164,PTT,ปตท.,15,exchange,1,4,4,0,1692,0,credit,phone,delivery,คนส่ง B
T02029,2026-09-07,9,ก.ย.,1,17,C212,SGP,สยามแก๊ส,15,exchange,1,1,1,0,423,0,transfer,phone,delivery,คนส่ง B
T02030,2026-09-07,9,ก.ย.,1,18,C033,UNQ,ยูนิคแก๊ส,15,exchange,1,1,1,0,423,0,transfer,phone,delivery,คนส่ง B
T02031,2026-09-08,9,ก.ย.,2,7,C035,UNQ,ยูนิคแก๊ส,15,exchange,1,1,1,0,423,0,cash,line,delivery,คนส่ง B
T02032,2026-09-08,9,ก.ย.,2,8,C137,PTT,ปตท.,15,exchange,1,1,1,0,423,0,cash,phone,delivery,คนส่ง B
T02033,2026-09-08,9,ก.ย.,2,9,C217,SGP,สยามแก๊ส,4,exchange,1,1,1,0,160,0,transfer,phone,delivery,คนส่ง B
T02034,2026-09-08,9,ก.ย.,2,9,C077,UNQ,ยูนิคแก๊ส,15,new_cylinder,1,1,0,0,423,1300,transfer,line,delivery,คนส่ง B
T02035,2026-09-08,9,ก.ย.,2,10,C163,UNQ,ยูนิคแก๊ส,15,exchange,1,3,3,0,1269,0,transfer,line,delivery,คนส่ง B
T02036,2026-09-08,9,ก.ย.,2,10,C167,UNQ,ยูนิคแก๊ส,15,exchange,1,3,3,0,1269,0,cash,line,delivery,คนส่ง A
T02037,2026-09-08,9,ก.ย.,2,10,C180,PTT,ปตท.,15,exchange,1,4,4,0,1692,0,transfer,phone,delivery,คนส่ง B
T02038,2026-09-08,9,ก.ย.,2,10,C166,PTT,ปตท.,15,exchange,1,3,3,0,1269,0,credit,phone,delivery,คนส่ง A
T02039,2026-09-08,9,ก.ย.,2,10,C113,WP,เวิลด์แก๊ส,15,exchange,1,1,1,0,423,0,cash,phone,delivery,คนส่ง A
T02040,2026-09-08,9,ก.ย.,2,11,C150,UNQ,ยูนิคแก๊ส,15,exchange,1,1,1,0,423,0,transfer,phone,delivery,คนส่ง B
T02041,2026-09-08,9,ก.ย.,2,13,C127,SGP,สยามแก๊ส,15,new_cylinder,1,1,0,0,423,1300,cash,phone,delivery,คนส่ง A
T02042,2026-09-08,9,ก.ย.,2,13,C193,PTT,ปตท.,48,exchange,1,2,2,0,2700,0,credit,walk_in,pickup,
T02043,2026-09-08,9,ก.ย.,2,14,C056,WP,เวิลด์แก๊ส,15,exchange,1,1,1,0,423,0,transfer,phone,delivery,คนส่ง B
T02044,2026-09-09,9,ก.ย.,3,7,C209,WP,เวิลด์แก๊ส,4,exchange,1,1,1,0,160,0,transfer,walk_in,pickup,
T02045,2026-09-09,9,ก.ย.,3,8,C135,PTT,ปตท.,15,exchange,1,1,1,0,423,0,transfer,phone,delivery,คนส่ง B
T02046,2026-09-09,9,ก.ย.,3,8,C206,PTT,ปตท.,15,exchange,1,1,1,0,423,0,transfer,line,delivery,คนส่ง B
T02047,2026-09-09,9,ก.ย.,3,9,C200,WP,เวิลด์แก๊ส,15,exchange,1,1,1,0,423,0,transfer,line,delivery,คนส่ง A
T02048,2026-09-09,9,ก.ย.,3,10,C198,SGP,สยามแก๊ส,4,exchange,1,1,1,0,160,0,cash,line,delivery,คนส่ง B
T02049,2026-09-09,9,ก.ย.,3,10,C161,PTT,ปตท.,15,exchange,1,1,1,0,423,0,transfer,walk_in,pickup,
T02050,2026-09-09,9,ก.ย.,3,10,C196,WP,เวิลด์แก๊ส,15,exchange,1,1,1,0,423,0,transfer,phone,delivery,คนส่ง A
T02051,2026-09-09,9,ก.ย.,3,13,C184,PTT,ปตท.,48,exchange,1,4,4,0,5400,0,transfer,line,delivery,คนส่ง B
T02052,2026-09-09,9,ก.ย.,3,14,C151,UNQ,ยูนิคแก๊ส,48,exchange,1,3,3,0,4050,0,transfer,phone,delivery,คนส่ง A
T02053,2026-09-09,9,ก.ย.,3,14,C181,WP,เวิลด์แก๊ส,15,exchange,1,3,3,0,1269,0,credit,line,delivery,คนส่ง A
T02054,2026-09-09,9,ก.ย.,3,15,C152,UNQ,ยูนิคแก๊ส,15,exchange,1,4,4,0,1692,0,credit,phone,delivery,คนส่ง A
T02055,2026-09-09,9,ก.ย.,3,16,C006,PTT,ปตท.,15,exchange,1,1,1,0,423,0,cash,phone,delivery,คนส่ง A
T02056,2026-09-09,9,ก.ย.,3,17,C174,SGP,สยามแก๊ส,48,exchange,1,3,3,0,4050,0,credit,walk_in,pickup,
T02057,2026-09-09,9,ก.ย.,3,17,C019,PTT,ปตท.,15,exchange,1,1,1,0,423,0,cash,phone,delivery,คนส่ง B
T02058,2026-09-09,9,ก.ย.,3,17,C136,PTT,ปตท.,15,exchange,1,1,1,0,423,0,cash,phone,delivery,คนส่ง A
T02059,2026-09-09,9,ก.ย.,3,18,C192,PTT,ปตท.,15,exchange,1,3,3,0,1269,0,cash,phone,delivery,คนส่ง A
T02060,2026-09-10,9,ก.ย.,4,8,C159,WP,เวิลด์แก๊ส,15,exchange,1,2,2,0,846,0,transfer,walk_in,pickup,
T02061,2026-09-10,9,ก.ย.,4,8,C191,PTT,ปตท.,15,exchange,1,4,4,0,1692,0,credit,phone,delivery,คนส่ง B
T02062,2026-09-10,9,ก.ย.,4,9,C175,SGP,สยามแก๊ส,15,exchange,1,3,3,0,1269,0,transfer,phone,delivery,คนส่ง A
T02063,2026-09-10,9,ก.ย.,4,11,C046,WP,เวิลด์แก๊ส,15,exchange,1,1,1,0,423,0,cash,phone,delivery,คนส่ง B
T02064,2026-09-10,9,ก.ย.,4,11,C185,WP,เวิลด์แก๊ส,15,exchange,1,1,1,0,423,0,credit,phone,delivery,คนส่ง B
T02065,2026-09-10,9,ก.ย.,4,11,C097,WP,เวิลด์แก๊ส,15,exchange,1,1,1,0,423,0,transfer,line,delivery,คนส่ง B
T02066,2026-09-10,9,ก.ย.,4,11,C004,SGP,สยามแก๊ส,15,exchange,1,1,1,0,423,0,transfer,walk_in,pickup,
T02067,2026-09-10,9,ก.ย.,4,11,C176,PTT,ปตท.,15,exchange,1,4,4,0,1692,0,transfer,walk_in,pickup,
T02068,2026-09-10,9,ก.ย.,4,13,C172,WP,เวิลด์แก๊ส,15,exchange,1,1,1,0,423,0,cash,walk_in,pickup,
T02069,2026-09-10,9,ก.ย.,4,16,C190,SGP,สยามแก๊ส,15,exchange,1,2,2,0,846,0,credit,walk_in,pickup,
T02070,2026-09-10,9,ก.ย.,4,17,C202,WP,เวิลด์แก๊ส,4,exchange,1,1,1,0,160,0,credit,phone,delivery,คนส่ง B
T02071,2026-09-10,9,ก.ย.,4,17,C162,PTT,ปตท.,15,exchange,1,3,3,0,1269,0,cash,phone,delivery,คนส่ง A
T02072,2026-09-10,9,ก.ย.,4,17,C099,WP,เวิลด์แก๊ส,15,exchange,1,1,1,0,423,0,cash,walk_in,pickup,
T02073,2026-09-10,9,ก.ย.,4,18,C179,WP,เวิลด์แก๊ส,15,exchange,1,3,3,0,1269,0,transfer,phone,delivery,คนส่ง B
T02074,2026-09-11,9,ก.ย.,5,7,C182,WP,เวิลด์แก๊ส,15,exchange,1,2,2,0,846,0,transfer,phone,delivery,คนส่ง A
T02075,2026-09-11,9,ก.ย.,5,8,C220,PTT,ปตท.,15,exchange,1,1,1,0,423,0,cash,phone,delivery,คนส่ง A
T02076,2026-09-11,9,ก.ย.,5,11,C201,WP,เวิลด์แก๊ส,4,exchange,1,1,1,0,160,0,transfer,line,delivery,คนส่ง A
T02077,2026-09-11,9,ก.ย.,5,11,C157,WP,เวิลด์แก๊ส,15,exchange,1,1,1,0,423,0,transfer,walk_in,pickup,
T02078,2026-09-11,9,ก.ย.,5,11,C044,WP,เวิลด์แก๊ส,15,exchange,1,1,1,0,423,0,cash,walk_in,pickup,
T02079,2026-09-11,9,ก.ย.,5,11,C219,PTT,ปตท.,4,exchange,1,1,1,0,160,0,transfer,line,delivery,คนส่ง A
T02080,2026-09-11,9,ก.ย.,5,12,C156,WP,เวิลด์แก๊ส,15,exchange,1,2,1,1,846,0,credit,phone,delivery,คนส่ง B
T02081,2026-09-11,9,ก.ย.,5,16,C123,WP,เวิลด์แก๊ส,15,exchange,1,1,1,0,423,0,cash,phone,delivery,คนส่ง B
T02082,2026-09-11,9,ก.ย.,5,17,C177,UNQ,ยูนิคแก๊ส,48,exchange,1,2,2,0,2700,0,credit,phone,delivery,คนส่ง A
T02083,2026-09-12,9,ก.ย.,6,7,C165,WP,เวิลด์แก๊ส,48,exchange,1,3,3,0,4050,0,credit,walk_in,pickup,
T02084,2026-09-12,9,ก.ย.,6,7,C186,UNQ,ยูนิคแก๊ส,15,exchange,1,2,2,0,846,0,credit,phone,delivery,คนส่ง B
T02085,2026-09-12,9,ก.ย.,6,8,C036,WP,เวิลด์แก๊ส,15,exchange,1,1,1,0,423,0,transfer,walk_in,pickup,
T02086,2026-09-12,9,ก.ย.,6,10,C215,UNQ,ยูนิคแก๊ส,4,exchange,1,1,0,1,160,0,cash,walk_in,pickup,
T02087,2026-09-12,9,ก.ย.,6,11,C213,WP,เวิลด์แก๊ส,4,exchange,1,1,1,0,160,0,transfer,phone,delivery,คนส่ง A
T02088,2026-09-12,9,ก.ย.,6,14,C178,WP,เวิลด์แก๊ส,15,exchange,1,3,3,0,1269,0,credit,phone,delivery,คนส่ง B
T02089,2026-09-12,9,ก.ย.,6,15,C032,UNQ,ยูนิคแก๊ส,15,exchange,1,1,1,0,423,0,transfer,walk_in,pickup,
T02090,2026-09-12,9,ก.ย.,6,16,C164,PTT,ปตท.,15,exchange,1,4,4,0,1692,0,credit,phone,delivery,คนส่ง A
T02091,2026-09-12,9,ก.ย.,6,16,C060,SGP,สยามแก๊ส,15,exchange,1,1,1,0,423,0,cash,walk_in,pickup,
T02092,2026-09-12,9,ก.ย.,6,16,C107,UNQ,ยูนิคแก๊ส,15,exchange,1,1,1,0,423,0,transfer,line,delivery,คนส่ง A
T02093,2026-09-13,9,ก.ย.,7,8,C001,SGP,สยามแก๊ส,15,exchange,1,1,1,0,423,0,transfer,walk_in,pickup,
T02094,2026-09-13,9,ก.ย.,7,8,C207,PTT,ปตท.,15,exchange,1,1,1,0,423,0,transfer,walk_in,pickup,
T02095,2026-09-13,9,ก.ย.,7,8,C155,SGP,สยามแก๊ส,48,exchange,1,4,4,0,5400,0,cash,walk_in,pickup,
T02096,2026-09-13,9,ก.ย.,7,9,C170,UNQ,ยูนิคแก๊ส,15,exchange,1,2,2,0,846,0,cash,walk_in,pickup,
T02097,2026-09-13,9,ก.ย.,7,9,C163,UNQ,ยูนิคแก๊ส,15,exchange,1,2,2,0,846,0,transfer,walk_in,pickup,
T02098,2026-09-13,9,ก.ย.,7,9,C203,PTT,ปตท.,4,exchange,1,1,1,0,160,0,transfer,phone,delivery,คนส่ง A
T02099,2026-09-13,9,ก.ย.,7,10,C048,UNQ,ยูนิคแก๊ส,15,exchange,1,1,1,0,423,0,transfer,walk_in,pickup,
T02100,2026-09-13,9,ก.ย.,7,11,C199,UNQ,ยูนิคแก๊ส,15,exchange,1,1,1,0,423,0,cash,line,delivery,คนส่ง B
T02101,2026-09-13,9,ก.ย.,7,14,C195,PTT,ปตท.,15,exchange,1,3,3,0,1269,0,cash,phone,delivery,คนส่ง B
T02102,2026-09-13,9,ก.ย.,7,15,C187,WP,เวิลด์แก๊ส,48,exchange,1,1,1,0,1350,0,cash,phone,delivery,คนส่ง B
T02103,2026-09-13,9,ก.ย.,7,17,C191,PTT,ปตท.,15,exchange,1,2,2,0,846,0,credit,walk_in,pickup,
T02104,2026-09-14,9,ก.ย.,1,7,C205,WP,เวิลด์แก๊ส,15,exchange,1,1,1,0,423,0,transfer,line,delivery,คนส่ง A
T02105,2026-09-14,9,ก.ย.,1,8,C050,SGP,สยามแก๊ส,15,exchange,1,1,1,0,423,0,cash,line,delivery,คนส่ง A
T02106,2026-09-14,9,ก.ย.,1,8,C167,UNQ,ยูนิคแก๊ส,15,exchange,1,4,4,0,1692,0,cash,phone,delivery,คนส่ง B
T02107,2026-09-14,9,ก.ย.,1,9,C115,PTT,ปตท.,15,exchange,1,1,1,0,423,0,cash,line,delivery,คนส่ง A
T02108,2026-09-14,9,ก.ย.,1,9,C171,SGP,สยามแก๊ส,48,exchange,1,3,3,0,4050,0,transfer,phone,delivery,คนส่ง A
T02109,2026-09-14,9,ก.ย.,1,9,C189,WP,เวิลด์แก๊ส,48,exchange,1,3,3,0,4050,0,transfer,phone,delivery,คนส่ง A
T02110,2026-09-14,9,ก.ย.,1,9,C193,PTT,ปตท.,48,exchange,1,2,2,0,2700,0,credit,walk_in,pickup,
T02111,2026-09-14,9,ก.ย.,1,9,C153,WP,เวิลด์แก๊ส,48,new_cylinder,1,1,0,0,1350,3800,credit,line,delivery,คนส่ง A
T02112,2026-09-14,9,ก.ย.,1,10,C162,PTT,ปตท.,15,exchange,1,2,2,0,846,0,cash,line,delivery,คนส่ง B
T02113,2026-09-14,9,ก.ย.,1,10,C168,WP,เวิลด์แก๊ส,48,exchange,1,4,4,0,5400,0,credit,walk_in,pickup,
T02114,2026-09-14,9,ก.ย.,1,10,C214,SGP,สยามแก๊ส,15,exchange,1,1,1,0,423,0,cash,walk_in,pickup,
T02115,2026-09-14,9,ก.ย.,1,10,C181,WP,เวิลด์แก๊ส,15,exchange,1,2,2,0,846,0,credit,phone,delivery,คนส่ง A
T02116,2026-09-14,9,ก.ย.,1,10,C141,SGP,สยามแก๊ส,15,exchange,1,1,1,0,423,0,transfer,walk_in,pickup,
T02117,2026-09-14,9,ก.ย.,1,10,C154,UNQ,ยูนิคแก๊ส,48,exchange,1,3,4,-1,4050,0,cash,walk_in,pickup,
T02118,2026-09-14,9,ก.ย.,1,10,C166,PTT,ปตท.,15,exchange,1,3,3,0,1269,0,credit,walk_in,pickup,
T02119,2026-09-14,9,ก.ย.,1,10,C184,PTT,ปตท.,48,exchange,1,3,3,0,4050,0,cash,phone,delivery,คนส่ง B
T02120,2026-09-14,9,ก.ย.,1,10,C183,UNQ,ยูนิคแก๊ส,15,exchange,1,4,4,0,1692,0,credit,walk_in,pickup,
T02121,2026-09-14,9,ก.ย.,1,10,C160,WP,เวิลด์แก๊ส,48,exchange,1,2,2,0,2700,0,cash,phone,delivery,คนส่ง A
T02122,2026-09-14,9,ก.ย.,1,10,C204,WP,เวิลด์แก๊ส,15,exchange,1,1,1,0,423,0,credit,walk_in,pickup,
T02123,2026-09-14,9,ก.ย.,1,10,C158,WP,เวิลด์แก๊ส,48,exchange,1,4,4,0,5400,0,credit,line,delivery,คนส่ง A
T02124,2026-09-14,9,ก.ย.,1,10,C181,WP,เวิลด์แก๊ส,15,new_cylinder,1,1,0,0,423,1300,credit,walk_in,pickup,
T02125,2026-09-14,9,ก.ย.,1,13,C153,WP,เวิลด์แก๊ส,48,exchange,1,5,5,0,6750,0,credit,phone,delivery,คนส่ง A
T02126,2026-09-14,9,ก.ย.,1,14,C194,PTT,ปตท.,15,exchange,1,3,3,0,1269,0,credit,walk_in,pickup,
T02127,2026-09-14,9,ก.ย.,1,15,C013,PTT,ปตท.,15,exchange,1,1,1,0,423,0,transfer,phone,delivery,คนส่ง A
T02128,2026-09-14,9,ก.ย.,1,15,C132,WP,เวิลด์แก๊ส,15,exchange,1,1,1,0,423,0,cash,phone,delivery,คนส่ง A
T02129,2026-09-14,9,ก.ย.,1,15,C175,SGP,สยามแก๊ส,15,exchange,1,4,4,0,1692,0,cash,walk_in,pickup,
T02130,2026-09-14,9,ก.ย.,1,15,C180,PTT,ปตท.,15,exchange,1,3,3,0,1269,0,transfer,phone,delivery,คนส่ง B
T02131,2026-09-14,9,ก.ย.,1,16,C151,UNQ,ยูนิคแก๊ส,48,exchange,1,3,3,0,4050,0,cash,phone,delivery,คนส่ง A
T02132,2026-09-14,9,ก.ย.,1,16,C208,WP,เวิลด์แก๊ส,15,exchange,1,1,1,0,423,0,transfer,phone,delivery,คนส่ง B
T02133,2026-09-14,9,ก.ย.,1,17,C179,WP,เวิลด์แก๊ส,15,exchange,1,2,2,0,846,0,transfer,line,delivery,คนส่ง B
T02134,2026-09-15,9,ก.ย.,2,8,C116,SGP,สยามแก๊ส,15,exchange,1,1,1,0,423,0,transfer,line,delivery,คนส่ง B
T02135,2026-09-15,9,ก.ย.,2,9,C198,SGP,สยามแก๊ส,4,exchange,1,1,1,0,160,0,cash,phone,delivery,คนส่ง B
T02136,2026-09-15,9,ก.ย.,2,10,C017,PTT,ปตท.,15,exchange,1,1,1,0,423,0,transfer,line,delivery,คนส่ง B
T02137,2026-09-15,9,ก.ย.,2,11,C173,WP,เวิลด์แก๊ส,48,exchange,1,2,2,0,2700,0,transfer,phone,delivery,คนส่ง A
T02138,2026-09-15,9,ก.ย.,2,11,C098,WP,เวิลด์แก๊ส,15,exchange,1,1,1,0,423,0,cash,phone,delivery,คนส่ง A
T02139,2026-09-15,9,ก.ย.,2,11,C152,UNQ,ยูนิคแก๊ส,15,exchange,1,3,2,1,1269,0,credit,phone,delivery,คนส่ง B
T02140,2026-09-15,9,ก.ย.,2,13,C142,PTT,ปตท.,15,exchange,1,1,1,0,423,0,cash,phone,delivery,คนส่ง B
T02141,2026-09-15,9,ก.ย.,2,16,C210,PTT,ปตท.,4,exchange,1,1,1,0,160,0,cash,line,delivery,คนส่ง A
T02142,2026-09-15,9,ก.ย.,2,18,C174,SGP,สยามแก๊ส,48,exchange,1,3,3,0,4050,0,credit,phone,delivery,คนส่ง B
T02143,2026-09-16,9,ก.ย.,3,8,C047,SGP,สยามแก๊ส,15,exchange,1,1,1,0,423,0,cash,line,delivery,คนส่ง B
T02144,2026-09-16,9,ก.ย.,3,9,C192,PTT,ปตท.,15,exchange,1,2,2,0,846,0,transfer,line,delivery,คนส่ง A
T02145,2026-09-16,9,ก.ย.,3,9,C121,WP,เวิลด์แก๊ส,15,exchange,1,1,1,0,423,0,transfer,phone,delivery,คนส่ง A
T02146,2026-09-16,9,ก.ย.,3,10,C185,WP,เวิลด์แก๊ส,15,exchange,1,1,1,0,423,0,credit,walk_in,pickup,
T02147,2026-09-16,9,ก.ย.,3,10,C156,WP,เวิลด์แก๊ส,15,exchange,1,2,2,0,846,0,credit,phone,delivery,คนส่ง B
T02148,2026-09-16,9,ก.ย.,3,12,C157,WP,เวิลด์แก๊ส,15,exchange,1,2,2,0,846,0,cash,line,delivery,คนส่ง B
T02149,2026-09-16,9,ก.ย.,3,15,C196,WP,เวิลด์แก๊ส,15,exchange,1,1,1,0,423,0,transfer,line,delivery,คนส่ง B
T02150,2026-09-16,9,ก.ย.,3,15,C161,PTT,ปตท.,15,exchange,1,1,1,0,423,0,cash,phone,delivery,คนส่ง B
T02151,2026-09-16,9,ก.ย.,3,15,C172,WP,เวิลด์แก๊ส,15,exchange,1,2,2,0,846,0,cash,walk_in,pickup,
T02152,2026-09-16,9,ก.ย.,3,17,C182,WP,เวิลด์แก๊ส,15,exchange,1,3,3,0,1269,0,transfer,phone,delivery,คนส่ง A
T02153,2026-09-17,9,ก.ย.,4,7,C216,WP,เวิลด์แก๊ส,15,exchange,1,1,1,0,423,0,transfer,phone,delivery,คนส่ง B
T02154,2026-09-17,9,ก.ย.,4,10,C197,WP,เวิลด์แก๊ส,15,exchange,1,1,1,0,423,0,transfer,phone,delivery,คนส่ง B
T02155,2026-09-17,9,ก.ย.,4,10,C218,WP,เวิลด์แก๊ส,15,exchange,1,1,1,0,423,0,transfer,phone,delivery,คนส่ง A
T02156,2026-09-17,9,ก.ย.,4,10,C211,WP,เวิลด์แก๊ส,4,exchange,1,1,1,0,160,0,transfer,phone,delivery,คนส่ง A
T02157,2026-09-17,9,ก.ย.,4,11,C176,PTT,ปตท.,15,exchange,1,3,3,0,1269,0,transfer,walk_in,pickup,
T02158,2026-09-17,9,ก.ย.,4,11,C177,UNQ,ยูนิคแก๊ส,48,exchange,1,4,4,0,5400,0,credit,walk_in,pickup,
T02159,2026-09-17,9,ก.ย.,4,14,C219,PTT,ปตท.,4,exchange,1,1,2,-1,160,0,transfer,line,delivery,คนส่ง B
T02160,2026-09-17,9,ก.ย.,4,16,C009,SGP,สยามแก๊ส,15,exchange,1,1,1,0,423,0,transfer,walk_in,pickup,
T02161,2026-09-17,9,ก.ย.,4,17,C190,SGP,สยามแก๊ส,15,exchange,1,3,3,0,1269,0,credit,walk_in,pickup,
T02162,2026-09-17,9,ก.ย.,4,18,C131,SGP,สยามแก๊ส,15,exchange,1,1,1,0,423,0,transfer,walk_in,pickup,
T02163,2026-09-18,9,ก.ย.,5,8,C159,WP,เวิลด์แก๊ส,15,exchange,1,4,4,0,1692,0,cash,walk_in,pickup,
T02164,2026-09-18,9,ก.ย.,5,9,C186,UNQ,ยูนิคแก๊ส,15,exchange,1,2,2,0,846,0,credit,phone,delivery,คนส่ง B
T02165,2026-09-18,9,ก.ย.,5,9,C105,WP,เวิลด์แก๊ส,15,exchange,1,1,0,1,423,0,cash,phone,delivery,คนส่ง B
T02166,2026-09-18,9,ก.ย.,5,10,C212,SGP,สยามแก๊ส,15,exchange,1,1,1,0,423,0,cash,line,delivery,คนส่ง B
T02167,2026-09-18,9,ก.ย.,5,10,C069,WP,เวิลด์แก๊ส,15,exchange,1,1,1,0,423,0,cash,walk_in,pickup,
T02168,2026-09-18,9,ก.ย.,5,11,C094,SGP,สยามแก๊ส,15,exchange,1,1,1,0,423,0,transfer,phone,delivery,คนส่ง A
T02169,2026-09-18,9,ก.ย.,5,11,C178,WP,เวิลด์แก๊ส,15,exchange,1,3,3,0,1269,0,credit,phone,delivery,คนส่ง A
T02170,2026-09-18,9,ก.ย.,5,12,C209,WP,เวิลด์แก๊ส,4,exchange,1,1,1,0,160,0,transfer,phone,delivery,คนส่ง A
T02171,2026-09-18,9,ก.ย.,5,13,C183,UNQ,ยูนิคแก๊ส,15,exchange,1,4,4,0,1692,0,credit,walk_in,pickup,
T02172,2026-09-18,9,ก.ย.,5,14,C201,WP,เวิลด์แก๊ส,4,exchange,1,1,1,0,160,0,transfer,line,delivery,คนส่ง B
T02173,2026-09-18,9,ก.ย.,5,14,C200,WP,เวิลด์แก๊ส,15,exchange,1,1,1,0,423,0,transfer,phone,delivery,คนส่ง B
T02174,2026-09-18,9,ก.ย.,5,16,C202,WP,เวิลด์แก๊ส,4,exchange,1,1,1,0,160,0,credit,phone,delivery,คนส่ง B
T02175,2026-09-18,9,ก.ย.,5,17,C217,SGP,สยามแก๊ส,4,exchange,1,1,2,-1,160,0,cash,phone,delivery,คนส่ง B
T02176,2026-09-19,9,ก.ย.,6,8,C166,PTT,ปตท.,15,exchange,1,4,5,-1,1692,0,credit,line,delivery,คนส่ง A
T02177,2026-09-19,9,ก.ย.,6,8,C170,UNQ,ยูนิคแก๊ส,15,exchange,1,4,4,0,1692,0,cash,walk_in,pickup,
T02178,2026-09-19,9,ก.ย.,6,8,C181,WP,เวิลด์แก๊ส,15,exchange,1,2,2,0,846,0,credit,phone,delivery,คนส่ง A
T02179,2026-09-19,9,ก.ย.,6,10,C171,SGP,สยามแก๊ส,48,exchange,1,4,4,0,5400,0,transfer,phone,delivery,คนส่ง B
T02180,2026-09-19,9,ก.ย.,6,13,C180,PTT,ปตท.,15,exchange,1,3,3,0,1269,0,transfer,phone,delivery,คนส่ง A
T02181,2026-09-19,9,ก.ย.,6,14,C167,UNQ,ยูนิคแก๊ส,15,exchange,1,3,3,0,1269,0,transfer,phone,delivery,คนส่ง B
T02182,2026-09-19,9,ก.ย.,6,14,C162,PTT,ปตท.,15,exchange,1,3,3,0,1269,0,transfer,line,delivery,คนส่ง B
T02183,2026-09-19,9,ก.ย.,6,14,C168,WP,เวิลด์แก๊ส,48,exchange,1,6,6,0,8100,0,credit,phone,delivery,คนส่ง B
T02184,2026-09-19,9,ก.ย.,6,15,C155,SGP,สยามแก๊ส,48,exchange,1,4,4,0,5400,0,transfer,line,delivery,คนส่ง A
T02185,2026-09-19,9,ก.ย.,6,15,C191,PTT,ปตท.,15,exchange,1,4,4,0,1692,0,credit,walk_in,pickup,
T02186,2026-09-19,9,ก.ย.,6,17,C110,UNQ,ยูนิคแก๊ส,15,exchange,1,1,1,0,423,0,transfer,phone,delivery,คนส่ง B
T02187,2026-09-19,9,ก.ย.,6,17,C041,UNQ,ยูนิคแก๊ส,15,exchange,1,1,1,0,423,0,cash,line,delivery,คนส่ง A
T02188,2026-09-19,9,ก.ย.,6,17,C194,PTT,ปตท.,15,exchange,1,1,1,0,423,0,credit,walk_in,pickup,
T02189,2026-09-20,9,ก.ย.,7,7,C175,SGP,สยามแก๊ส,15,exchange,1,3,3,0,1269,0,cash,walk_in,pickup,
T02190,2026-09-20,9,ก.ย.,7,8,C151,UNQ,ยูนิคแก๊ส,48,exchange,1,3,3,0,4050,0,transfer,walk_in,pickup,
T02191,2026-09-20,9,ก.ย.,7,9,C037,WP,เวิลด์แก๊ส,15,exchange,1,1,1,0,423,0,transfer,walk_in,pickup,
T02192,2026-09-20,9,ก.ย.,7,9,C061,WP,เวิลด์แก๊ส,15,exchange,1,1,1,0,423,0,transfer,line,delivery,คนส่ง B
T02193,2026-09-20,9,ก.ย.,7,9,C206,PTT,ปตท.,15,exchange,1,1,1,0,423,0,cash,line,delivery,คนส่ง B
T02194,2026-09-20,9,ก.ย.,7,10,C165,WP,เวิลด์แก๊ส,48,exchange,1,3,3,0,4050,0,credit,line,delivery,คนส่ง A
T02195,2026-09-20,9,ก.ย.,7,11,C182,WP,เวิลด์แก๊ส,15,exchange,1,2,2,0,846,0,cash,phone,delivery,คนส่ง A
T02196,2026-09-20,9,ก.ย.,7,13,C079,UNQ,ยูนิคแก๊ส,15,exchange,1,1,0,1,423,0,transfer,phone,delivery,คนส่ง B
T02197,2026-09-20,9,ก.ย.,7,13,C133,WP,เวิลด์แก๊ส,15,exchange,1,1,1,0,423,0,cash,phone,delivery,คนส่ง A
T02198,2026-09-20,9,ก.ย.,7,14,C163,UNQ,ยูนิคแก๊ส,15,exchange,1,4,4,0,1692,0,transfer,walk_in,pickup,
T02199,2026-09-20,9,ก.ย.,7,16,C118,UNQ,ยูนิคแก๊ส,4,exchange,1,1,1,0,160,0,cash,walk_in,pickup,
T02200,2026-09-20,9,ก.ย.,7,16,C158,WP,เวิลด์แก๊ส,48,exchange,1,2,2,0,2700,0,credit,line,delivery,คนส่ง B
T02201,2026-09-21,9,ก.ย.,1,7,C089,UNQ,ยูนิคแก๊ส,15,exchange,1,1,1,0,423,0,transfer,phone,delivery,คนส่ง B
T02202,2026-09-21,9,ก.ย.,1,7,C040,UNQ,ยูนิคแก๊ส,15,exchange,1,1,1,0,423,0,transfer,phone,delivery,คนส่ง A
T02203,2026-09-21,9,ก.ย.,1,8,C029,WP,เวิลด์แก๊ส,15,exchange,1,1,2,-1,423,0,transfer,phone,delivery,คนส่ง A
T02204,2026-09-21,9,ก.ย.,1,9,C164,PTT,ปตท.,15,exchange,1,3,3,0,1269,0,credit,line,delivery,คนส่ง A
T02205,2026-09-21,9,ก.ย.,1,9,C068,PTT,ปตท.,15,exchange,1,1,1,0,423,0,cash,line,delivery,คนส่ง A
T02206,2026-09-21,9,ก.ย.,1,10,C187,WP,เวิลด์แก๊ส,48,exchange,1,1,1,0,1350,0,cash,walk_in,pickup,
T02207,2026-09-21,9,ก.ย.,1,10,C174,SGP,สยามแก๊ส,48,exchange,1,2,2,0,2700,0,credit,phone,delivery,คนส่ง A
T02208,2026-09-21,9,ก.ย.,1,11,C199,UNQ,ยูนิคแก๊ส,15,exchange,1,1,1,0,423,0,transfer,phone,delivery,คนส่ง A
T02209,2026-09-21,9,ก.ย.,1,11,C179,WP,เวิลด์แก๊ส,15,exchange,1,2,2,0,846,0,transfer,line,delivery,คนส่ง B
T02210,2026-09-21,9,ก.ย.,1,11,C213,WP,เวิลด์แก๊ส,4,exchange,1,1,1,0,160,0,transfer,walk_in,pickup,
T02211,2026-09-21,9,ก.ย.,1,11,C203,PTT,ปตท.,4,exchange,1,1,1,0,160,0,cash,walk_in,pickup,
T02212,2026-09-21,9,ก.ย.,1,12,C160,WP,เวิลด์แก๊ส,48,exchange,1,4,4,0,5400,0,cash,line,delivery,คนส่ง B
T02213,2026-09-21,9,ก.ย.,1,12,C185,WP,เวิลด์แก๊ส,15,exchange,1,2,2,0,846,0,credit,phone,delivery,คนส่ง A
T02214,2026-09-21,9,ก.ย.,1,13,C195,PTT,ปตท.,15,exchange,1,4,4,0,1692,0,transfer,phone,delivery,คนส่ง A
T02215,2026-09-21,9,ก.ย.,1,14,C220,PTT,ปตท.,15,exchange,1,1,1,0,423,0,transfer,phone,delivery,คนส่ง A
T02216,2026-09-21,9,ก.ย.,1,16,C154,UNQ,ยูนิคแก๊ส,48,exchange,1,4,4,0,5400,0,cash,line,delivery,คนส่ง A
T02217,2026-09-21,9,ก.ย.,1,16,C156,WP,เวิลด์แก๊ส,15,exchange,1,2,2,0,846,0,credit,line,delivery,คนส่ง B
T02218,2026-09-21,9,ก.ย.,1,16,C157,WP,เวิลด์แก๊ส,15,exchange,1,3,3,0,1269,0,transfer,phone,delivery,คนส่ง B
T02219,2026-09-21,9,ก.ย.,1,16,C153,WP,เวิลด์แก๊ส,48,exchange,1,3,3,0,4050,0,credit,phone,delivery,คนส่ง A
T02220,2026-09-21,9,ก.ย.,1,17,C071,UNQ,ยูนิคแก๊ส,15,exchange,1,1,1,0,423,0,transfer,line,delivery,คนส่ง A
T02221,2026-09-21,9,ก.ย.,1,17,C152,UNQ,ยูนิคแก๊ส,15,exchange,1,4,6,-2,1692,0,credit,phone,delivery,คนส่ง B
T02222,2026-09-22,9,ก.ย.,2,9,C177,UNQ,ยูนิคแก๊ส,48,exchange,1,2,2,0,2700,0,credit,phone,delivery,คนส่ง B
T02223,2026-09-22,9,ก.ย.,2,9,C190,SGP,สยามแก๊ส,15,new_cylinder,1,1,0,0,423,1300,credit,walk_in,pickup,
T02224,2026-09-22,9,ก.ย.,2,9,C192,PTT,ปตท.,15,exchange,1,2,1,1,846,0,cash,walk_in,pickup,
T02225,2026-09-22,9,ก.ย.,2,10,C176,PTT,ปตท.,15,exchange,1,5,5,0,2115,0,transfer,line,delivery,คนส่ง A
T02226,2026-09-22,9,ก.ย.,2,10,C027,UNQ,ยูนิคแก๊ส,15,exchange,1,1,1,0,423,0,cash,phone,delivery,คนส่ง A
T02227,2026-09-22,9,ก.ย.,2,11,C172,WP,เวิลด์แก๊ส,15,exchange,1,2,2,0,846,0,transfer,phone,delivery,คนส่ง B
T02228,2026-09-22,9,ก.ย.,2,11,C055,PTT,ปตท.,15,exchange,1,1,1,0,423,0,transfer,phone,delivery,คนส่ง A
T02229,2026-09-22,9,ก.ย.,2,12,C207,PTT,ปตท.,15,exchange,1,1,1,0,423,0,transfer,phone,delivery,คนส่ง B
T02230,2026-09-22,9,ก.ย.,2,14,C184,PTT,ปตท.,48,exchange,1,5,5,0,6750,0,transfer,line,delivery,คนส่ง A
T02231,2026-09-22,9,ก.ย.,2,14,C161,PTT,ปตท.,15,exchange,1,1,1,0,423,0,transfer,walk_in,pickup,
T02232,2026-09-22,9,ก.ย.,2,15,C140,PTT,ปตท.,15,exchange,1,1,1,0,423,0,transfer,phone,delivery,คนส่ง B
T02233,2026-09-22,9,ก.ย.,2,15,C196,WP,เวิลด์แก๊ส,15,exchange,1,1,1,0,423,0,cash,phone,delivery,คนส่ง B
T02234,2026-09-22,9,ก.ย.,2,15,C108,WP,เวิลด์แก๊ส,15,exchange,1,1,1,0,423,0,transfer,phone,delivery,คนส่ง B
T02235,2026-09-22,9,ก.ย.,2,16,C193,PTT,ปตท.,48,exchange,1,2,2,0,2700,0,credit,walk_in,pickup,
T02236,2026-09-22,9,ก.ย.,2,17,C190,SGP,สยามแก๊ส,15,exchange,1,3,3,0,1269,0,credit,walk_in,pickup,
T02237,2026-09-23,9,ก.ย.,3,8,C173,WP,เวิลด์แก๊ส,48,exchange,1,3,3,0,4050,0,transfer,line,delivery,คนส่ง A
T02238,2026-09-23,9,ก.ย.,3,8,C183,UNQ,ยูนิคแก๊ส,15,exchange,1,4,4,0,1692,0,credit,phone,delivery,คนส่ง A
T02239,2026-09-23,9,ก.ย.,3,9,C119,WP,เวิลด์แก๊ส,4,exchange,1,1,1,0,160,0,transfer,line,delivery,คนส่ง B
T02240,2026-09-23,9,ก.ย.,3,9,C129,WP,เวิลด์แก๊ส,15,exchange,1,1,1,0,423,0,cash,phone,delivery,คนส่ง A
T02241,2026-09-23,9,ก.ย.,3,11,C186,UNQ,ยูนิคแก๊ส,15,exchange,1,2,2,0,846,0,credit,walk_in,pickup,
T02242,2026-09-23,9,ก.ย.,3,14,C189,WP,เวิลด์แก๊ส,48,exchange,1,2,2,0,2700,0,transfer,phone,delivery,คนส่ง B
T02243,2026-09-23,9,ก.ย.,3,15,C045,PTT,ปตท.,4,exchange,1,1,1,0,160,0,cash,phone,delivery,คนส่ง B
T02244,2026-09-23,9,ก.ย.,3,16,C215,UNQ,ยูนิคแก๊ส,4,exchange,1,1,1,0,160,0,transfer,phone,delivery,คนส่ง A
T02245,2026-09-23,9,ก.ย.,3,17,C191,PTT,ปตท.,15,exchange,1,3,3,0,1269,0,credit,phone,delivery,คนส่ง B
T02246,2026-09-24,9,ก.ย.,4,7,C109,WP,เวิลด์แก๊ส,15,exchange,1,1,1,0,423,0,cash,phone,delivery,คนส่ง A
T02247,2026-09-24,9,ก.ย.,4,9,C205,WP,เวิลด์แก๊ส,15,exchange,1,1,1,0,423,0,transfer,phone,delivery,คนส่ง A
T02248,2026-09-24,9,ก.ย.,4,10,C211,WP,เวิลด์แก๊ส,4,exchange,1,1,1,0,160,0,transfer,phone,delivery,คนส่ง B
T02249,2026-09-24,9,ก.ย.,4,10,C162,PTT,ปตท.,15,exchange,1,2,2,0,846,0,transfer,line,delivery,คนส่ง A
T02250,2026-09-24,9,ก.ย.,4,10,C168,WP,เวิลด์แก๊ส,48,exchange,1,3,3,0,4050,0,credit,line,delivery,คนส่ง A
T02251,2026-09-24,9,ก.ย.,4,11,C111,WP,เวิลด์แก๊ส,15,exchange,1,1,1,0,423,0,transfer,phone,delivery,คนส่ง B
T02252,2026-09-24,9,ก.ย.,4,12,C202,WP,เวิลด์แก๊ส,4,exchange,1,1,1,0,160,0,credit,walk_in,pickup,
T02253,2026-09-24,9,ก.ย.,4,13,C093,UNQ,ยูนิคแก๊ส,15,exchange,1,1,1,0,423,0,cash,walk_in,pickup,
T02254,2026-09-24,9,ก.ย.,4,14,C166,PTT,ปตท.,15,exchange,1,4,4,0,1692,0,credit,phone,delivery,คนส่ง A
T02255,2026-09-24,9,ก.ย.,4,17,C214,SGP,สยามแก๊ส,15,exchange,1,1,1,0,423,0,transfer,phone,delivery,คนส่ง A
T02256,2026-09-24,9,ก.ย.,4,18,C030,PTT,ปตท.,15,exchange,1,1,1,0,423,0,transfer,phone,delivery,คนส่ง A
T02257,2026-09-25,9,ก.ย.,5,7,C204,WP,เวิลด์แก๊ส,15,exchange,1,1,1,0,423,0,credit,walk_in,pickup,
T02258,2026-09-25,9,ก.ย.,5,8,C167,UNQ,ยูนิคแก๊ส,15,exchange,1,4,4,0,1692,0,cash,phone,delivery,คนส่ง B
T02259,2026-09-25,9,ก.ย.,5,9,C160,WP,เวิลด์แก๊ส,48,exchange,1,3,3,0,4050,0,cash,phone,delivery,คนส่ง A
T02260,2026-09-25,9,ก.ย.,5,9,C212,SGP,สยามแก๊ส,15,exchange,1,1,1,0,423,0,cash,line,delivery,คนส่ง B
T02261,2026-09-25,9,ก.ย.,5,10,C155,SGP,สยามแก๊ส,48,exchange,1,3,2,1,4050,0,cash,walk_in,pickup,
T02262,2026-09-25,9,ก.ย.,5,10,C180,PTT,ปตท.,15,exchange,1,4,4,0,1692,0,transfer,line,delivery,คนส่ง A
T02263,2026-09-25,9,ก.ย.,5,10,C163,UNQ,ยูนิคแก๊ส,15,exchange,1,5,5,0,2115,0,cash,phone,delivery,คนส่ง A
T02264,2026-09-25,9,ก.ย.,5,11,C170,UNQ,ยูนิคแก๊ส,15,exchange,1,4,4,0,1692,0,cash,phone,delivery,คนส่ง B
T02265,2026-09-25,9,ก.ย.,5,11,C025,WP,เวิลด์แก๊ส,15,exchange,1,1,0,1,423,0,cash,walk_in,pickup,
T02266,2026-09-25,9,ก.ย.,5,14,C208,WP,เวิลด์แก๊ส,15,exchange,1,1,1,0,423,0,cash,phone,delivery,คนส่ง A
T02267,2026-09-25,9,ก.ย.,5,15,C171,SGP,สยามแก๊ส,48,exchange,1,4,4,0,5400,0,cash,phone,delivery,คนส่ง A
T02268,2026-09-25,9,ก.ย.,5,16,C143,UNQ,ยูนิคแก๊ส,15,exchange,1,1,1,0,423,0,transfer,phone,delivery,คนส่ง A
T02269,2026-09-25,9,ก.ย.,5,17,C018,WP,เวิลด์แก๊ส,15,exchange,1,1,1,0,423,0,cash,phone,delivery,คนส่ง A
T02270,2026-09-26,9,ก.ย.,6,8,C182,WP,เวิลด์แก๊ส,15,exchange,1,1,1,0,423,0,transfer,line,delivery,คนส่ง B
T02271,2026-09-26,9,ก.ย.,6,8,C216,WP,เวิลด์แก๊ส,15,exchange,1,1,1,0,423,0,transfer,walk_in,pickup,
T02272,2026-09-26,9,ก.ย.,6,9,C187,WP,เวิลด์แก๊ส,48,exchange,1,1,1,0,1350,0,cash,walk_in,pickup,
T02273,2026-09-26,9,ก.ย.,6,9,C066,SGP,สยามแก๊ส,15,exchange,1,1,1,0,423,0,transfer,walk_in,pickup,
T02274,2026-09-26,9,ก.ย.,6,9,C134,PTT,ปตท.,15,exchange,1,1,1,0,423,0,transfer,line,delivery,คนส่ง B
T02275,2026-09-26,9,ก.ย.,6,12,C159,WP,เวิลด์แก๊ส,15,exchange,1,3,3,0,1269,0,transfer,line,delivery,คนส่ง B
T02276,2026-09-26,9,ก.ย.,6,14,C165,WP,เวิลด์แก๊ส,48,exchange,1,4,4,0,5400,0,credit,phone,delivery,คนส่ง A
T02277,2026-09-26,9,ก.ย.,6,14,C175,SGP,สยามแก๊ส,15,exchange,1,2,2,0,846,0,cash,walk_in,pickup,
T02278,2026-09-26,9,ก.ย.,6,14,C181,WP,เวิลด์แก๊ส,15,exchange,1,2,2,0,846,0,credit,line,delivery,คนส่ง B
T02279,2026-09-26,9,ก.ย.,6,16,C178,WP,เวิลด์แก๊ส,15,exchange,1,2,1,1,846,0,credit,phone,delivery,คนส่ง A
T02280,2026-09-26,9,ก.ย.,6,16,C122,UNQ,ยูนิคแก๊ส,15,exchange,1,1,1,0,423,0,transfer,phone,delivery,คนส่ง B
T02281,2026-09-26,9,ก.ย.,6,16,C172,WP,เวิลด์แก๊ส,15,exchange,1,1,1,0,423,0,cash,line,delivery,คนส่ง A
T02282,2026-09-26,9,ก.ย.,6,16,C158,WP,เวิลด์แก๊ส,48,exchange,1,4,4,0,5400,0,credit,phone,delivery,คนส่ง B
T02283,2026-09-26,9,ก.ย.,6,17,C219,PTT,ปตท.,4,exchange,1,1,1,0,160,0,transfer,walk_in,pickup,
T02284,2026-09-26,9,ก.ย.,6,17,C024,PTT,ปตท.,15,exchange,1,1,1,0,423,0,transfer,walk_in,pickup,
T02285,2026-09-27,9,ก.ย.,7,10,C210,PTT,ปตท.,4,exchange,1,1,1,0,160,0,cash,phone,delivery,คนส่ง B
T02286,2026-09-27,9,ก.ย.,7,13,C203,PTT,ปตท.,4,exchange,1,1,1,0,160,0,transfer,walk_in,pickup,
T02287,2026-09-27,9,ก.ย.,7,16,C198,SGP,สยามแก๊ส,4,exchange,1,1,1,0,160,0,transfer,walk_in,pickup,
T02288,2026-09-28,9,ก.ย.,1,7,C154,UNQ,ยูนิคแก๊ส,48,exchange,1,3,3,0,4050,0,cash,line,delivery,คนส่ง A
T02289,2026-09-28,9,ก.ย.,1,7,C206,PTT,ปตท.,15,exchange,1,1,1,0,423,0,transfer,phone,delivery,คนส่ง B
T02290,2026-09-28,9,ก.ย.,1,7,C157,WP,เวิลด์แก๊ส,15,exchange,1,2,2,0,846,0,transfer,phone,delivery,คนส่ง A
T02291,2026-09-28,9,ก.ย.,1,9,C179,WP,เวิลด์แก๊ส,15,exchange,1,3,3,0,1269,0,cash,walk_in,pickup,
T02292,2026-09-28,9,ก.ย.,1,10,C213,WP,เวิลด์แก๊ส,4,exchange,1,1,1,0,160,0,cash,phone,delivery,คนส่ง A
T02293,2026-09-28,9,ก.ย.,1,10,C034,UNQ,ยูนิคแก๊ส,15,exchange,1,1,1,0,423,0,transfer,phone,delivery,คนส่ง A
T02294,2026-09-28,9,ก.ย.,1,10,C152,UNQ,ยูนิคแก๊ส,15,exchange,1,4,4,0,1692,0,credit,walk_in,pickup,
T02295,2026-09-28,9,ก.ย.,1,10,C185,WP,เวิลด์แก๊ส,15,exchange,1,1,1,0,423,0,credit,phone,delivery,คนส่ง A
T02296,2026-09-28,9,ก.ย.,1,11,C218,WP,เวิลด์แก๊ส,15,exchange,1,1,1,0,423,0,cash,phone,delivery,คนส่ง A
T02297,2026-09-28,9,ก.ย.,1,12,C138,WP,เวิลด์แก๊ส,15,exchange,1,1,1,0,423,0,transfer,walk_in,pickup,
T02298,2026-09-28,9,ก.ย.,1,12,C164,PTT,ปตท.,15,exchange,1,4,4,0,1692,0,credit,line,delivery,คนส่ง B
T02299,2026-09-28,9,ก.ย.,1,13,C102,PTT,ปตท.,4,exchange,1,1,1,0,160,0,cash,walk_in,pickup,
T02300,2026-09-28,9,ก.ย.,1,13,C192,PTT,ปตท.,15,exchange,1,2,3,-1,846,0,cash,phone,delivery,คนส่ง A
T02301,2026-09-28,9,ก.ย.,1,14,C195,PTT,ปตท.,15,exchange,1,4,4,0,1692,0,transfer,line,delivery,คนส่ง A
T02302,2026-09-28,9,ก.ย.,1,14,C151,UNQ,ยูนิคแก๊ส,48,exchange,1,2,2,0,2700,0,transfer,phone,delivery,คนส่ง A
T02303,2026-09-28,9,ก.ย.,1,15,C010,WP,เวิลด์แก๊ส,15,exchange,1,1,1,0,423,0,cash,phone,delivery,คนส่ง A
T02304,2026-09-28,9,ก.ย.,1,15,C209,WP,เวิลด์แก๊ส,4,exchange,1,1,1,0,160,0,transfer,walk_in,pickup,
T02305,2026-09-28,9,ก.ย.,1,15,C042,WP,เวิลด์แก๊ส,15,exchange,1,1,1,0,423,0,cash,walk_in,pickup,
T02306,2026-09-28,9,ก.ย.,1,15,C174,SGP,สยามแก๊ส,48,exchange,1,4,4,0,5400,0,credit,phone,delivery,คนส่ง B
T02307,2026-09-28,9,ก.ย.,1,16,C176,PTT,ปตท.,15,exchange,1,5,5,0,2115,0,cash,phone,delivery,คนส่ง A
T02308,2026-09-28,9,ก.ย.,1,16,C084,PTT,ปตท.,4,exchange,1,1,1,0,160,0,cash,phone,delivery,คนส่ง A
T02309,2026-09-28,9,ก.ย.,1,16,C194,PTT,ปตท.,15,exchange,1,3,3,0,1269,0,credit,phone,delivery,คนส่ง B
T02310,2026-09-28,9,ก.ย.,1,16,C200,WP,เวิลด์แก๊ส,15,exchange,1,1,1,0,423,0,transfer,line,delivery,คนส่ง A
T02311,2026-09-28,9,ก.ย.,1,16,C100,PTT,ปตท.,15,exchange,1,1,1,0,423,0,transfer,walk_in,pickup,
T02312,2026-09-28,9,ก.ย.,1,17,C153,WP,เวิลด์แก๊ส,48,exchange,1,3,3,0,4050,0,credit,walk_in,pickup,
T02313,2026-09-28,9,ก.ย.,1,17,C064,PTT,ปตท.,15,exchange,1,1,2,-1,423,0,transfer,line,delivery,คนส่ง A
T02314,2026-09-28,9,ก.ย.,1,18,C177,UNQ,ยูนิคแก๊ส,48,exchange,1,4,4,0,5400,0,credit,walk_in,pickup,
T02315,2026-09-29,9,ก.ย.,2,9,C193,PTT,ปตท.,48,exchange,1,1,1,0,1350,0,credit,phone,delivery,คนส่ง A
T02316,2026-09-29,9,ก.ย.,2,10,C217,SGP,สยามแก๊ส,4,exchange,1,1,1,0,160,0,transfer,phone,delivery,คนส่ง B
T02317,2026-09-29,9,ก.ย.,2,10,C162,PTT,ปตท.,15,exchange,1,2,2,0,846,0,cash,walk_in,pickup,
T02318,2026-09-29,9,ก.ย.,2,10,C220,PTT,ปตท.,15,exchange,1,1,1,0,423,0,cash,line,delivery,คนส่ง A
T02319,2026-09-29,9,ก.ย.,2,11,C156,WP,เวิลด์แก๊ส,15,exchange,1,2,2,0,846,0,credit,phone,delivery,คนส่ง B
T02320,2026-09-29,9,ก.ย.,2,11,C163,UNQ,ยูนิคแก๊ส,15,exchange,1,5,5,0,2115,0,cash,walk_in,pickup,
T02321,2026-09-29,9,ก.ย.,2,11,C190,SGP,สยามแก๊ส,15,exchange,1,3,3,0,1269,0,credit,phone,delivery,คนส่ง A
T02322,2026-09-29,9,ก.ย.,2,12,C191,PTT,ปตท.,15,exchange,1,5,5,0,2115,0,credit,line,delivery,คนส่ง A
T02323,2026-09-29,9,ก.ย.,2,12,C016,WP,เวิลด์แก๊ส,15,exchange,1,1,1,0,423,0,transfer,phone,delivery,คนส่ง B
T02324,2026-09-29,9,ก.ย.,2,14,C197,WP,เวิลด์แก๊ส,15,exchange,1,1,1,0,423,0,cash,phone,delivery,คนส่ง B
T02325,2026-09-29,9,ก.ย.,2,14,C074,PTT,ปตท.,15,exchange,1,1,1,0,423,0,cash,phone,delivery,คนส่ง B
T02326,2026-09-29,9,ก.ย.,2,16,C145,PTT,ปตท.,15,exchange,1,1,1,0,423,0,cash,phone,delivery,คนส่ง A
T02327,2026-09-29,9,ก.ย.,2,18,C199,UNQ,ยูนิคแก๊ส,15,exchange,1,1,1,0,423,0,transfer,line,delivery,คนส่ง A
T02328,2026-09-29,9,ก.ย.,2,18,C183,UNQ,ยูนิคแก๊ส,15,exchange,1,5,5,0,2115,0,credit,walk_in,pickup,
T02329,2026-09-30,9,ก.ย.,3,8,C072,WP,เวิลด์แก๊ส,15,exchange,1,1,1,0,423,0,cash,line,delivery,คนส่ง A
T02330,2026-09-30,9,ก.ย.,3,8,C106,PTT,ปตท.,4,exchange,1,1,1,0,160,0,cash,phone,delivery,คนส่ง A
T02331,2026-09-30,9,ก.ย.,3,9,C172,WP,เวิลด์แก๊ส,15,exchange,1,2,2,0,846,0,cash,walk_in,pickup,
T02332,2026-09-30,9,ก.ย.,3,9,C124,WP,เวิลด์แก๊ส,15,exchange,1,1,1,0,423,0,cash,line,delivery,คนส่ง A
T02333,2026-09-30,9,ก.ย.,3,9,C186,UNQ,ยูนิคแก๊ส,15,exchange,1,2,2,0,846,0,credit,phone,delivery,คนส่ง A
T02334,2026-09-30,9,ก.ย.,3,10,C159,WP,เวิลด์แก๊ส,15,exchange,1,3,3,0,1269,0,transfer,line,delivery,คนส่ง B
T02335,2026-09-30,9,ก.ย.,3,11,C155,SGP,สยามแก๊ส,48,exchange,1,2,3,-1,2700,0,transfer,phone,delivery,คนส่ง A
T02336,2026-09-30,9,ก.ย.,3,11,C043,WP,เวิลด์แก๊ส,15,exchange,1,1,1,0,423,0,transfer,walk_in,pickup,
T02337,2026-09-30,9,ก.ย.,3,11,C201,WP,เวิลด์แก๊ส,4,exchange,1,1,1,0,160,0,cash,phone,delivery,คนส่ง A
T02338,2026-09-30,9,ก.ย.,3,12,C161,PTT,ปตท.,15,exchange,1,2,2,0,846,0,cash,walk_in,pickup,
T02339,2026-09-30,9,ก.ย.,3,12,C189,WP,เวิลด์แก๊ส,48,exchange,1,3,3,0,4050,0,cash,line,delivery,คนส่ง B
T02340,2026-09-30,9,ก.ย.,3,12,C101,WP,เวิลด์แก๊ส,15,exchange,1,1,1,0,423,0,transfer,walk_in,pickup,
T02341,2026-09-30,9,ก.ย.,3,13,C168,WP,เวิลด์แก๊ส,48,exchange,1,2,2,0,2700,0,credit,phone,delivery,คนส่ง A
T02342,2026-09-30,9,ก.ย.,3,14,C091,PTT,ปตท.,15,exchange,1,1,1,0,423,0,transfer,phone,delivery,คนส่ง B
T02343,2026-09-30,9,ก.ย.,3,15,C184,PTT,ปตท.,48,exchange,1,3,3,0,4050,0,cash,phone,delivery,คนส่ง B
T02344,2026-09-30,9,ก.ย.,3,16,C149,UNQ,ยูนิคแก๊ส,15,exchange,1,1,1,0,423,0,cash,walk_in,pickup,
