txn_id,date,time,customer_id,brand,size_kg,txn_type,full_out,empty_in,gas_amount,deposit_amount,payment_method,paid_amount,channel,delivery,driver
T00001,2026-04-01,07:40,C007,SGP,15,exchange,1,1,423,0,transfer,423,phone,delivery,คนส่ง B
T00002,2026-04-01,08:00,C161,PTT,15,exchange,2,2,846,0,transfer,846,phone,delivery,คนส่ง B
T00003,2026-04-01,09:48,C156,WP,15,exchange,1,1,423,0,credit,0,phone,delivery,คนส่ง A
T00004,2026-04-01,10:43,C192,PTT,15,exchange,1,1,423,0,cash,423,walk_in,pickup,
T00005,2026-04-01,10:49,C164,PTT,15,exchange,2,2,846,0,credit,0,phone,delivery,คนส่ง A
T00006,2026-04-01,11:12,C204,WP,15,exchange,1,1,423,0,credit,0,line,delivery,คนส่ง A
T00007,2026-04-01,11:52,C179,WP,15,exchange,2,2,846,0,cash,846,walk_in,pickup,
T00008,2026-04-01,15:56,C210,PTT,4,exchange,1,1,160,0,cash,160,walk_in,pickup,
T00009,2026-04-01,16:26,C186,UNQ,15,exchange,3,3,1269,0,credit,0,phone,delivery,คนส่ง B
T00010,2026-04-01,17:08,C176,PTT,15,exchange,2,2,846,0,cash,846,phone,delivery,คนส่ง A
T00011,2026-04-02,10:30,C184,PTT,48,exchange,3,3,4050,0,transfer,4050,walk_in,pickup,
T00012,2026-04-02,11:38,C181,WP,15,exchange,2,2,846,0,credit,0,walk_in,pickup,
T00013,2026-04-03,08:49,C199,UNQ,15,exchange,1,1,423,0,cash,423,walk_in,pickup,
T00014,2026-04-03,08:52,C201,WP,4,exchange,1,0,160,0,transfer,160,line,delivery,คนส่ง A
T00015,2026-04-03,10:19,C180,PTT,15,exchange,4,4,1692,0,transfer,1692,phone,delivery,คนส่ง B
T00016,2026-04-03,10:31,C157,WP,15,exchange,5,5,2115,0,cash,2115,walk_in,pickup,
T00017,2026-04-03,11:41,C006,PTT,15,exchange,1,1,423,0,transfer,423,walk_in,pickup,
T00018,2026-04-03,12:15,C183,UNQ,15,exchange,5,5,2115,0,credit,0,phone,delivery,คนส่ง A
T00019,2026-04-03,13:29,C190,SGP,15,exchange,3,3,1269,0,credit,0,line,delivery,คนส่ง A
T00020,2026-04-03,14:51,C208,WP,15,exchange,1,1,423,0,cash,423,phone,delivery,คนส่ง A
T00021,2026-04-03,15:41,C094,SGP,15,exchange,1,1,423,0,cash,423,phone,delivery,คนส่ง B
T00022,2026-04-03,16:01,C162,PTT,15,exchange,3,3,1269,0,transfer,1269,line,delivery,คนส่ง A
T00023,2026-04-03,17:37,C167,UNQ,15,exchange,4,4,1692,0,transfer,1692,phone,delivery,คนส่ง B
T00024,2026-04-04,08:18,C169,WP,15,exchange,2,2,846,0,credit,0,walk_in,pickup,
T00025,2026-04-04,09:31,C219,PTT,4,exchange,1,1,160,0,transfer,160,walk_in,pickup,
T00026,2026-04-04,10:06,C189,WP,48,exchange,2,2,2700,0,transfer,2700,phone,delivery,คนส่ง B
T00027,2026-04-04,11:29,C187,WP,48,exchange,1,1,1350,0,transfer,1350,phone,delivery,คนส่ง A
T00028,2026-04-04,13:52,C211,WP,4,exchange,1,1,160,0,transfer,160,walk_in,pickup,
T00029,2026-04-04,14:32,C159,WP,15,exchange,4,4,1692,0,transfer,1692,phone,delivery,คนส่ง B
T00030,2026-04-04,17:53,C141,SGP,15,exchange,1,1,423,0,transfer,423,phone,delivery,คนส่ง A
T00031,2026-04-05,08:09,C050,SGP,15,exchange,1,1,423,0,cash,423,phone,delivery,คนส่ง A
T00032,2026-04-05,08:15,C115,PTT,15,exchange,1,1,423,0,cash,423,phone,delivery,คนส่ง A
T00033,2026-04-05,08:41,C025,WP,15,exchange,1,1,423,0,cash,423,line,delivery,คนส่ง B
T00034,2026-04-05,08:48,C151,UNQ,48,exchange,2,2,2700,0,cash,2700,line,delivery,คนส่ง A
T00035,2026-04-05,10:23,C076,WP,15,exchange,1,1,423,0,transfer,423,line,delivery,คนส่ง B
T00036,2026-04-05,11:02,C142,PTT,15,exchange,1,1,423,0,transfer,423,line,delivery,คนส่ง A
T00037,2026-04-05,11:16,C198,SGP,4,exchange,1,1,160,0,cash,160,line,delivery,คนส่ง B
T00038,2026-04-05,11:51,C045,PTT,4,exchange,1,0,160,0,transfer,160,line,delivery,คนส่ง B
T00039,2026-04-05,16:07,C214,SGP,15,exchange,1,1,423,0,cash,423,phone,delivery,คนส่ง A
T00040,2026-04-05,16:23,C197,WP,15,exchange,1,1,423,0,transfer,423,line,delivery,คนส่ง A
T00041,2026-04-06,07:07,C096,WP,15,exchange,1,1,423,0,cash,423,line,delivery,คนส่ง A
T00042,2026-04-06,07:41,C178,WP,15,exchange,3,3,1269,0,credit,0,phone,delivery,คนส่ง A
T00043,2026-04-06,08:19,C120,WP,15,exchange,1,1,423,0,transfer,423,walk_in,pickup,
T00044,2026-04-06,08:54,C109,WP,15,exchange,1,1,423,0,transfer,423,phone,delivery,คนส่ง B
T00045,2026-04-06,09:08,C156,WP,15,exchange,2,2,846,0,credit,0,phone,delivery,คนส่ง B
T00046,2026-04-06,10:08,C161,PTT,15,exchange,1,1,423,0,cash,423,phone,delivery,คนส่ง B
T00047,2026-04-06,10:32,C216,WP,15,exchange,1,0,423,0,cash,423,phone,delivery,คนส่ง A
T00048,2026-04-06,10:39,C185,WP,15,exchange,2,2,846,0,credit,0,line,delivery,คนส่ง B
T00049,2026-04-06,10:55,C163,UNQ,15,exchange,4,4,1692,0,cash,1692,phone,delivery,คนส่ง A
T00050,2026-04-06,11:25,C152,UNQ,15,exchange,3,3,1269,0,credit,0,walk_in,pickup,
T00051,2026-04-06,11:58,C104,UNQ,15,exchange,1,1,423,0,transfer,423,phone,delivery,คนส่ง A
T00052,2026-04-06,12:11,C062,WP,15,exchange,1,1,423,0,cash,423,phone,delivery,คนส่ง B
T00053,2026-04-06,13:49,C158,WP,48,exchange,3,3,4050,0,credit,0,line,delivery,คนส่ง A
T00054,2026-04-06,15:41,C186,UNQ,15,exchange,4,4,1692,0,credit,0,line,delivery,คนส่ง A
T00055,2026-04-06,15:46,C149,UNQ,15,exchange,1,1,423,0,cash,423,walk_in,pickup,
T00056,2026-04-06,16:16,C173,WP,48,exchange,3,3,4050,0,transfer,4050,walk_in,pickup,
T00057,2026-04-06,16:29,C160,WP,48,exchange,4,4,5400,0,cash,5400,phone,delivery,คนส่ง A
T00058,2026-04-07,07:35,C191,PTT,15,exchange,5,5,2115,0,credit,0,line,delivery,คนส่ง B
T00059,2026-04-07,09:38,C188,SGP,15,exchange,2,2,846,0,credit,0,walk_in,pickup,
T00060,2026-04-07,09:53,C181,WP,15,exchange,3,3,1269,0,credit,0,walk_in,pickup,
T00061,2026-04-07,11:03,C182,WP,15,exchange,3,3,1269,0,cash,1269,phone,delivery,คนส่ง B
T00062,2026-04-07,11:36,C177,UNQ,48,exchange,2,1,2700,0,credit,0,phone,delivery,คนส่ง A
T00063,2026-04-07,11:48,C001,SGP,15,new_cylinder,1,0,423,1300,cash,1723,phone,delivery,คนส่ง B
T00064,2026-04-07,11:48,C220,PTT,15,exchange,1,1,423,0,cash,423,phone,delivery,คนส่ง B
T00065,2026-04-07,12:37,C099,WP,15,exchange,1,1,423,0,transfer,423,line,delivery,คนส่ง B
T00066,2026-04-07,13:03,C193,PTT,48,exchange,3,3,4050,0,credit,0,walk_in,pickup,
T00067,2026-04-07,13:06,C179,WP,15,exchange,2,2,846,0,cash,846,walk_in,pickup,
T00068,2026-04-07,14:19,C162,PTT,15,exchange,3,3,1269,0,transfer,1269,phone,delivery,คนส่ง A
T00069,2026-04-07,15:20,C164,PTT,15,exchange,4,4,1692,0,credit,0,line,delivery,คนส่ง B
T00070,2026-04-07,15:37,C175,SGP,15,exchange,3,3,1269,0,transfer,1269,walk_in,pickup,
T00071,2026-04-07,16:29,C170,UNQ,15,exchange,2,2,846,0,cash,846,walk_in,pickup,
T00072,2026-04-08,08:09,C171,SGP,48,exchange,2,2,2700,0,cash,2700,phone,delivery,คนส่ง A
T00073,2026-04-08,08:56,C168,WP,48,exchange,3,3,4050,0,credit,0,line,delivery,คนส่ง B
T00074,2026-04-08,09:31,C174,SGP,48,exchange,3,3,4050,0,credit,0,walk_in,pickup,
T00075,2026-04-08,11:18,C167,UNQ,15,exchange,3,3,1269,0,transfer,1269,line,delivery,คนส่ง B
T00076,2026-04-08,11:24,C123,WP,15,exchange,1,1,423,0,transfer,423,walk_in,pickup,
T00077,2026-04-08,13:32,C176,PTT,15,exchange,1,1,423,0,cash,423,line,delivery,คนส่ง A
T00078,2026-04-08,14:38,C192,PTT,15,exchange,2,2,846,0,cash,846,line,delivery,คนส่ง B
T00079,2026-04-08,15:48,C154,UNQ,48,exchange,3,3,4050,0,cash,4050,phone,delivery,คนส่ง A
T00080,2026-04-08,16:33,C043,WP,15,exchange,1,1,423,0,cash,423,phone,delivery,คนส่ง A
T00081,2026-04-08,16:52,C190,SGP,15,exchange,2,2,846,0,credit,0,phone,delivery,คนส่ง A
T00082,2026-04-08,17:21,C153,WP,48,exchange,3,3,4050,0,credit,0,walk_in,pickup,
T00083,2026-04-08,18:00,C215,UNQ,4,exchange,1,1,160,0,cash,160,phone,delivery,คนส่ง A
T00084,2026-04-09,08:36,C008,WP,15,exchange,1,1,423,0,cash,423,walk_in,pickup,
T00085,2026-04-09,08:36,C169,WP,15,exchange,2,2,846,0,credit,0,phone,delivery,คนส่ง A
T00086,2026-04-09,08:54,C195,PTT,15,exchange,3,3,1269,0,transfer,1269,line,delivery,คนส่ง B
T00087,2026-04-09,12:02,C204,WP,15,exchange,1,1,423,0,credit,0,walk_in,pickup,
T00088,2026-04-09,12:41,C155,SGP,48,exchange,4,4,5400,0,transfer,5400,walk_in,pickup,
T00089,2026-04-09,14:58,C180,PTT,15,exchange,2,2,846,0,transfer,846,walk_in,pickup,
T00090,2026-04-09,15:20,C093,UNQ,15,exchange,1,1,423,0,cash,423,walk_in,pickup,
T00091,2026-04-09,15:41,C151,UNQ,48,exchange,2,2,2700,0,transfer,2700,phone,delivery,คนส่ง A
T00092,2026-04-09,16:19,C186,UNQ,15,exchange,2,2,846,0,credit,0,phone,delivery,คนส่ง B
T00093,2026-04-09,16:25,C194,PTT,15,exchange,3,3,1269,0,credit,0,line,delivery,คนส่ง B
T00094,2026-04-09,16:47,C166,PTT,15,exchange,3,3,1269,0,credit,0,phone,delivery,คนส่ง A
T00095,2026-04-09,17:58,C020,UNQ,15,exchange,1,1,423,0,cash,423,phone,delivery,คนส่ง B
T00096,2026-04-10,09:47,C207,PTT,15,exchange,1,1,423,0,cash,423,phone,delivery,คนส่ง A
T00097,2026-04-10,09:53,C184,PTT,48,exchange,3,3,4050,0,cash,4050,walk_in,pickup,
T00098,2026-04-10,10:39,C210,PTT,4,exchange,1,1,160,0,cash,160,phone,delivery,คนส่ง A
T00099,2026-04-10,14:50,C010,WP,15,exchange,1,1,423,0,cash,423,phone,delivery,คนส่ง A
T00100,2026-04-10,14:54,C078,UNQ,4,exchange,1,0,160,0,cash,160,line,delivery,คนส่ง A
T00101,2026-04-10,15:30,C157,WP,15,exchange,4,4,1692,0,transfer,1692,phone,delivery,คนส่ง A
T00102,2026-04-10,17:53,C106,PTT,4,exchange,1,1,160,0,cash,160,phone,delivery,คนส่ง A
T00103,2026-04-11,08:18,C100,PTT,15,exchange,1,1,423,0,cash,423,phone,delivery,คนส่ง B
T00104,2026-04-11,08:57,C200,WP,15,exchange,1,1,423,0,cash,423,walk_in,pickup,
T00105,2026-04-11,09:29,C158,WP,48,exchange,4,4,5400,0,credit,0,walk_in,pickup,
T00106,2026-04-11,10:11,C053,PTT,15,exchange,1,1,423,0,cash,423,walk_in,pickup,
T00107,2026-04-11,11:35,C185,WP,15,exchange,2,2,846,0,credit,0,line,delivery,คนส่ง A
T00108,2026-04-11,11:57,C038,SGP,15,exchange,1,1,423,0,transfer,423,line,delivery,คนส่ง A
T00109,2026-04-11,13:00,C152,UNQ,15,exchange,2,2,846,0,credit,0,walk_in,pickup,
T00110,2026-04-11,13:06,C182,WP,15,exchange,2,2,846,0,cash,846,walk_in,pickup,
T00111,2026-04-11,13:18,C121,WP,15,exchange,1,1,423,0,transfer,423,phone,delivery,คนส่ง B
T00112,2026-04-11,13:22,C189,WP,48,exchange,2,2,2700,0,cash,2700,walk_in,pickup,
T00113,2026-04-11,14:06,C183,UNQ,15,exchange,3,3,1269,0,credit,0,phone,delivery,คนส่ง A
T00114,2026-04-11,14:55,C033,UNQ,15,exchange,1,1,423,0,cash,423,phone,delivery,คนส่ง A
T00115,2026-04-11,16:09,C048,UNQ,15,exchange,1,1,423,0,cash,423,line,delivery,คนส่ง B
T00116,2026-04-11,16:26,C196,WP,15,exchange,1,1,423,0,cash,423,phone,delivery,คนส่ง B
T00117,2026-04-11,18:03,C203,PTT,4,exchange,1,1,160,0,cash,160,phone,delivery,คนส่ง B
T00118,2026-04-11,18:21,C199,UNQ,15,exchange,1,1,423,0,transfer,423,walk_in,pickup,
T00119,2026-04-12,07:17,C213,WP,4,exchange,1,1,160,0,transfer,160,phone,delivery,คนส่ง A
T00120,2026-04-12,10:15,C170,UNQ,15,exchange,4,4,1692,0,cash,1692,phone,delivery,คนส่ง B
T00121,2026-04-12,10:25,C083,UNQ,15,exchange,1,1,423,0,cash,423,line,delivery,คนส่ง A
T00122,2026-04-12,16:29,C181,WP,15,exchange,2,2,846,0,credit,0,line,delivery,คนส่ง B
T00123,2026-04-12,17:05,C156,WP,15,exchange,2,2,846,0,credit,0,phone,delivery,คนส่ง A
T00124,2026-04-12,17:40,C201,WP,4,exchange,1,2,160,0,cash,160,phone,delivery,คนส่ง A
T00125,2026-04-13,07:59,C180,PTT,15,exchange,3,3,1269,0,cash,1269,walk_in,pickup,
T00126,2026-04-13,08:19,C140,PTT,15,exchange,1,1,423,0,transfer,423,line,delivery,คนส่ง B
T00127,2026-04-13,08:31,C069,WP,15,exchange,1,1,423,0,cash,423,phone,delivery,คนส่ง A
T00128,2026-04-13,08:41,C195,PTT,15,exchange,4,4,1692,0,cash,1692,phone,delivery,คนส่ง B
T00129,2026-04-13,09:04,C065,SGP,15,exchange,1,1,423,0,cash,423,walk_in,pickup,
T00130,2026-04-13,09:25,C134,PTT,15,exchange,1,1,423,0,cash,423,phone,delivery,คนส่ง A
T00131,2026-04-13,09:51,C154,UNQ,48,exchange,3,3,4050,0,transfer,4050,phone,delivery,คนส่ง B
T00132,2026-04-13,10:18,C191,PTT,15,exchange,3,3,1269,0,credit,0,phone,delivery,คนส่ง A
T00133,2026-04-13,10:27,C161,PTT,15,exchange,1,1,423,0,cash,423,phone,delivery,คนส่ง B
T00134,2026-04-13,10:54,C173,WP,48,exchange,4,4,5400,0,cash,5400,phone,delivery,คนส่ง B
T00135,2026-04-13,11:06,C041,UNQ,15,exchange,1,1,423,0,transfer,423,walk_in,pickup,
T00136,2026-04-13,11:38,C160,WP,48,exchange,5,5,6750,0,cash,6750,line,delivery,คนส่ง A
T00137,2026-04-13,11:39,C217,SGP,4,exchange,1,1,160,0,cash,160,line,delivery,คนส่ง A
T00138,2026-04-13,11:40,C187,WP,48,exchange,1,1,1350,0,transfer,1350,line,delivery,คนส่ง B
T00139,2026-04-13,11:45,C198,SGP,4,exchange,1,1,160,0,cash,160,phone,delivery,คนส่ง B
T00140,2026-04-13,12:47,C130,WP,15,exchange,1,1,423,0,transfer,423,line,delivery,คนส่ง B
T00141,2026-04-13,13:00,C159,WP,15,exchange,2,2,846,0,cash,846,phone,delivery,คนส่ง B
T00142,2026-04-13,13:55,C188,SGP,15,exchange,2,2,846,0,credit,0,phone,delivery,คนส่ง A
T00143,2026-04-13,13:56,C174,SGP,48,exchange,3,2,4050,0,credit,0,phone,delivery,คนส่ง B
T00144,2026-04-13,16:12,C211,WP,4,exchange,1,1,160,0,cash,160,phone,delivery,คนส่ง A
T00145,2026-04-13,16:22,C178,WP,15,exchange,3,3,1269,0,credit,0,walk_in,pickup,
T00146,2026-04-13,16:43,C193,PTT,48,exchange,2,2,2700,0,credit,0,phone,delivery,คนส่ง A
T00147,2026-04-13,16:45,C208,WP,15,exchange,1,1,423,0,cash,423,phone,delivery,คนส่ง B
T00148,2026-04-13,17:16,C164,PTT,15,exchange,2,1,846,0,credit,0,phone,delivery,คนส่ง B
T00149,2026-04-13,18:49,C168,WP,48,exchange,2,2,2700,0,credit,0,walk_in,pickup,
T00150,2026-04-14,07:47,C215,UNQ,4,exchange,1,1,160,0,transfer,160,line,delivery,คนส่ง A
T00151,2026-04-14,08:28,C205,WP,15,exchange,1,1,423,0,cash,423,walk_in,pickup,
T00152,2026-04-14,08:53,C179,WP,15,exchange,2,2,846,0,transfer,846,walk_in,pickup,
T00153,2026-04-14,08:55,C218,WP,15,exchange,1,1,423,0,transfer,423,phone,delivery,คนส่ง B
T00154,2026-04-14,09:19,C153,WP,48,exchange,3,3,4050,0,credit,0,phone,delivery,คนส่ง A
T00155,2026-04-14,09:42,C175,SGP,15,exchange,3,3,1269,0,cash,1269,line,delivery,คนส่ง A
T00156,2026-04-14,11:10,C137,PTT,15,exchange,1,1,423,0,cash,423,phone,delivery,คนส่ง B
T00157,2026-04-14,11:23,C177,UNQ,48,exchange,2,3,2700,0,credit,0,phone,delivery,คนส่ง A
T00158,2026-04-14,12:46,C091,PTT,15,exchange,1,1,423,0,transfer,423,phone,delivery,คนส่ง A
T00159,2026-04-14,14:51,C090,WP,15,exchange,1,1,423,0,cash,423,phone,delivery,คนส่ง A
T00160,2026-04-14,15:56,C192,PTT,15,exchange,2,2,846,0,transfer,846,phone,delivery,คนส่ง B
T00161,2026-04-14,16:09,C162,PTT,15,exchange,2,2,846,0,cash,846,phone,delivery,คนส่ง A
T00162,2026-04-14,17:41,C171,SGP,48,exchange,3,3,4050,0,cash,4050,phone,delivery,คนส่ง A
T00163,2026-04-14,17:44,C163,UNQ,15,exchange,2,2,846,0,transfer,846,phone,delivery,คนส่ง B
T00164,2026-04-15,08:05,C167,UNQ,15,exchange,5,5,2115,0,transfer,2115,phone,delivery,คนส่ง A
T00165,2026-04-15,08:18,C147,WP,15,exchange,1,1,423,0,cash,423,walk_in,pickup,
T00166,2026-04-15,08:49,C216,WP,15,exchange,1,1,423,0,cash,423,phone,delivery,คนส่ง A
T00167,2026-04-15,09:16,C128,WP,15,exchange,1,1,423,0,cash,423,walk_in,pickup,
T00168,2026-04-15,10:11,C152,UNQ,15,exchange,3,3,1269,0,credit,0,phone,delivery,คนส่ง B
T00169,2026-04-15,10:37,C194,PTT,15,exchange,2,2,846,0,credit,0,line,delivery,คนส่ง B
T00170,2026-04-15,10:54,C176,PTT,15,exchange,4,4,1692,0,cash,1692,phone,delivery,คนส่ง A
T00171,2026-04-15,12:35,C057,SGP,15,exchange,1,1,423,0,cash,423,phone,delivery,คนส่ง A
T00172,2026-04-15,14:36,C152,UNQ,15,new_cylinder,1,0,423,1300,credit,0,phone,delivery,คนส่ง B
T00173,2026-04-15,15:47,C197,WP,15,exchange,1,1,423,0,cash,423,walk_in,pickup,
T00174,2026-04-15,16:37,C169,WP,15,exchange,2,2,846,0,credit,0,phone,delivery,คนส่ง A
T00175,2026-04-15,16:39,C124,WP,15,exchange,1,1,423,0,transfer,423,line,delivery,คนส่ง B
T00176,2026-04-15,17:09,C169,WP,15,new_cylinder,1,0,423,1300,credit,0,line,delivery,คนส่ง B
T00177,2026-04-15,17:54,C155,SGP,48,exchange,2,2,2700,0,transfer,2700,walk_in,pickup,
T00178,2026-04-16,07:18,C190,SGP,15,exchange,4,4,1692,0,credit,0,phone,delivery,คนส่ง A
T00179,2026-04-16,08:33,C151,UNQ,48,exchange,2,2,2700,0,transfer,2700,phone,delivery,คนส่ง B
T00180,2026-04-16,10:50,C157,WP,15,exchange,3,3,1269,0,cash,1269,phone,delivery,คนส่ง B
T00181,2026-04-16,14:44,C113,WP,15,exchange,1,0,423,0,cash,423,walk_in,pickup,
T00182,2026-04-16,15:53,C166,PTT,15,exchange,4,4,1692,0,credit,0,line,delivery,คนส่ง B
T00183,2026-04-16,16:28,C168,WP,48,exchange,5,5,6750,0,credit,0,phone,delivery,คนส่ง A
T00184,2026-04-16,16:30,C185,WP,15,exchange,2,2,846,0,credit,0,phone,delivery,คนส่ง A
T00185,2026-04-16,17:08,C186,UNQ,15,exchange,2,2,846,0,credit,0,line,delivery,คนส่ง B
T00186,2026-04-16,17:14,C156,WP,15,exchange,2,2,846,0,credit,0,walk_in,pickup,
T00187,2026-04-16,17:14,C219,PTT,4,exchange,1,1,160,0,transfer,160,phone,delivery,คนส่ง A
T00188,2026-04-16,17:39,C064,PTT,15,exchange,1,1,423,0,cash,423,phone,delivery,คนส่ง B
T00189,2026-04-17,09:28,C182,WP,15,exchange,2,2,846,0,transfer,846,phone,delivery,คนส่ง B
T00190,2026-04-17,09:54,C204,WP,15,exchange,1,1,423,0,credit,0,walk_in,pickup,
T00191,2026-04-17,10:34,C173,WP,48,exchange,3,3,4050,0,transfer,4050,phone,delivery,คนส่ง B
T00192,2026-04-17,10:46,C178,WP,15,exchange,2,2,846,0,credit,0,walk_in,pickup,
T00193,2026-04-17,11:11,C158,WP,48,exchange,5,5,6750,0,credit,0,walk_in,pickup,
T00194,2026-04-17,11:51,C193,PTT,48,exchange,2,2,2700,0,credit,0,line,delivery,คนส่ง A
T00195,2026-04-17,12:00,C174,SGP,48,exchange,3,3,4050,0,credit,0,phone,delivery,คนส่ง B
T00196,2026-04-17,13:07,C161,PTT,15,exchange,1,1,423,0,transfer,423,line,delivery,คนส่ง A
T00197,2026-04-17,15:03,C184,PTT,48,exchange,3,3,4050,0,transfer,4050,line,delivery,คนส่ง B
T00198,2026-04-17,16:45,C189,WP,48,exchange,3,3,4050,0,cash,4050,phone,delivery,คนส่ง A
T00199,2026-04-17,16:47,C195,PTT,15,exchange,4,4,1692,0,transfer,1692,phone,delivery,คนส่ง B
T00200,2026-04-18,07:13,C154,UNQ,48,exchange,3,3,4050,0,transfer,4050,walk_in,pickup,
T00201,2026-04-18,08:11,C220,PTT,15,exchange,1,1,423,0,cash,423,phone,delivery,คนส่ง B
T00202,2026-04-18,10:31,C183,UNQ,15,exchange,4,4,1692,0,credit,0,phone,delivery,คนส่ง B
T00203,2026-04-18,11:10,C164,PTT,15,exchange,2,3,846,0,credit,0,phone,delivery,คนส่ง B
T00204,2026-04-18,11:27,C122,UNQ,15,exchange,1,1,423,0,cash,423,walk_in,pickup,
T00205,2026-04-18,11:30,C175,SGP,15,exchange,3,3,1269,0,cash,1269,walk_in,pickup,
T00206,2026-04-18,12:36,C192,PTT,15,exchange,1,1,423,0,transfer,423,walk_in,pickup,
T00207,2026-04-18,13:41,C088,PTT,15,exchange,1,0,423,0,transfer,423,line,delivery,คนส่ง B
T00208,2026-04-18,14:57,C095,WP,15,exchange,1,1,423,0,cash,423,phone,delivery,คนส่ง A
T00209,2026-04-18,15:07,C181,WP,15,exchange,3,3,1269,0,credit,0,phone,delivery,คนส่ง B
T00210,2026-04-18,15:33,C214,SGP,15,exchange,1,1,423,0,cash,423,walk_in,pickup,
T00211,2026-04-18,16:38,C136,PTT,15,exchange,1,1,423,0,cash,423,line,delivery,คนส่ง A
T00212,2026-04-18,17:15,C159,WP,15,exchange,4,4,1692,0,cash,1692,walk_in,pickup,
T00213,2026-04-19,08:19,C070,WP,15,exchange,1,1,423,0,cash,423,phone,delivery,คนส่ง A
T00214,2026-04-19,08:21,C207,PTT,15,exchange,1,1,423,0,cash,423,line,delivery,คนส่ง B
T00215,2026-04-19,10:04,C177,UNQ,48,exchange,4,4,5400,0,credit,0,phone,delivery,คนส่ง B
T00216,2026-04-19,11:59,C191,PTT,15,exchange,6,6,2538,0,credit,0,line,delivery,คนส่ง A
T00217,2026-04-19,14:21,C146,WP,4,exchange,1,1,160,0,cash,160,line,delivery,คนส่ง A
T00218,2026-04-19,18:37,C170,UNQ,15,exchange,4,4,1692,0,cash,1692,line,delivery,คนส่ง A
T00219,2026-04-20,07:35,C167,UNQ,15,exchange,5,5,2115,0,transfer,2115,phone,delivery,คนส่ง A
T00220,2026-04-20,08:03,C185,WP,15,exchange,2,2,846,0,credit,0,line,delivery,คนส่ง B
T00221,2026-04-20,08:26,C030,PTT,15,exchange,1,1,423,0,transfer,423,line,delivery,คนส่ง A
T00222,2026-04-20,08:51,C180,PTT,15,exchange,4,4,1692,0,transfer,1692,line,delivery,คนส่ง B
T00223,2026-04-20,09:01,C138,WP,15,exchange,1,1,423,0,transfer,423,line,delivery,คนส่ง B
T00224,2026-04-20,09:19,C009,SGP,15,exchange,1,1,423,0,cash,423,line,delivery,คนส่ง A
T00225,2026-04-20,09:26,C143,UNQ,15,new_cylinder,1,0,423,1300,transfer,1723,walk_in,pickup,
T00226,2026-04-20,11:28,C187,WP,48,exchange,1,1,1350,0,cash,1350,phone,delivery,คนส่ง B
T00227,2026-04-20,13:03,C201,WP,4,exchange,1,1,160,0,cash,160,phone,delivery,คนส่ง B
T00228,2026-04-20,13:24,C188,SGP,15,exchange,2,2,846,0,credit,0,line,delivery,คนส่ง B
T00229,2026-04-20,16:06,C023,SGP,15,exchange,1,1,423,0,transfer,423,walk_in,pickup,
T00230,2026-04-20,16:36,C160,WP,48,exchange,2,2,2700,0,cash,2700,phone,delivery,คนส่ง A
T00231,2026-04-20,17:05,C153,WP,48,exchange,5,5,6750,0,credit,0,line,delivery,คนส่ง B
T00232,2026-04-20,17:37,C163,UNQ,15,exchange,3,2,1269,0,transfer,1269,phone,delivery,คนส่ง B
T00233,2026-04-20,18:07,C059,WP,4,exchange,1,1,160,0,cash,160,phone,delivery,คนส่ง A
T00234,2026-04-21,08:19,C169,WP,15,exchange,4,3,1692,0,credit,0,phone,delivery,คนส่ง A
T00235,2026-04-21,08:32,C156,WP,15,exchange,2,2,846,0,credit,0,walk_in,pickup,
T00236,2026-04-21,11:43,C210,PTT,4,exchange,1,0,160,0,cash,160,walk_in,pickup,
T00237,2026-04-21,12:25,C199,UNQ,15,exchange,1,1,423,0,cash,423,line,delivery,คนส่ง A
T00238,2026-04-21,13:17,C176,PTT,15,exchange,3,3,1269,0,cash,1269,phone,delivery,คนส่ง B
T00239,2026-04-21,13:21,C105,WP,15,exchange,1,1,423,0,cash,423,phone,delivery,คนส่ง A
T00240,2026-04-21,13:26,C203,PTT,4,exchange,1,1,160,0,transfer,160,phone,delivery,คนส่ง B
T00241,2026-04-21,13:52,C176,PTT,15,new_cylinder,1,0,423,1300,cash,1723,walk_in,pickup,
T00242,2026-04-21,14:36,C157,WP,15,exchange,3,3,1269,0,transfer,1269,line,delivery,คนส่ง B
T00243,2026-04-21,14:44,C174,SGP,48,exchange,3,3,4050,0,credit,0,walk_in,pickup,
T00244,2026-04-21,14:44,C195,PTT,15,exchange,5,5,2115,0,cash,2115,walk_in,pickup,
T00245,2026-04-21,14:48,C194,PTT,15,exchange,4,4,1692,0,credit,0,walk_in,pickup,
T00246,2026-04-21,15:17,C200,WP,15,exchange,1,1,423,0,cash,423,phone,delivery,คนส่ง A
T00247,2026-04-21,16:30,C190,SGP,15,exchange,3,3,1269,0,credit,0,phone,delivery,คนส่ง B
T00248,2026-04-21,16:50,C155,SGP,48,exchange,3,3,4050,0,transfer,4050,walk_in,pickup,
T00249,2026-04-22,08:45,C179,WP,15,exchange,2,2,846,0,cash,846,phone,delivery,คนส่ง A
T00250,2026-04-22,09:44,C117,PTT,4,exchange,1,1,160,0,cash,160,phone,delivery,คนส่ง A
T00251,2026-04-22,09:49,C152,UNQ,15,exchange,2,2,846,0,credit,0,phone,delivery,คนส่ง B
T00252,2026-04-22,09:54,C168,WP,48,exchange,2,2,2700,0,credit,0,walk_in,pickup,
T00253,2026-04-22,10:28,C158,WP,48,exchange,3,3,4050,0,credit,0,walk_in,pickup,
T00254,2026-04-22,11:21,C148,PTT,4,exchange,1,1,160,0,transfer,160,walk_in,pickup,
T00255,2026-04-22,12:56,C166,PTT,15,exchange,3,3,1269,0,credit,0,line,delivery,คนส่ง B
T00256,2026-04-22,13:36,C173,WP,48,exchange,2,2,2700,0,transfer,2700,line,delivery,คนส่ง A
T00257,2026-04-22,14:40,C213,WP,4,exchange,1,1,160,0,cash,160,phone,delivery,คนส่ง A
T00258,2026-04-22,16:52,C049,PTT,15,exchange,1,1,423,0,transfer,423,phone,delivery,คนส่ง A
T00259,2026-04-22,17:25,C208,WP,15,exchange,1,1,423,0,transfer,423,walk_in,pickup,
T00260,2026-04-22,17:48,C171,SGP,48,exchange,2,2,2700,0,cash,2700,phone,delivery,คนส่ง A
T00261,2026-04-23,10:08,C184,PTT,48,exchange,5,5,6750,0,transfer,6750,line,delivery,คนส่ง B
T00262,2026-04-23,10:39,C098,WP,15,exchange,1,1,423,0,transfer,423,phone,delivery,คนส่ง A
T00263,2026-04-23,11:01,C218,WP,15,exchange,1,1,423,0,cash,423,line,delivery,คนส่ง B
T00264,2026-04-23,11:06,C186,UNQ,15,exchange,3,3,1269,0,credit,0,phone,delivery,คนส่ง A
T00265,2026-04-23,14:46,C151,UNQ,48,exchange,2,2,2700,0,transfer,2700,line,delivery,คนส่ง A
T00266,2026-04-23,15:52,C177,UNQ,48,exchange,6,6,8100,0,credit,0,phone,delivery,คนส่ง A
T00267,2026-04-23,16:02,C217,SGP,4,exchange,1,1,160,0,cash,160,phone,delivery,คนส่ง A
T00268,2026-04-23,16:48,C164,PTT,15,exchange,2,2,846,0,credit,0,phone,delivery,คนส่ง A
T00269,2026-04-23,17:14,C042,WP,15,exchange,1,1,423,0,cash,423,phone,delivery,คนส่ง A
T00270,2026-04-23,17:21,C162,PTT,15,exchange,1,1,423,0,transfer,423,phone,delivery,คนส่ง A
T00271,2026-04-23,18:34,C161,PTT,15,exchange,2,2,846,0,transfer,846,walk_in,pickup,
T00272,2026-04-24,09:05,C192,PTT,15,exchange,1,1,423,0,transfer,423,line,delivery,คนส่ง A
T00273,2026-04-24,09:56,C017,PTT,15,exchange,1,1,423,0,cash,423,line,delivery,คนส่ง B
T00274,2026-04-24,11:07,C193,PTT,48,exchange,2,2,2700,0,credit,0,phone,delivery,คนส่ง B
T00275,2026-04-24,11:23,C196,WP,15,exchange,1,1,423,0,cash,423,walk_in,pickup,
T00276,2026-04-24,11:31,C182,WP,15,exchange,1,1,423,0,transfer,423,line,delivery,คนส่ง B
T00277,2026-04-24,12:52,C191,PTT,15,exchange,3,3,1269,0,credit,0,line,delivery,คนส่ง A
T00278,2026-04-24,14:31,C084,PTT,4,exchange,1,1,160,0,transfer,160,phone,delivery,คนส่ง A
T00279,2026-04-24,14:33,C220,PTT,15,exchange,1,1,423,0,cash,423,line,delivery,คนส่ง B
T00280,2026-04-24,17:51,C175,SGP,15,exchange,2,2,846,0,cash,846,line,delivery,คนส่ง B
T00281,2026-04-24,18:25,C181,WP,15,exchange,3,3,1269,0,credit,0,walk_in,pickup,
T00282,2026-04-25,07:47,C215,UNQ,4,exchange,1,1,160,0,cash,160,line,delivery,คนส่ง B
T00283,2026-04-25,08:08,C204,WP,15,exchange,1,1,423,0,credit,0,phone,delivery,คนส่ง A
T00284,2026-04-25,09:29,C194,PTT,15,exchange,3,3,1269,0,credit,0,phone,delivery,คนส่ง A
T00285,2026-04-25,09:58,C211,WP,4,exchange,1,0,160,0,cash,160,phone,delivery,คนส่ง A
T00286,2026-04-25,10:23,C081,UNQ,15,exchange,1,1,423,0,cash,423,line,delivery,คนส่ง A
T00287,2026-04-25,10:44,C195,PTT,15,exchange,4,4,1692,0,cash,1692,line,delivery,คนส่ง A
T00288,2026-04-25,11:18,C189,WP,48,exchange,2,2,2700,0,cash,2700,phone,delivery,คนส่ง B
T00289,2026-04-25,11:29,C188,SGP,15,exchange,1,1,423,0,credit,0,phone,delivery,คนส่ง A
T00290,2026-04-25,11:30,C180,PTT,15,exchange,3,3,1269,0,cash,1269,phone,delivery,คนส่ง B
T00291,2026-04-25,13:33,C159,WP,15,exchange,3,3,1269,0,transfer,1269,phone,delivery,คนส่ง B
T00292,2026-04-25,15:54,C163,UNQ,15,exchange,3,4,1269,0,transfer,1269,walk_in,pickup,
T00293,2026-04-25,17:03,C178,WP,15,exchange,2,2,846,0,credit,0,phone,delivery,คนส่ง A
T00294,2026-04-25,18:36,C197,WP,15,exchange,1,1,423,0,cash,423,phone,delivery,คนส่ง B
T00295,2026-04-26,07:32,C219,PTT,4,exchange,1,1,160,0,cash,160,line,delivery,คนส่ง A
T00296,2026-04-26,14:43,C198,SGP,4,exchange,1,1,160,0,cash,160,phone,delivery,คนส่ง B
T00297,2026-04-26,15:39,C185,WP,15,exchange,1,1,423,0,credit,0,walk_in,pickup,
T00298,2026-04-27,07:40,C183,UNQ,15,exchange,5,5,2115,0,credit,0,line,delivery,คนส่ง A
T00299,2026-04-27,09:54,C153,WP,48,exchange,4,4,5400,0,credit,0,phone,delivery,คนส่ง B
T00300,2026-04-27,10:01,C111,WP,15,exchange,1,1,423,0,transfer,423,phone,delivery,คนส่ง B
T00301,2026-04-27,10:04,C154,UNQ,48,exchange,2,2,2700,0,transfer,2700,walk_in,pickup,
T00302,2026-04-27,10:09,C173,WP,48,exchange,2,2,2700,0,cash,2700,phone,delivery,คนส่ง B
T00303,2026-04-27,10:49,C018,WP,15,exchange,1,1,423,0,cash,423,line,delivery,คนส่ง B
T00304,2026-04-27,10:54,C187,WP,48,exchange,1,1,1350,0,cash,1350,line,delivery,คนส่ง A
T00305,2026-04-27,11:43,C205,WP,15,exchange,1,1,423,0,cash,423,walk_in,pickup,
T00306,2026-04-27,11:45,C174,SGP,48,exchange,4,4,5400,0,credit,0,line,delivery,คนส่ง B
T00307,2026-04-27,11:47,C157,WP,15,exchange,4,4,1692,0,transfer,1692,phone,delivery,คนส่ง B
T00308,2026-04-27,11:55,C166,PTT,15,exchange,3,2,1269,0,credit,0,phone,delivery,คนส่ง B
T00309,2026-04-27,12:14,C156,WP,15,exchange,2,2,846,0,credit,0,phone,delivery,คนส่ง A
T00310,2026-04-27,13:36,C170,UNQ,15,exchange,3,3,1269,0,transfer,1269,line,delivery,คนส่ง A
T00311,2026-04-27,13:54,C169,WP,15,exchange,4,4,1692,0,credit,0,phone,delivery,คนส่ง B
T00312,2026-04-27,14:27,C026,WP,15,exchange,1,1,423,0,cash,423,phone,delivery,คนส่ง A
T00313,2026-04-27,15:00,C186,UNQ,15,exchange,3,3,1269,0,credit,0,walk_in,pickup,
T00314,2026-04-27,15:52,C155,SGP,48,exchange,4,4,5400,0,cash,5400,phone,delivery,คนส่ง B
T00315,2026-04-27,16:59,C216,WP,15,exchange,1,2,423,0,transfer,423,phone,delivery,คนส่ง A
T00316,2026-04-27,17:16,C179,WP,15,exchange,2,2,846,0,cash,846,phone,delivery,คนส่ง B
T00317,2026-04-28,08:39,C190,SGP,15,exchange,2,2,846,0,credit,0,phone,delivery,คนส่ง B
T00318,2026-04-28,10:34,C158,WP,48,exchange,2,2,2700,0,credit,0,walk_in,pickup,
T00319,2026-04-28,10:44,C021,PTT,15,exchange,1,1,423,0,transfer,423,walk_in,pickup,
T00320,2026-04-28,11:27,C039,PTT,15,exchange,1,1,423,0,cash,423,walk_in,pickup,
T00321,2026-04-28,11:59,C160,WP,48,exchange,2,2,2700,0,cash,2700,line,delivery,คนส่ง B
T00322,2026-04-28,12:06,C167,UNQ,15,exchange,3,3,1269,0,cash,1269,line,delivery,คนส่ง A
T00323,2026-04-28,15:15,C176,PTT,15,exchange,4,4,1692,0,transfer,1692,phone,delivery,คนส่ง B
T00324,2026-04-28,16:47,C214,SGP,15,exchange,1,1,423,0,transfer,423,walk_in,pickup,
T00325,2026-04-28,18:25,C102,PTT,4,exchange,1,1,160,0,cash,160,phone,delivery,คนส่ง A
T00326,2026-04-29,08:15,C164,PTT,15,exchange,2,2,846,0,credit,0,phone,delivery,คนส่ง B
T00327,2026-04-29,08:28,C184,PTT,48,exchange,3,3,4050,0,cash,4050,line,delivery,คนส่ง A
T00328,2026-04-29,09:10,C028,PTT,4,exchange,1,1,160,0,cash,160,phone,delivery,คนส่ง B
T00329,2026-04-29,09:39,C168,WP,48,new_cylinder,1,0,1350,3800,credit,0,walk_in,pickup,
T00330,2026-04-29,09:42,C108,WP,15,exchange,1,1,423,0,cash,423,phone,delivery,คนส่ง B
T00331,2026-04-29,10:48,C168,WP,48,exchange,3,3,4050,0,credit,0,walk_in,pickup,
T00332,2026-04-29,11:14,C177,UNQ,48,exchange,4,4,5400,0,credit,0,phone,delivery,คนส่ง B
T00333,2026-04-29,11:20,C180,PTT,15,exchange,4,3,1692,0,cash,1692,phone,delivery,คนส่ง B
T00334,2026-04-29,12:31,C162,PTT,15,exchange,4,4,1692,0,cash,1692,walk_in,pickup,
T00335,2026-04-29,16:52,C003,PTT,4,exchange,1,1,160,0,transfer,160,walk_in,pickup,
T00336,2026-04-29,17:17,C152,UNQ,15,exchange,3,3,1269,0,credit,0,phone,delivery,คนส่ง A
T00337,2026-04-29,17:52,C034,UNQ,15,exchange,1,1,423,0,cash,423,line,delivery,คนส่ง A
T00338,2026-04-29,18:39,C151,UNQ,48,exchange,3,3,4050,0,cash,4050,walk_in,pickup,
T00339,2026-04-30,10:07,C192,PTT,15,exchange,1,1,423,0,cash,423,walk_in,pickup,
T00340,2026-04-30,10:18,C178,WP,15,exchange,3,3,1269,0,credit,0,phone,delivery,คนส่ง A
T00341,2026-04-30,10:56,C220,PTT,15,exchange,1,1,423,0,cash,423,walk_in,pickup,
T00342,2026-04-30,12:16,C191,PTT,15,exchange,5,5,2115,0,credit,0,phone,delivery,คนส่ง B
T00343,2026-04-30,13:23,C161,PTT,15,exchange,1,1,423,0,cash,423,line,delivery,คนส่ง B
T00344,2026-04-30,13:24,C182,WP,15,exchange,2,1,846,0,transfer,846,walk_in,pickup,
T00345,2026-04-30,15:53,C171,SGP,48,exchange,3,3,4050,0,transfer,4050,phone,delivery,คนส่ง B
T00346,2026-04-30,17:00,C178,WP,15,new_cylinder,1,0,423,1300,credit,0,line,delivery,คนส่ง B
T00347,2026-04-30,18:00,C208,WP,15,exchange,1,1,423,0,cash,423,line,delivery,คนส่ง A
T00348,2026-05-01,08:44,C183,UNQ,15,exchange,3,3,1269,0,credit,0,walk_in,pickup,
T00349,2026-05-01,08:59,C210,PTT,4,exchange,1,2,160,0,cash,160,phone,delivery,คนส่ง A
T00350,2026-05-01,09:33,C200,WP,15,exchange,1,1,423,0,cash,423,phone,delivery,คนส่ง B
T00351,2026-05-01,09:47,C194,PTT,15,exchange,3,3,1269,0,credit,0,line,delivery,คนส่ง B
T00352,2026-05-01,11:06,C089,UNQ,15,exchange,1,1,423,0,cash,423,phone,delivery,คนส่ง B
T00353,2026-05-01,11:12,C150,UNQ,15,exchange,1,1,423,0,transfer,423,phone,delivery,คนส่ง A
T00354,2026-05-01,11:20,C193,PTT,48,exchange,2,2,2700,0,credit,0,walk_in,pickup,
T00355,2026-05-01,11:35,C186,UNQ,15,exchange,2,2,846,0,credit,0,walk_in,pickup,
T00356,2026-05-01,11:56,C145,PTT,15,exchange,1,1,423,0,transfer,423,walk_in,pickup,
T00357,2026-05-01,13:27,C087,WP,15,exchange,1,1,423,0,cash,423,phone,delivery,คนส่ง A
T00358,2026-05-01,14:49,C181,WP,15,exchange,2,2,846,0,credit,0,line,delivery,คนส่ง B
T00359,2026-05-01,15:21,C195,PTT,15,exchange,3,2,1269,0,transfer,1269,line,delivery,คนส่ง B
T00360,2026-05-01,17:00,C163,UNQ,15,exchange,4,4,1692,0,transfer,1692,phone,delivery,คนส่ง A
T00361,2026-05-02,07:46,C201,WP,4,exchange,1,1,160,0,cash,160,walk_in,pickup,
T00362,2026-05-02,08:04,C166,PTT,15,exchange,4,5,1692,0,credit,0,walk_in,pickup,
T00363,2026-05-02,10:26,C013,PTT,15,exchange,1,1,423,0,cash,423,line,delivery,คนส่ง B
T00364,2026-05-02,11:49,C188,SGP,15,exchange,2,2,846,0,credit,0,walk_in,pickup,
T00365,2026-05-02,14:48,C116,SGP,15,exchange,1,1,423,0,cash,423,phone,delivery,คนส่ง B
T00366,2026-05-02,15:35,C207,PTT,15,exchange,1,1,423,0,cash,423,line,delivery,คนส่ง A
T00367,2026-05-02,15:46,C159,WP,15,exchange,5,5,2115,0,cash,2115,phone,delivery,คนส่ง B
T00368,2026-05-02,16:55,C199,UNQ,15,exchange,1,0,423,0,cash,423,phone,delivery,คนส่ง A
T00369,2026-05-02,17:15,C176,PTT,15,exchange,3,3,1269,0,transfer,1269,line,delivery,คนส่ง B
T00370,2026-05-03,08:13,C004,SGP,15,new_cylinder,1,0,423,1300,cash,1723,walk_in,pickup,
T00371,2026-05-03,11:44,C187,WP,48,exchange,1,1,1350,0,cash,1350,walk_in,pickup,
T00372,2026-05-03,14:05,C160,WP,48,exchange,4,4,5400,0,cash,5400,walk_in,pickup,
T00373,2026-05-03,14:19,C156,WP,15,exchange,2,2,846,0,credit,0,walk_in,pickup,
T00374,2026-05-03,17:19,C155,SGP,48,exchange,4,4,5400,0,cash,5400,phone,delivery,คนส่ง B
T00375,2026-05-03,18:58,C167,UNQ,15,exchange,3,3,1269,0,transfer,1269,walk_in,pickup,
T00376,2026-05-04,08:33,C157,WP,15,exchange,2,2,846,0,cash,846,phone,delivery,คนส่ง A
T00377,2026-05-04,09:42,C170,UNQ,15,exchange,2,2,846,0,cash,846,walk_in,pickup,
T00378,2026-05-04,09:54,C217,SGP,4,exchange,1,1,160,0,cash,160,walk_in,pickup,
T00379,2026-05-04,10:09,C179,WP,15,exchange,2,2,846,0,cash,846,line,delivery,คนส่ง A
T00380,2026-05-04,10:18,C154,UNQ,48,exchange,2,2,2700,0,cash,2700,phone,delivery,คนส่ง B
T00381,2026-05-04,10:28,C184,PTT,48,exchange,4,4,5400,0,cash,5400,walk_in,pickup,
T00382,2026-05-04,10:32,C141,SGP,15,exchange,1,1,423,0,transfer,423,phone,delivery,คนส่ง B
T00383,2026-05-04,11:28,C061,WP,15,exchange,1,1,423,0,transfer,423,phone,delivery,คนส่ง A
T00384,2026-05-04,11:29,C180,PTT,15,exchange,1,2,423,0,transfer,423,phone,delivery,คนส่ง A
T00385,2026-05-04,11:35,C196,WP,15,exchange,1,1,423,0,transfer,423,phone,delivery,คนส่ง B
T00386,2026-05-04,12:22,C168,WP,48,exchange,6,6,8100,0,credit,0,phone,delivery,คนส่ง B
T00387,2026-05-04,12:31,C211,WP,4,exchange,1,1,160,0,cash,160,phone,delivery,คนส่ง A
T00388,2026-05-04,13:01,C164,PTT,15,exchange,2,2,846,0,credit,0,phone,delivery,คนส่ง B
T00389,2026-05-04,13:25,C190,SGP,15,exchange,2,2,846,0,credit,0,line,delivery,คนส่ง A
T00390,2026-05-04,13:31,C175,SGP,15,exchange,2,2,846,0,transfer,846,walk_in,pickup,
T00391,2026-05-04,14:17,C153,WP,48,exchange,3,3,4050,0,credit,0,phone,delivery,คนส่ง A
T00392,2026-05-04,14:32,C173,WP,48,exchange,3,3,4050,0,cash,4050,phone,delivery,คนส่ง A
T00393,2026-05-04,14:33,C213,WP,4,exchange,1,1,160,0,cash,160,line,delivery,คนส่ง B
T00394,2026-05-04,15:11,C203,PTT,4,exchange,1,1,160,0,transfer,160,walk_in,pickup,
T00395,2026-05-04,15:12,C215,UNQ,4,exchange,1,1,160,0,transfer,160,line,delivery,คนส่ง B
T00396,2026-05-04,16:04,C074,PTT,15,exchange,1,1,423,0,cash,423,line,delivery,คนส่ง A
T00397,2026-05-04,16:08,C169,WP,15,exchange,5,5,2115,0,credit,0,phone,delivery,คนส่ง B
T00398,2026-05-04,16:11,C174,SGP,48,exchange,3,4,4050,0,credit,0,line,delivery,คนส่ง B
T00399,2026-05-04,16:33,C185,WP,15,exchange,1,1,423,0,credit,0,phone,delivery,คนส่ง B
T00400,2026-05-04,16:40,C001,SGP,15,exchange,1,1,423,0,cash,423,phone,delivery,คนส่ง B
T00401,2026-05-04,17:13,C015,UNQ,15,exchange,1,1,423,0,cash,423,line,delivery,คนส่ง B
T00402,2026-05-04,17:44,C189,WP,48,exchange,2,2,2700,0,cash,2700,phone,delivery,คนส่ง B
T00403,2026-05-04,17:51,C198,SGP,4,exchange,1,1,160,0,transfer,160,line,delivery,คนส่ง B
T00404,2026-05-05,08:28,C158,WP,48,exchange,3,3,4050,0,credit,0,phone,delivery,คนส่ง A
T00405,2026-05-05,11:08,C035,UNQ,15,exchange,1,1,423,0,cash,423,phone,delivery,คนส่ง A
T00406,2026-05-05,11:27,C177,UNQ,48,exchange,5,5,6750,0,credit,0,line,delivery,คนส่ง A
T00407,2026-05-05,11:59,C056,WP,15,exchange,1,1,423,0,cash,423,phone,delivery,คนส่ง A
T00408,2026-05-05,14:09,C162,PTT,15,exchange,3,3,1269,0,cash,1269,phone,delivery,คนส่ง B
T00409,2026-05-05,16:40,C216,WP,15,exchange,1,1,423,0,cash,423,walk_in,pickup,
T00410,2026-05-05,16:49,C204,WP,15,exchange,1,1,423,0,credit,0,line,delivery,คนส่ง B
T00411,2026-05-06,09:04,C112,WP,15,exchange,1,1,423,0,transfer,423,phone,delivery,คนส่ง A
T00412,2026-05-06,09:26,C176,PTT,15,exchange,2,2,846,0,cash,846,walk_in,pickup,
T00413,2026-05-06,10:39,C151,UNQ,48,exchange,2,2,2700,0,cash,2700,line,delivery,คนส่ง A
T00414,2026-05-06,10:43,C171,SGP,48,exchange,1,1,1350,0,cash,1350,walk_in,pickup,
T00415,2026-05-06,11:01,C178,WP,15,exchange,4,4,1692,0,credit,0,line,delivery,คนส่ง B
T00416,2026-05-06,11:45,C197,WP,15,exchange,1,1,423,0,cash,423,line,delivery,คนส่ง B
T00417,2026-05-06,11:50,C163,UNQ,15,exchange,3,3,1269,0,cash,1269,phone,delivery,คนส่ง A
T00418,2026-05-06,11:54,C192,PTT,15,exchange,1,1,423,0,cash,423,walk_in,pickup,
T00419,2026-05-06,14:40,C152,UNQ,15,exchange,7,7,2961,0,credit,0,phone,delivery,คนส่ง B
T00420,2026-05-06,16:03,C011,WP,15,exchange,1,1,423,0,cash,423,phone,delivery,คนส่ง A
T00421,2026-05-06,16:57,C054,UNQ,4,exchange,1,1,160,0,cash,160,line,delivery,คนส่ง B
T00422,2026-05-07,08:03,C219,PTT,4,exchange,1,1,160,0,cash,160,line,delivery,คนส่ง A
T00423,2026-05-07,09:52,C139,WP,15,exchange,1,1,423,0,transfer,423,phone,delivery,คนส่ง A
T00424,2026-05-07,10:42,C155,SGP,48,exchange,3,3,4050,0,cash,4050,phone,delivery,คนส่ง B
T00425,2026-05-07,11:41,C214,SGP,15,exchange,1,1,423,0,cash,423,walk_in,pickup,
T00426,2026-05-07,11:55,C160,WP,48,exchange,2,2,2700,0,transfer,2700,line,delivery,คนส่ง A
T00427,2026-05-07,12:02,C218,WP,15,exchange,1,1,423,0,cash,423,phone,delivery,คนส่ง A
T00428,2026-05-07,12:23,C191,PTT,15,exchange,5,5,2115,0,credit,0,phone,delivery,คนส่ง B
T00429,2026-05-07,13:04,C076,WP,15,exchange,1,1,423,0,cash,423,phone,delivery,คนส่ง B
T00430,2026-05-07,13:53,C181,WP,15,exchange,2,2,846,0,credit,0,walk_in,pickup,
T00431,2026-05-07,14:02,C156,WP,15,exchange,2,2,846,0,credit,0,walk_in,pickup,
T00432,2026-05-07,15:13,C194,PTT,15,exchange,3,3,1269,0,credit,0,phone,delivery,คนส่ง A
T00433,2026-05-07,16:24,C052,WP,15,exchange,1,1,423,0,transfer,423,walk_in,pickup,
T00434,2026-05-07,16:44,C195,PTT,15,exchange,5,5,2115,0,transfer,2115,phone,delivery,คนส่ง A
T00435,2026-05-08,08:58,C161,PTT,15,exchange,1,1,423,0,cash,423,phone,delivery,คนส่ง B
T00436,2026-05-08,09:10,C186,UNQ,15,exchange,3,3,1269,0,credit,0,walk_in,pickup,
T00437,2026-05-08,09:12,C183,UNQ,15,exchange,2,2,846,0,credit,0,line,delivery,คนส่ง B
T00438,2026-05-08,09:21,C182,WP,15,exchange,2,3,846,0,transfer,846,phone,delivery,คนส่ง B
T00439,2026-05-08,10:18,C159,WP,15,exchange,4,4,1692,0,transfer,1692,walk_in,pickup,
T00440,2026-05-08,10:43,C012,WP,15,exchange,1,1,423,0,cash,423,phone,delivery,คนส่ง A
T00441,2026-05-08,12:50,C007,SGP,15,exchange,1,1,423,0,transfer,423,phone,delivery,คนส่ง A
T00442,2026-05-08,13:43,C193,PTT,48,exchange,2,2,2700,0,credit,0,phone,delivery,คนส่ง B
T00443,2026-05-08,15:21,C086,PTT,15,exchange,1,1,423,0,transfer,423,phone,delivery,คนส่ง A
T00444,2026-05-08,16:16,C170,UNQ,15,exchange,3,3,1269,0,transfer,1269,line,delivery,คนส่ง A
T00445,2026-05-08,16:58,C188,SGP,15,exchange,2,2,846,0,credit,0,phone,delivery,คนส่ง A
T00446,2026-05-08,17:10,C002,SGP,15,exchange,1,1,423,0,cash,423,walk_in,pickup,
T00447,2026-05-08,18:58,C167,UNQ,15,exchange,4,4,1692,0,cash,1692,phone,delivery,คนส่ง B
T00448,2026-05-09,07:45,C208,WP,15,exchange,1,1,423,0,cash,423,phone,delivery,คนส่ง A
T00449,2026-05-09,08:09,C131,SGP,15,exchange,1,1,423,0,cash,423,walk_in,pickup,
T00450,2026-05-09,09:23,C157,WP,15,exchange,4,4,1692,0,transfer,1692,line,delivery,คนส่ง B
T00451,2026-05-09,09:50,C220,PTT,15,exchange,1,1,423,0,transfer,423,line,delivery,คนส่ง A
T00452,2026-05-09,09:57,C166,PTT,15,exchange,5,5,2115,0,credit,0,phone,delivery,คนส่ง B
T00453,2026-05-09,10:02,C205,WP,15,exchange,1,1,423,0,cash,423,walk_in,pickup,
T00454,2026-05-09,10:10,C199,UNQ,15,exchange,1,1,423,0,cash,423,line,delivery,คนส่ง A
T00455,2026-05-09,10:36,C164,PTT,15,exchange,2,2,846,0,credit,0,walk_in,pickup,
T00456,2026-05-09,12:35,C190,SGP,15,exchange,2,2,846,0,credit,0,phone,delivery,คนส่ง B
T00457,2026-05-09,13:53,C185,WP,15,exchange,2,2,846,0,credit,0,phone,delivery,คนส่ง A
T00458,2026-05-10,07:12,C189,WP,48,exchange,2,2,2700,0,cash,2700,phone,delivery,คนส่ง A
T00459,2026-05-10,07:21,C192,PTT,15,exchange,1,1,423,0,cash,423,walk_in,pickup,
T00460,2026-05-10,17:33,C198,SGP,4,exchange,1,1,160,0,transfer,160,phone,delivery,คนส่ง B
T00461,2026-05-10,17:39,C210,PTT,4,exchange,1,0,160,0,transfer,160,phone,delivery,คนส่ง A
T00462,2026-05-10,18:15,C173,WP,48,exchange,3,3,4050,0,cash,4050,line,delivery,คนส่ง A
T00463,2026-05-11,07:21,C154,UNQ,48,exchange,3,3,4050,0,cash,4050,phone,delivery,คนส่ง B
T00464,2026-05-11,07:26,C176,PTT,15,exchange,3,3,1269,0,cash,1269,walk_in,pickup,
T00465,2026-05-11,07:44,C153,WP,48,exchange,4,4,5400,0,credit,0,phone,delivery,คนส่ง B
T00466,2026-05-11,08:15,C203,PTT,4,exchange,1,1,160,0,cash,160,line,delivery,คนส่ง A
T00467,2026-05-11,09:17,C207,PTT,15,exchange,1,1,423,0,transfer,423,line,delivery,คนส่ง B
T00468,2026-05-11,09:36,C169,WP,15,exchange,4,5,1692,0,credit,0,phone,delivery,คนส่ง A
T00469,2026-05-11,09:49,C149,UNQ,15,exchange,1,1,423,0,cash,423,line,delivery,คนส่ง B
T00470,2026-05-11,10:26,C186,UNQ,15,exchange,2,2,846,0,credit,0,walk_in,pickup,
T00471,2026-05-11,10:43,C168,WP,48,exchange,5,5,6750,0,credit,0,line,delivery,คนส่ง B
T00472,2026-05-11,10:51,C062,WP,15,exchange,1,1,423,0,transfer,423,phone,delivery,คนส่ง B
T00473,2026-05-11,12:13,C082,UNQ,15,exchange,1,1,423,0,transfer,423,walk_in,pickup,
T00474,2026-05-11,12:31,C162,PTT,15,exchange,4,4,1692,0,cash,1692,phone,delivery,คนส่ง B
T00475,2026-05-11,12:50,C187,WP,48,exchange,1,1,1350,0,transfer,1350,walk_in,pickup,
T00476,2026-05-11,13:11,C178,WP,15,exchange,3,3,1269,0,credit,0,phone,delivery,คนส่ง B
T00477,2026-05-11,14:23,C180,PTT,15,exchange,2,2,846,0,cash,846,phone,delivery,คนส่ง A
T00478,2026-05-11,15:19,C158,WP,48,exchange,3,3,4050,0,credit,0,phone,delivery,คนส่ง A
T00479,2026-05-11,16:27,C073,PTT,15,exchange,1,1,423,0,cash,423,line,delivery,คนส่ง B
T00480,2026-05-11,17:12,C029,WP,15,exchange,1,0,423,0,transfer,423,phone,delivery,คนส่ง B
T00481,2026-05-11,17:17,C133,WP,15,new_cylinder,1,0,423,1300,transfer,1723,phone,delivery,คนส่ง A
T00482,2026-05-11,17:20,C175,SGP,15,exchange,3,3,1269,0,transfer,1269,phone,delivery,คนส่ง B
T00483,2026-05-11,17:52,C014,WP,15,exchange,1,1,423,0,transfer,423,line,delivery,คนส่ง B
T00484,2026-05-12,09:53,C196,WP,15,exchange,1,1,423,0,transfer,423,phone,delivery,คนส่ง B
T00485,2026-05-12,10:07,C179,WP,15,exchange,2,2,846,0,cash,846,line,delivery,คนส่ง B
T00486,2026-05-12,10:25,C200,WP,15,exchange,1,1,423,0,cash,423,phone,delivery,คนส่ง B
T00487,2026-05-12,10:31,C215,UNQ,4,exchange,1,1,160,0,cash,160,phone,delivery,คนส่ง B
T00488,2026-05-12,10:32,C160,WP,48,exchange,4,4,5400,0,transfer,5400,line,delivery,คนส่ง B
T00489,2026-05-12,11:37,C184,PTT,48,exchange,2,2,2700,0,cash,2700,line,delivery,คนส่ง A
T00490,2026-05-12,12:13,C079,UNQ,15,exchange,1,1,423,0,cash,423,walk_in,pickup,
T00491,2026-05-12,13:00,C125,WP,15,exchange,1,1,423,0,transfer,423,phone,delivery,คนส่ง B
T00492,2026-05-12,14:26,C159,WP,15,exchange,4,4,1692,0,cash,1692,phone,delivery,คนส่ง A
T00493,2026-05-12,14:57,C174,SGP,48,exchange,4,4,5400,0,credit,0,walk_in,pickup,
T00494,2026-05-12,16:53,C194,PTT,15,exchange,4,4,1692,0,credit,0,line,delivery,คนส่ง A
T00495,2026-05-12,18:38,C163,UNQ,15,exchange,4,4,1692,0,cash,1692,walk_in,pickup,
T00496,2026-05-13,07:04,C132,WP,15,exchange,1,1,423,0,cash,423,phone,delivery,คนส่ง B
T00497,2026-05-13,09:46,C171,SGP,48,exchange,2,2,2700,0,cash,2700,walk_in,pickup,
T00498,2026-05-13,09:48,C046,WP,15,exchange,1,1,423,0,cash,423,walk_in,pickup,
T00499,2026-05-13,10:08,C048,UNQ,15,exchange,1,1,423,0,transfer,423,phone,delivery,คนส่ง A
T00500,2026-05-13,10:25,C211,WP,4,exchange,1,2,160,0,cash,160,walk_in,pickup,
T00501,2026-05-13,10:39,C189,WP,48,exchange,2,2,2700,0,cash,2700,phone,delivery,คนส่ง A
T00502,2026-05-13,10:51,C191,PTT,15,exchange,4,4,1692,0,credit,0,walk_in,pickup,
T00503,2026-05-13,11:06,C181,WP,15,exchange,3,3,1269,0,credit,0,phone,delivery,คนส่ง B
T00504,2026-05-13,11:57,C068,PTT,15,exchange,1,1,423,0,transfer,423,line,delivery,คนส่ง B
T00505,2026-05-13,12:58,C177,UNQ,48,exchange,5,5,6750,0,credit,0,phone,delivery,คนส่ง B
T00506,2026-05-13,15:55,C204,WP,15,exchange,1,0,423,0,credit,0,phone,delivery,คนส่ง B
T00507,2026-05-13,16:24,C188,SGP,15,exchange,2,2,846,0,credit,0,phone,delivery,คนส่ง A
T00508,2026-05-13,16:31,C152,UNQ,15,exchange,7,7,2961,0,credit,0,phone,delivery,คนส่ง B
T00509,2026-05-13,17:18,C107,UNQ,15,exchange,1,1,423,0,transfer,423,walk_in,pickup,
T00510,2026-05-13,17:20,C045,PTT,4,exchange,1,1,160,0,transfer,160,phone,delivery,คนส่ง A
T00511,2026-05-13,17:50,C151,UNQ,48,exchange,2,2,2700,0,cash,2700,walk_in,pickup,
T00512,2026-05-14,07:40,C167,UNQ,15,exchange,5,5,2115,0,transfer,2115,phone,delivery,คนส่ง B
T00513,2026-05-14,08:02,C190,SGP,15,exchange,3,3,1269,0,credit,0,phone,delivery,คนส่ง B
T00514,2026-05-14,08:53,C217,SGP,4,exchange,1,1,160,0,cash,160,walk_in,pickup,
T00515,2026-05-14,10:21,C195,PTT,15,exchange,4,5,1692,0,cash,1692,line,delivery,คนส่ง A
T00516,2026-05-14,10:41,C033,UNQ,15,exchange,1,1,423,0,cash,423,line,delivery,คนส่ง B
T00517,2026-05-14,11:29,C170,UNQ,15,exchange,3,3,1269,0,cash,1269,walk_in,pickup,
T00518,2026-05-14,12:46,C164,PTT,15,exchange,3,3,1269,0,credit,0,phone,delivery,คนส่ง B
T00519,2026-05-14,13:11,C060,SGP,15,exchange,1,1,423,0,cash,423,phone,delivery,คนส่ง B
T00520,2026-05-14,14:06,C161,PTT,15,exchange,1,1,423,0,cash,423,walk_in,pickup,
T00521,2026-05-14,15:10,C006,PTT,15,exchange,1,1,423,0,cash,423,phone,delivery,คนส่ง B
T00522,2026-05-14,15:25,C121,WP,15,exchange,1,1,423,0,cash,423,phone,delivery,คนส่ง B
T00523,2026-05-14,15:25,C213,WP,4,exchange,1,1,160,0,transfer,160,line,delivery,คนส่ง B
T00524,2026-05-14,15:45,C050,SGP,15,exchange,1,1,423,0,transfer,423,phone,delivery,คนส่ง A
T00525,2026-05-14,16:15,C193,PTT,48,exchange,2,2,2700,0,credit,0,walk_in,pickup,
T00526,2026-05-14,17:56,C185,WP,15,exchange,1,1,423,0,credit,0,line,delivery,คนส่ง A
T00527,2026-05-14,18:23,C156,WP,15,exchange,1,1,423,0,credit,0,walk_in,pickup,
T00528,2026-05-15,07:07,C197,WP,15,exchange,1,1,423,0,cash,423,phone,delivery,คนส่ง A
T00529,2026-05-15,07:49,C186,UNQ,15,exchange,3,3,1269,0,credit,0,phone,delivery,คนส่ง B
T00530,2026-05-15,09:29,C201,WP,4,exchange,1,1,160,0,cash,160,phone,delivery,คนส่ง B
T00531,2026-05-15,09:36,C173,WP,48,exchange,3,2,4050,0,cash,4050,phone,delivery,คนส่ง B
T00532,2026-05-15,09:39,C166,PTT,15,exchange,4,4,1692,0,credit,0,phone,delivery,คนส่ง A
T00533,2026-05-15,10:03,C155,SGP,48,exchange,2,2,2700,0,cash,2700,walk_in,pickup,
T00534,2026-05-15,10:06,C192,PTT,15,exchange,2,2,846,0,transfer,846,line,delivery,คนส่ง B
T00535,2026-05-15,10:23,C071,UNQ,15,exchange,1,1,423,0,cash,423,phone,delivery,คนส่ง B
T00536,2026-05-15,11:08,C182,WP,15,exchange,2,2,846,0,transfer,846,phone,delivery,คนส่ง B
T00537,2026-05-15,13:34,C099,WP,15,exchange,1,1,423,0,transfer,423,line,delivery,คนส่ง B
T00538,2026-05-15,14:56,C176,PTT,15,exchange,4,4,1692,0,transfer,1692,walk_in,pickup,
T00539,2026-05-15,15:58,C119,WP,4,exchange,1,1,160,0,cash,160,line,delivery,คนส่ง A
T00540,2026-05-16,07:23,C157,WP,15,exchange,4,3,1692,0,cash,1692,phone,delivery,คนส่ง A
T00541,2026-05-16,09:42,C183,UNQ,15,exchange,3,3,1269,0,credit,0,phone,delivery,คนส่ง A
T00542,2026-05-16,10:13,C136,PTT,15,exchange,1,1,423,0,cash,423,walk_in,pickup,
T00543,2026-05-16,10:26,C120,WP,15,exchange,1,1,423,0,transfer,423,walk_in,pickup,
T00544,2026-05-16,11:15,C162,PTT,15,exchange,4,4,1692,0,cash,1692,phone,delivery,คนส่ง B
T00545,2026-05-16,11:58,C153,WP,48,exchange,4,4,5400,0,credit,0,phone,delivery,คนส่ง B
T00546,2026-05-16,12:14,C174,SGP,48,exchange,3,2,4050,0,credit,0,walk_in,pickup,
T00547,2026-05-16,15:12,C070,WP,15,exchange,1,1,423,0,transfer,423,phone,delivery,คนส่ง B
T00548,2026-05-16,15:16,C220,PTT,15,exchange,1,1,423,0,cash,423,walk_in,pickup,
T00549,2026-05-16,16:01,C115,PTT,15,exchange,1,1,423,0,cash,423,phone,delivery,คนส่ง B
T00550,2026-05-16,17:00,C163,UNQ,15,exchange,3,3,1269,0,cash,1269,line,delivery,คนส่ง A
T00551,2026-05-17,08:03,C208,WP,15,exchange,1,1,423,0,cash,423,line,delivery,คนส่ง A
T00552,2026-05-17,09:25,C044,WP,15,exchange,1,1,423,0,cash,423,line,delivery,คนส่ง A
T00553,2026-05-17,09:42,C104,UNQ,15,exchange,1,1,423,0,transfer,423,phone,delivery,คนส่ง A
T00554,2026-05-17,13:09,C154,UNQ,48,exchange,4,4,5400,0,cash,5400,line,delivery,คนส่ง B
T00555,2026-05-17,13:42,C178,WP,15,exchange,4,4,1692,0,credit,0,phone,delivery,คนส่ง B
T00556,2026-05-17,14:32,C214,SGP,15,exchange,1,1,423,0,cash,423,phone,delivery,คนส่ง B
T00557,2026-05-18,07:19,C072,WP,15,new_cylinder,1,0,423,1300,cash,1723,phone,delivery,คนส่ง A
T00558,2026-05-18,07:49,C175,SGP,15,exchange,3,3,1269,0,cash,1269,walk_in,pickup,
T00559,2026-05-18,09:02,C066,SGP,15,exchange,1,1,423,0,transfer,423,phone,delivery,คนส่ง A
T00560,2026-05-18,09:44,C177,UNQ,48,exchange,3,3,4050,0,credit,0,walk_in,pickup,
T00561,2026-05-18,10:12,C160,WP,48,exchange,4,3,5400,0,cash,5400,walk_in,pickup,
T00562,2026-05-18,10:30,C158,WP,48,exchange,3,3,4050,0,credit,0,walk_in,pickup,
T00563,2026-05-18,11:30,C179,WP,15,exchange,2,2,846,0,transfer,846,phone,delivery,คนส่ง B
T00564,2026-05-18,11:46,C219,PTT,4,exchange,1,1,160,0,transfer,160,phone,delivery,คนส่ง B
T00565,2026-05-18,11:47,C187,WP,48,exchange,2,2,2700,0,cash,2700,phone,delivery,คนส่ง A
T00566,2026-05-18,14:08,C164,PTT,15,exchange,3,3,1269,0,credit,0,walk_in,pickup,
T00567,2026-05-18,14:11,C169,WP,15,exchange,3,3,1269,0,credit,0,walk_in,pickup,
T00568,2026-05-18,14:27,C135,PTT,15,exchange,1,1,423,0,cash,423,phone,delivery,คนส่ง B
T00569,2026-05-18,15:22,C016,WP,15,exchange,1,1,423,0,cash,423,phone,delivery,คนส่ง A
T00570,2026-05-18,15:36,C180,PTT,15,exchange,2,2,846,0,cash,846,phone,delivery,คนส่ง A
T00571,2026-05-18,15:44,C058,WP,15,exchange,1,1,423,0,cash,423,phone,delivery,คนส่ง A
T00572,2026-05-18,16:08,C109,WP,15,exchange,1,1,423,0,cash,423,phone,delivery,คนส่ง B
T00573,2026-05-18,16:10,C152,UNQ,15,exchange,5,5,2115,0,credit,0,line,delivery,คนส่ง A
T00574,2026-05-18,16:24,C191,PTT,15,exchange,3,3,1269,0,credit,0,walk_in,pickup,
T00575,2026-05-18,17:28,C216,WP,15,exchange,1,1,423,0,cash,423,line,delivery,คนส่ง A
T00576,2026-05-18,17:30,C189,WP,48,exchange,2,2,2700,0,cash,2700,line,delivery,คนส่ง A
T00577,2026-05-19,09:42,C186,UNQ,15,exchange,3,3,1269,0,credit,0,phone,delivery,คนส่ง B
T00578,2026-05-19,09:57,C181,WP,15,exchange,3,3,1269,0,credit,0,walk_in,pickup,
T00579,2026-05-19,10:21,C205,WP,15,exchange,1,1,423,0,transfer,423,phone,delivery,คนส่ง B
T00580,2026-05-19,10:34,C129,WP,15,exchange,1,1,423,0,cash,423,line,delivery,คนส่ง A
T00581,2026-05-19,10:57,C142,PTT,15,exchange,1,0,423,0,cash,423,line,delivery,คนส่ง B
T00582,2026-05-19,10:58,C194,PTT,15,exchange,2,2,846,0,credit,0,phone,delivery,คนส่ง A
T00583,2026-05-19,11:13,C171,SGP,48,exchange,2,2,2700,0,cash,2700,phone,delivery,คนส่ง B
T00584,2026-05-19,11:30,C196,WP,15,exchange,1,1,423,0,transfer,423,phone,delivery,คนส่ง A
T00585,2026-05-19,13:17,C159,WP,15,exchange,3,3,1269,0,transfer,1269,line,delivery,คนส่ง A
T00586,2026-05-19,13:30,C151,UNQ,48,exchange,2,2,2700,0,cash,2700,line,delivery,คนส่ง A
T00587,2026-05-19,14:08,C192,PTT,15,exchange,2,1,846,0,transfer,846,phone,delivery,คนส่ง B
T00588,2026-05-19,14:44,C065,SGP,15,exchange,1,1,423,0,cash,423,walk_in,pickup,
T00589,2026-05-19,15:24,C168,WP,48,exchange,5,5,6750,0,credit,0,phone,delivery,คนส่ง B
T00590,2026-05-19,16:35,C218,WP,15,exchange,1,1,423,0,cash,423,walk_in,pickup,
T00591,2026-05-19,17:56,C184,PTT,48,exchange,4,4,5400,0,cash,5400,line,delivery,คนส่ง B
T00592,2026-05-19,18:36,C053,PTT,15,exchange,1,1,423,0,cash,423,phone,delivery,คนส่ง A
T00593,2026-05-20,09:45,C059,WP,4,exchange,1,1,160,0,transfer,160,walk_in,pickup,
T00594,2026-05-20,10:13,C037,WP,15,exchange,1,1,423,0,transfer,423,walk_in,pickup,
T00595,2026-05-20,10:54,C188,SGP,15,exchange,2,2,846,0,credit,0,line,delivery,คนส่ง B
T00596,2026-05-20,11:10,C167,UNQ,15,exchange,2,2,846,0,transfer,846,walk_in,pickup,
T00597,2026-05-20,11:56,C032,UNQ,15,exchange,1,1,423,0,cash,423,line,delivery,คนส่ง B
T00598,2026-05-20,11:59,C215,UNQ,4,exchange,1,1,160,0,cash,160,phone,delivery,คนส่ง A
T00599,2026-05-20,12:57,C106,PTT,4,exchange,1,1,160,0,cash,160,phone,delivery,คนส่ง A
T00600,2026-05-20,15:02,C157,WP,15,exchange,3,4,1269,0,cash,1269,phone,delivery,คนส่ง A
T00601,2026-05-21,09:08,C156,WP,15,exchange,3,3,1269,0,credit,0,phone,delivery,คนส่ง B
T00602,2026-05-21,09:17,C067,PTT,4,exchange,1,1,160,0,cash,160,phone,delivery,คนส่ง B
T00603,2026-05-21,10:08,C195,PTT,15,exchange,5,5,2115,0,cash,2115,phone,delivery,คนส่ง B
T00604,2026-05-21,10:18,C093,UNQ,15,exchange,1,1,423,0,cash,423,phone,delivery,คนส่ง A
T00605,2026-05-21,10:37,C199,UNQ,15,exchange,1,1,423,0,cash,423,phone,delivery,คนส่ง A
T00606,2026-05-21,11:08,C190,SGP,15,exchange,2,2,846,0,credit,0,phone,delivery,คนส่ง A
T00607,2026-05-21,12:15,C162,PTT,15,exchange,3,3,1269,0,cash,1269,walk_in,pickup,
T00608,2026-05-21,14:54,C187,WP,48,exchange,1,0,1350,0,transfer,1350,line,delivery,คนส่ง A
T00609,2026-05-21,15:28,C193,PTT,48,exchange,1,1,1350,0,credit,0,phone,delivery,คนส่ง A
T00610,2026-05-21,16:26,C185,WP,15,exchange,2,2,846,0,credit,0,line,delivery,คนส่ง A
T00611,2026-05-21,16:46,C170,UNQ,15,exchange,3,3,1269,0,cash,1269,phone,delivery,คนส่ง A
T00612,2026-05-21,17:02,C025,WP,15,exchange,1,1,423,0,cash,423,walk_in,pickup,
T00613,2026-05-21,17:14,C207,PTT,15,exchange,1,0,423,0,transfer,423,phone,delivery,คนส่ง A
T00614,2026-05-21,17:21,C213,WP,4,exchange,1,1,160,0,cash,160,phone,delivery,คนส่ง B
T00615,2026-05-21,17:41,C009,SGP,15,exchange,1,1,423,0,transfer,423,phone,delivery,คนส่ง A
T00616,2026-05-21,17:54,C123,WP,15,exchange,1,1,423,0,cash,423,walk_in,pickup,
T00617,2026-05-22,08:01,C124,WP,15,exchange,1,1,423,0,cash,423,phone,delivery,คนส่ง A
T00618,2026-05-22,09:22,C027,UNQ,15,exchange,1,1,423,0,transfer,423,phone,delivery,คนส่ง A
T00619,2026-05-22,09:54,C041,UNQ,15,exchange,1,1,423,0,transfer,423,line,delivery,คนส่ง B
T00620,2026-05-22,10:50,C161,PTT,15,exchange,2,2,846,0,transfer,846,phone,delivery,คนส่ง B
T00621,2026-05-22,11:17,C182,WP,15,exchange,2,2,846,0,cash,846,walk_in,pickup,
T00622,2026-05-22,11:42,C114,UNQ,15,exchange,1,1,423,0,cash,423,phone,delivery,คนส่ง A
T00623,2026-05-22,12:29,C094,SGP,15,exchange,1,1,423,0,cash,423,phone,delivery,คนส่ง B
T00624,2026-05-22,12:30,C144,WP,15,exchange,1,1,423,0,cash,423,line,delivery,คนส่ง A
T00625,2026-05-22,12:47,C211,WP,4,exchange,1,1,160,0,cash,160,line,delivery,คนส่ง A
T00626,2026-05-22,13:55,C210,PTT,4,exchange,1,1,160,0,cash,160,walk_in,pickup,
T00627,2026-05-22,16:09,C173,WP,48,exchange,2,3,2700,0,cash,2700,line,delivery,คนส่ง A
T00628,2026-05-22,16:20,C155,SGP,48,exchange,2,2,2700,0,cash,2700,walk_in,pickup,
T00629,2026-05-22,17:09,C192,PTT,15,exchange,2,3,846,0,transfer,846,phone,delivery,คนส่ง A
T00630,2026-05-22,18:02,C204,WP,15,exchange,1,1,423,0,credit,0,walk_in,pickup,
T00631,2026-05-23,09:18,C203,PTT,4,exchange,1,1,160,0,cash,160,walk_in,pickup,
T00632,2026-05-23,10:40,C167,UNQ,15,exchange,3,3,1269,0,transfer,1269,phone,delivery,คนส่ง B
T00633,2026-05-23,10:44,C154,UNQ,48,exchange,4,4,5400,0,transfer,5400,phone,delivery,คนส่ง B
T00634,2026-05-23,11:09,C183,UNQ,15,exchange,3,3,1269,0,credit,0,line,delivery,คนส่ง A
T00635,2026-05-23,11:13,C198,SGP,4,exchange,1,1,160,0,cash,160,walk_in,pickup,
T00636,2026-05-23,12:08,C160,WP,48,exchange,3,3,4050,0,transfer,4050,line,delivery,คนส่ง B
T00637,2026-05-23,12:21,C097,WP,15,exchange,1,1,423,0,transfer,423,phone,delivery,คนส่ง A
T00638,2026-05-23,13:51,C176,PTT,15,exchange,2,2,846,0,transfer,846,phone,delivery,คนส่ง A
T00639,2026-05-23,15:00,C019,PTT,15,exchange,1,1,423,0,cash,423,walk_in,pickup,
T00640,2026-05-23,15:49,C020,UNQ,15,exchange,1,1,423,0,cash,423,phone,delivery,คนส่ง A
T00641,2026-05-23,16:12,C164,PTT,15,exchange,4,4,1692,0,credit,0,line,delivery,คนส่ง B
T00642,2026-05-23,16:57,C166,PTT,15,exchange,4,4,1692,0,credit,0,line,delivery,คนส่ง B
T00643,2026-05-23,17:03,C096,WP,15,exchange,1,1,423,0,cash,423,phone,delivery,คนส่ง B
T00644,2026-05-23,17:04,C178,WP,15,exchange,5,5,2115,0,credit,0,walk_in,pickup,
T00645,2026-05-23,17:11,C220,PTT,15,exchange,1,1,423,0,cash,423,phone,delivery,คนส่ง B
T00646,2026-05-23,17:44,C174,SGP,48,exchange,3,3,4050,0,credit,0,walk_in,pickup,
T00647,2026-05-23,17:59,C083,UNQ,15,exchange,1,1,423,0,cash,423,phone,delivery,คนส่ง A
T00648,2026-05-24,08:38,C118,UNQ,4,new_cylinder,1,0,160,700,transfer,860,phone,delivery,คนส่ง B
T00649,2026-05-24,09:19,C163,UNQ,15,exchange,2,2,846,0,cash,846,walk_in,pickup,
T00650,2026-05-24,09:28,C159,WP,15,exchange,3,3,1269,0,cash,1269,line,delivery,คนส่ง A
T00651,2026-05-24,15:01,C201,WP,4,exchange,1,1,160,0,cash,160,walk_in,pickup,
T00652,2026-05-24,17:30,C171,SGP,48,exchange,3,3,4050,0,cash,4050,line,delivery,คนส่ง B
T00653,2026-05-25,07:11,C036,WP,15,exchange,1,1,423,0,transfer,423,walk_in,pickup,
T00654,2026-05-25,07:26,C153,WP,48,exchange,5,5,6750,0,credit,0,walk_in,pickup,
T00655,2026-05-25,07:56,C151,UNQ,48,exchange,3,3,4050,0,transfer,4050,walk_in,pickup,
T00656,2026-05-25,09:24,C186,UNQ,15,exchange,3,3,1269,0,credit,0,phone,delivery,คนส่ง A
T00657,2026-05-25,09:45,C055,PTT,15,exchange,1,1,423,0,transfer,423,walk_in,pickup,
T00658,2026-05-25,10:30,C179,WP,15,exchange,1,1,423,0,cash,423,phone,delivery,คนส่ง B
T00659,2026-05-25,10:45,C155,SGP,48,exchange,3,3,4050,0,cash,4050,phone,delivery,คนส่ง B
T00660,2026-05-25,10:46,C181,WP,15,exchange,2,2,846,0,credit,0,phone,delivery,คนส่ง A
T00661,2026-05-25,11:01,C101,WP,15,exchange,1,1,423,0,cash,423,phone,delivery,คนส่ง A
T00662,2026-05-25,11:03,C005,WP,15,exchange,1,1,423,0,cash,423,phone,delivery,คนส่ง A
T00663,2026-05-25,11:28,C180,PTT,15,exchange,4,3,1692,0,cash,1692,walk_in,pickup,
T00664,2026-05-25,12:35,C194,PTT,15,exchange,3,3,1269,0,credit,0,line,delivery,คนส่ง B
T00665,2026-05-25,13:07,C168,WP,48,exchange,3,3,4050,0,credit,0,walk_in,pickup,
T00666,2026-05-25,15:16,C189,WP,48,exchange,3,3,4050,0,transfer,4050,walk_in,pickup,
T00667,2026-05-25,15:49,C038,SGP,15,exchange,1,0,423,0,transfer,423,phone,delivery,คนส่ง B
T00668,2026-05-25,15:56,C200,WP,15,exchange,1,0,423,0,transfer,423,line,delivery,คนส่ง B
T00669,2026-05-25,15:59,C158,WP,48,exchange,4,4,5400,0,credit,0,line,delivery,คนส่ง A
T00670,2026-05-25,16:22,C098,WP,15,exchange,1,1,423,0,transfer,423,phone,delivery,คนส่ง B
T00671,2026-05-25,16:42,C197,WP,15,exchange,1,1,423,0,transfer,423,walk_in,pickup,
T00672,2026-05-25,16:54,C063,WP,15,exchange,1,1,423,0,cash,423,phone,delivery,คนส่ง B
T00673,2026-05-25,16:54,C177,UNQ,48,exchange,4,3,5400,0,credit,0,phone,delivery,คนส่ง A
T00674,2026-05-25,17:35,C191,PTT,15,exchange,3,3,1269,0,credit,0,walk_in,pickup,
T00675,2026-05-25,17:37,C152,UNQ,15,exchange,4,4,1692,0,credit,0,walk_in,pickup,
T00676,2026-05-26,08:27,C170,UNQ,15,exchange,4,4,1692,0,transfer,1692,phone,delivery,คนส่ง B
T00677,2026-05-26,10:18,C193,PTT,48,exchange,2,2,2700,0,credit,0,line,delivery,คนส่ง A
T00678,2026-05-26,10:21,C170,UNQ,15,new_cylinder,1,0,423,1300,cash,1723,line,delivery,คนส่ง B
T00679,2026-05-26,13:15,C128,WP,15,exchange,1,1,423,0,transfer,423,line,delivery,คนส่ง A
T00680,2026-05-26,13:42,C175,SGP,15,exchange,2,2,846,0,cash,846,walk_in,pickup,
T00681,2026-05-26,14:16,C185,WP,15,exchange,1,1,423,0,credit,0,line,delivery,คนส่ง B
T00682,2026-05-26,15:08,C217,SGP,4,exchange,1,1,160,0,transfer,160,phone,delivery,คนส่ง B
T00683,2026-05-26,16:00,C188,SGP,15,exchange,3,3,1269,0,credit,0,phone,delivery,คนส่ง B
T00684,2026-05-26,16:51,C137,PTT,15,exchange,1,1,423,0,transfer,423,line,delivery,คนส่ง A
T00685,2026-05-26,16:56,C184,PTT,48,exchange,4,4,5400,0,cash,5400,phone,delivery,คนส่ง B
T00686,2026-05-26,17:45,C169,WP,15,exchange,2,2,846,0,credit,0,phone,delivery,คนส่ง A
T00687,2026-05-26,17:58,C134,PTT,15,exchange,1,1,423,0,transfer,423,walk_in,pickup,
T00688,2026-05-27,08:13,C111,WP,15,exchange,1,1,423,0,transfer,423,phone,delivery,คนส่ง B
T00689,2026-05-27,08:43,C130,WP,15,exchange,1,1,423,0,transfer,423,phone,delivery,คนส่ง A
T00690,2026-05-27,09:33,C214,SGP,15,exchange,1,1,423,0,transfer,423,phone,delivery,คนส่ง B
T00691,2026-05-27,10:13,C196,WP,15,exchange,1,1,423,0,cash,423,phone,delivery,คนส่ง B
T00692,2026-05-27,10:28,C157,WP,15,exchange,5,5,2115,0,transfer,2115,walk_in,pickup,
T00693,2026-05-27,11:32,C192,PTT,15,exchange,2,2,846,0,transfer,846,phone,delivery,คนส่ง B
T00694,2026-05-27,12:51,C156,WP,15,exchange,2,2,846,0,credit,0,phone,delivery,คนส่ง A
T00695,2026-05-27,13:21,C043,WP,15,exchange,1,1,423,0,transfer,423,line,delivery,คนส่ง A
T00696,2026-05-27,13:27,C122,UNQ,15,exchange,1,0,423,0,cash,423,phone,delivery,คนส่ง B
T00697,2026-05-27,15:12,C162,PTT,15,exchange,2,2,846,0,cash,846,walk_in,pickup,
T00698,2026-05-27,17:17,C161,PTT,15,exchange,2,2,846,0,cash,846,line,delivery,คนส่ง B
T00699,2026-05-27,17:56,C207,PTT,15,exchange,1,2,423,0,cash,423,phone,delivery,คนส่ง B
T00700,2026-05-28,07:38,C091,PTT,15,exchange,1,1,423,0,transfer,423,phone,delivery,คนส่ง A
T00701,2026-05-28,07:47,C174,SGP,48,exchange,4,5,5400,0,credit,0,phone,delivery,คนส่ง A
T00702,2026-05-28,08:03,C008,WP,15,exchange,1,1,423,0,transfer,423,walk_in,pickup,
T00703,2026-05-28,10:58,C113,WP,15,exchange,1,1,423,0,transfer,423,phone,delivery,คนส่ง B
T00704,2026-05-28,13:16,C187,WP,48,exchange,1,1,1350,0,cash,1350,walk_in,pickup,
T00705,2026-05-28,13:23,C219,PTT,4,exchange,1,1,160,0,cash,160,line,delivery,คนส่ง A
T00706,2026-05-28,14:35,C205,WP,15,exchange,1,1,423,0,cash,423,phone,delivery,คนส่ง B
T00707,2026-05-28,16:28,C213,WP,4,exchange,1,1,160,0,transfer,160,walk_in,pickup,
T00708,2026-05-29,08:51,C198,SGP,4,exchange,1,1,160,0,cash,160,walk_in,pickup,
T00709,2026-05-29,09:08,C078,UNQ,4,exchange,1,2,160,0,cash,160,line,delivery,คนส่ง A
T00710,2026-05-29,09:09,C190,SGP,15,exchange,2,2,846,0,credit,0,line,delivery,คนส่ง A
T00711,2026-05-29,09:32,C195,PTT,15,exchange,3,3,1269,0,transfer,1269,phone,delivery,คนส่ง A
T00712,2026-05-29,10:07,C140,PTT,15,exchange,1,1,423,0,transfer,423,line,delivery,คนส่ง A
T00713,2026-05-29,10:51,C216,WP,15,exchange,1,1,423,0,transfer,423,phone,delivery,คนส่ง A
T00714,2026-05-29,15:46,C160,WP,48,exchange,4,4,5400,0,cash,5400,walk_in,pickup,
T00715,2026-05-29,16:22,C164,PTT,15,exchange,4,4,1692,0,credit,0,phone,delivery,คนส่ง A
T00716,2026-05-29,16:23,C159,WP,15,exchange,2,2,846,0,cash,846,line,delivery,คนส่ง A
T00717,2026-05-29,16:30,C167,UNQ,15,exchange,2,2,846,0,cash,846,walk_in,pickup,
T00718,2026-05-29,16:32,C151,UNQ,48,exchange,2,2,2700,0,cash,2700,line,delivery,คนส่ง A
T00719,2026-05-29,16:48,C166,PTT,15,exchange,3,3,1269,0,credit,0,line,delivery,คนส่ง A
T00720,2026-05-29,17:27,C173,WP,48,exchange,2,2,2700,0,transfer,2700,phone,delivery,คนส่ง A
T00721,2026-05-30,07:02,C182,WP,15,exchange,2,2,846,0,cash,846,line,delivery,คนส่ง B
T00722,2026-05-30,09:28,C084,PTT,4,exchange,1,1,160,0,transfer,160,phone,delivery,คนส่ง A
T00723,2026-05-30,10:41,C108,WP,15,exchange,1,1,423,0,cash,423,line,delivery,คนส่ง B
T00724,2026-05-30,11:08,C034,UNQ,15,exchange,1,1,423,0,transfer,423,walk_in,pickup,
T00725,2026-05-30,11:11,C185,WP,15,exchange,1,1,423,0,credit,0,phone,delivery,คนส่ง A
T00726,2026-05-30,11:42,C100,PTT,15,exchange,1,1,423,0,transfer,423,phone,delivery,คนส่ง A
T00727,2026-05-30,12:26,C163,UNQ,15,exchange,3,3,1269,0,transfer,1269,line,delivery,คนส่ง B
T00728,2026-05-30,13:14,C105,WP,15,exchange,1,1,423,0,cash,423,phone,delivery,คนส่ง A
T00729,2026-05-30,15:40,C171,SGP,48,exchange,3,3,4050,0,cash,4050,line,delivery,คนส่ง B
T00730,2026-05-30,15:57,C042,WP,15,exchange,1,1,423,0,cash,423,phone,delivery,คนส่ง B
T00731,2026-05-30,16:10,C152,UNQ,15,exchange,3,3,1269,0,credit,0,phone,delivery,คนส่ง A
T00732,2026-05-30,16:36,C183,UNQ,15,exchange,4,4,1692,0,credit,0,line,delivery,คนส่ง B
T00733,2026-05-30,16:51,C087,WP,15,exchange,1,1,423,0,transfer,423,line,delivery,คนส่ง A
T00734,2026-05-30,17:00,C208,WP,15,exchange,1,0,423,0,cash,423,phone,delivery,คนส่ง A
T00735,2026-05-30,17:05,C186,UNQ,15,exchange,2,2,846,0,credit,0,phone,delivery,คนส่ง A
T00736,2026-05-30,17:15,C194,PTT,15,exchange,3,2,1269,0,credit,0,phone,delivery,คนส่ง A
T00737,2026-05-30,17:39,C178,WP,15,exchange,3,3,1269,0,credit,0,walk_in,pickup,
T00738,2026-05-31,09:48,C069,WP,15,exchange,1,1,423,0,cash,423,phone,delivery,คนส่ง B
T00739,2026-05-31,11:39,C180,PTT,15,exchange,2,3,846,0,cash,846,line,delivery,คนส่ง B
T00740,2026-06-01,07:50,C023,SGP,15,exchange,1,1,423,0,transfer,423,walk_in,pickup,
T00741,2026-06-01,07:57,C218,WP,15,exchange,1,1,423,0,cash,423,line,delivery,คนส่ง B
T00742,2026-06-01,08:03,C153,WP,48,exchange,5,5,6750,0,credit,0,phone,delivery,คนส่ง A
T00743,2026-06-01,08:03,C168,WP,48,exchange,4,4,5400,0,credit,0,walk_in,pickup,
T00744,2026-06-01,08:25,C024,PTT,15,new_cylinder,1,0,423,1300,transfer,1723,line,delivery,คนส่ง B
T00745,2026-06-01,08:27,C170,UNQ,15,exchange,4,4,1692,0,cash,1692,line,delivery,คนส่ง B
T00746,2026-06-01,08:47,C204,WP,15,exchange,1,2,423,0,credit,0,walk_in,pickup,
T00747,2026-06-01,09:34,C176,PTT,15,exchange,4,4,1692,0,cash,1692,phone,delivery,คนส่ง B
T00748,2026-06-01,10:27,C154,UNQ,48,exchange,3,3,4050,0,transfer,4050,phone,delivery,คนส่ง A
T00749,2026-06-01,10:34,C181,WP,15,exchange,3,3,1269,0,credit,0,line,delivery,คนส่ง B
T00750,2026-06-01,11:40,C169,WP,15,exchange,3,3,1269,0,credit,0,line,delivery,คนส่ง B
T00751,2026-06-01,12:31,C158,WP,48,exchange,4,4,5400,0,credit,0,phone,delivery,คนส่ง A
T00752,2026-06-01,13:01,C189,WP,48,exchange,2,2,2700,0,transfer,2700,phone,delivery,คนส่ง B
T00753,2026-06-01,14:03,C199,UNQ,15,exchange,1,1,423,0,transfer,423,phone,delivery,คนส่ง A
T00754,2026-06-01,14:13,C148,PTT,4,exchange,1,1,160,0,cash,160,line,delivery,คนส่ง B
T00755,2026-06-01,15:10,C003,PTT,4,exchange,1,1,160,0,cash,160,walk_in,pickup,
T00756,2026-06-01,15:38,C215,UNQ,4,exchange,1,1,160,0,transfer,160,phone,delivery,คนส่ง A
T00757,2026-06-01,16:08,C188,SGP,15,exchange,1,1,423,0,credit,0,line,delivery,คนส่ง B
T00758,2026-06-01,17:18,C010,WP,15,exchange,1,1,423,0,transfer,423,walk_in,pickup,
T00759,2026-06-01,18:01,C201,WP,4,exchange,1,1,160,0,cash,160,phone,delivery,คนส่ง B
T00760,2026-06-02,07:11,C156,WP,15,exchange,2,2,846,0,credit,0,walk_in,pickup,
T00761,2026-06-02,07:15,C184,PTT,48,exchange,4,4,5400,0,cash,5400,phone,delivery,คนส่ง B
T00762,2026-06-02,07:27,C192,PTT,15,exchange,1,1,423,0,transfer,423,phone,delivery,คนส่ง B
T00763,2026-06-02,08:18,C116,SGP,15,exchange,1,1,423,0,transfer,423,line,delivery,คนส่ง A
T00764,2026-06-02,09:04,C202,WP,4,new_cylinder,1,0,160,700,credit,0,phone,delivery,คนส่ง B
T00765,2026-06-02,09:18,C162,PTT,15,exchange,3,3,1269,0,cash,1269,walk_in,pickup,
T00766,2026-06-02,09:27,C161,PTT,15,exchange,1,1,423,0,transfer,423,line,delivery,คนส่ง A
T00767,2026-06-02,10:14,C157,WP,15,exchange,4,4,1692,0,transfer,1692,phone,delivery,คนส่ง B
T00768,2026-06-02,10:23,C200,WP,15,exchange,1,2,423,0,cash,423,walk_in,pickup,
T00769,2026-06-02,10:34,C193,PTT,48,exchange,2,2,2700,0,credit,0,phone,delivery,คนส่ง B
T00770,2026-06-02,10:59,C174,SGP,48,exchange,3,3,4050,0,credit,0,line,delivery,คนส่ง A
T00771,2026-06-02,11:02,C017,PTT,15,exchange,1,1,423,0,transfer,423,phone,delivery,คนส่ง B
T00772,2026-06-02,11:22,C179,WP,15,exchange,2,2,846,0,transfer,846,line,delivery,คนส่ง A
T00773,2026-06-02,11:57,C191,PTT,15,exchange,5,5,2115,0,credit,0,line,delivery,คนส่ง A
T00774,2026-06-02,13:21,C155,SGP,48,exchange,2,2,2700,0,transfer,2700,phone,delivery,คนส่ง A
T00775,2026-06-02,14:03,C030,PTT,15,exchange,1,1,423,0,cash,423,walk_in,pickup,
T00776,2026-06-02,15:29,C177,UNQ,48,exchange,3,4,4050,0,credit,0,line,delivery,คนส่ง A
T00777,2026-06-02,16:44,C147,WP,15,exchange,1,1,423,0,transfer,423,line,delivery,คนส่ง B
T00778,2026-06-02,16:48,C138,WP,15,exchange,1,1,423,0,cash,423,walk_in,pickup,
T00779,2026-06-02,17:45,C159,WP,15,exchange,5,4,2115,0,transfer,2115,phone,delivery,คนส่ง A
T00780,2026-06-03,07:23,C117,PTT,4,exchange,1,1,160,0,transfer,160,line,delivery,คนส่ง A
T00781,2026-06-03,09:26,C211,WP,4,exchange,1,1,160,0,cash,160,line,delivery,คนส่ง A
T00782,2026-06-03,09:40,C214,SGP,15,exchange,1,1,423,0,cash,423,walk_in,pickup,
T00783,2026-06-03,10:31,C194,PTT,15,exchange,2,2,846,0,credit,0,phone,delivery,คนส่ง A
T00784,2026-06-03,11:29,C210,PTT,4,exchange,1,1,160,0,transfer,160,walk_in,pickup,
T00785,2026-06-03,11:53,C186,UNQ,15,exchange,2,1,846,0,credit,0,phone,delivery,คนส่ง A
T00786,2026-06-03,14:22,C220,PTT,15,exchange,1,1,423,0,transfer,423,phone,delivery,คนส่ง A
T00787,2026-06-03,14:36,C061,WP,15,exchange,1,1,423,0,cash,423,walk_in,pickup,
T00788,2026-06-03,14:50,C197,WP,15,exchange,1,1,423,0,transfer,423,phone,delivery,คนส่ง A
T00789,2026-06-03,17:33,C217,SGP,4,exchange,1,1,160,0,cash,160,line,delivery,คนส่ง B
T00790,2026-06-03,18:39,C175,SGP,15,exchange,2,2,846,0,cash,846,phone,delivery,คนส่ง B
T00791,2026-06-04,09:38,C203,PTT,4,exchange,1,1,160,0,transfer,160,phone,delivery,คนส่ง B
T00792,2026-06-04,10:16,C173,WP,48,exchange,2,2,2700,0,transfer,2700,line,delivery,คนส่ง B
T00793,2026-06-04,11:12,C163,UNQ,15,exchange,3,3,1269,0,cash,1269,line,delivery,คนส่ง A
T00794,2026-06-04,13:26,C205,WP,15,exchange,1,1,423,0,transfer,423,line,delivery,คนส่ง A
T00795,2026-06-04,14:11,C160,WP,48,exchange,2,3,2700,0,transfer,2700,phone,delivery,คนส่ง A
T00796,2026-06-04,15:53,C171,SGP,48,exchange,2,2,2700,0,cash,2700,phone,delivery,คนส่ง A
T00797,2026-06-04,16:11,C143,UNQ,15,exchange,1,1,423,0,transfer,423,phone,delivery,คนส่ง B
T00798,2026-06-04,16:45,C089,UNQ,15,exchange,1,1,423,0,transfer,423,walk_in,pickup,
T00799,2026-06-04,17:22,C152,UNQ,15,exchange,5,5,2115,0,credit,0,line,delivery,คนส่ง A
T00800,2026-06-05,07:22,C167,UNQ,15,exchange,5,5,2115,0,cash,2115,phone,delivery,คนส่ง B
T00801,2026-06-05,08:22,C187,WP,48,exchange,1,1,1350,0,transfer,1350,phone,delivery,คนส่ง A
T00802,2026-06-05,09:55,C064,PTT,15,exchange,1,1,423,0,cash,423,line,delivery,คนส่ง A
T00803,2026-06-05,10:15,C180,PTT,15,exchange,3,3,1269,0,cash,1269,walk_in,pickup,
T00804,2026-06-05,10:33,C207,PTT,15,exchange,1,1,423,0,cash,423,phone,delivery,คนส่ง B
T00805,2026-06-05,10:42,C166,PTT,15,exchange,3,3,1269,0,credit,0,phone,delivery,คนส่ง A
T00806,2026-06-05,15:11,C181,WP,15,exchange,3,3,1269,0,credit,0,walk_in,pickup,
T00807,2026-06-05,15:14,C169,WP,15,exchange,3,3,1269,0,credit,0,walk_in,pickup,
T00808,2026-06-05,16:08,C052,WP,15,exchange,1,1,423,0,transfer,423,phone,delivery,คนส่ง A
T00809,2026-06-05,16:48,C164,PTT,15,exchange,3,3,1269,0,credit,0,phone,delivery,คนส่ง B
T00810,2026-06-06,07:15,C219,PTT,4,exchange,1,1,160,0,transfer,160,phone,delivery,คนส่ง B
T00811,2026-06-06,07:27,C151,UNQ,48,exchange,3,3,4050,0,cash,4050,phone,delivery,คนส่ง B
T00812,2026-06-06,07:43,C095,WP,15,exchange,1,1,423,0,transfer,423,line,delivery,คนส่ง A
T00813,2026-06-06,09:31,C015,UNQ,15,exchange,1,1,423,0,cash,423,line,delivery,คนส่ง B
T00814,2026-06-06,10:33,C176,PTT,15,exchange,3,3,1269,0,cash,1269,phone,delivery,คนส่ง A
T00815,2026-06-06,10:35,C195,PTT,15,exchange,4,4,1692,0,cash,1692,line,delivery,คนส่ง B
T00816,2026-06-06,10:44,C182,WP,15,exchange,2,2,846,0,cash,846,phone,delivery,คนส่ง B
T00817,2026-06-06,13:22,C183,UNQ,15,exchange,5,5,2115,0,credit,0,walk_in,pickup,
T00818,2026-06-06,14:39,C149,UNQ,15,exchange,1,1,423,0,cash,423,line,delivery,คนส่ง B
T00819,2026-06-06,15:17,C190,SGP,15,exchange,2,2,846,0,credit,0,line,delivery,คนส่ง B
T00820,2026-06-06,17:26,C213,WP,4,exchange,1,1,160,0,transfer,160,walk_in,pickup,
T00821,2026-06-06,17:51,C168,WP,48,exchange,2,2,2700,0,credit,0,phone,delivery,คนส่ง B
T00822,2026-06-07,08:09,C193,PTT,48,exchange,2,2,2700,0,credit,0,line,delivery,คนส่ง B
T00823,2026-06-07,14:15,C178,WP,15,exchange,4,4,1692,0,credit,0,phone,delivery,คนส่ง B
T00824,2026-06-07,14:58,C185,WP,15,exchange,2,2,846,0,credit,0,phone,delivery,คนส่ง A
T00825,2026-06-08,09:01,C181,WP,15,exchange,2,2,846,0,credit,0,line,delivery,คนส่ง B
T00826,2026-06-08,09:34,C057,SGP,15,exchange,1,1,423,0,transfer,423,phone,delivery,คนส่ง A
T00827,2026-06-08,09:41,C159,WP,15,exchange,3,4,1269,0,cash,1269,walk_in,pickup,
T00828,2026-06-08,10:47,C157,WP,15,exchange,2,2,846,0,cash,846,line,delivery,คนส่ง A
T00829,2026-06-08,11:10,C196,WP,15,exchange,1,1,423,0,cash,423,walk_in,pickup,
T00830,2026-06-08,11:30,C188,SGP,15,exchange,2,2,846,0,credit,0,phone,delivery,คนส่ง A
T00831,2026-06-08,11:55,C177,UNQ,48,exchange,3,3,4050,0,credit,0,phone,delivery,คนส่ง B
T00832,2026-06-08,11:58,C200,WP,15,exchange,1,1,423,0,cash,423,walk_in,pickup,
T00833,2026-06-08,12:22,C035,UNQ,15,exchange,1,1,423,0,cash,423,phone,delivery,คนส่ง A
T00834,2026-06-08,13:13,C156,WP,15,exchange,1,1,423,0,credit,0,walk_in,pickup,
T00835,2026-06-08,13:13,C158,WP,48,exchange,2,2,2700,0,credit,0,line,delivery,คนส่ง A
T00836,2026-06-08,13:54,C165,WP,48,new_cylinder,5,0,6750,19000,credit,0,line,delivery,คนส่ง B
T00837,2026-06-08,14:33,C194,PTT,15,exchange,4,5,1692,0,credit,0,line,delivery,คนส่ง A
T00838,2026-06-08,15:51,C155,SGP,48,exchange,4,4,5400,0,cash,5400,phone,delivery,คนส่ง B
T00839,2026-06-08,16:00,C170,UNQ,15,exchange,4,4,1692,0,cash,1692,line,delivery,คนส่ง A
T00840,2026-06-08,16:11,C153,WP,48,exchange,4,4,5400,0,credit,0,line,delivery,คนส่ง B
T00841,2026-06-08,16:15,C201,WP,4,exchange,1,1,160,0,cash,160,phone,delivery,คนส่ง B
T00842,2026-06-08,16:18,C162,PTT,15,exchange,4,4,1692,0,cash,1692,walk_in,pickup,
T00843,2026-06-08,17:45,C174,SGP,48,exchange,3,3,4050,0,credit,0,line,delivery,คนส่ง A
T00844,2026-06-08,17:53,C218,WP,15,exchange,1,1,423,0,cash,423,walk_in,pickup,
T00845,2026-06-09,07:40,C191,PTT,15,exchange,5,4,2115,0,credit,0,line,delivery,คนส่ง A
T00846,2026-06-09,08:00,C175,SGP,15,exchange,2,2,846,0,cash,846,line,delivery,คนส่ง A
T00847,2026-06-09,09:16,C189,WP,48,exchange,2,2,2700,0,transfer,2700,line,delivery,คนส่ง A
T00848,2026-06-09,10:30,C179,WP,15,exchange,2,1,846,0,transfer,846,line,delivery,คนส่ง A
T00849,2026-06-09,10:44,C220,PTT,15,exchange,1,1,423,0,transfer,423,line,delivery,คนส่ง B
T00850,2026-06-09,12:55,C171,SGP,48,exchange,3,3,4050,0,cash,4050,phone,delivery,คนส่ง B
T00851,2026-06-09,14:30,C018,WP,15,exchange,1,1,423,0,cash,423,phone,delivery,คนส่ง A
T00852,2026-06-09,15:09,C154,UNQ,48,exchange,4,4,5400,0,cash,5400,phone,delivery,คนส่ง A
T00853,2026-06-09,15:52,C021,PTT,15,exchange,1,1,423,0,cash,423,phone,delivery,คนส่ง B
T00854,2026-06-09,16:22,C161,PTT,15,exchange,1,1,423,0,transfer,423,phone,delivery,คนส่ง B
T00855,2026-06-09,17:19,C049,PTT,15,exchange,1,1,423,0,cash,423,walk_in,pickup,
T00856,2026-06-10,07:15,C173,WP,48,exchange,3,3,4050,0,cash,4050,phone,delivery,คนส่ง B
T00857,2026-06-10,07:31,C192,PTT,15,exchange,1,1,423,0,transfer,423,walk_in,pickup,
T00858,2026-06-10,08:31,C210,PTT,4,exchange,1,2,160,0,cash,160,phone,delivery,คนส่ง A
T00859,2026-06-10,09:45,C180,PTT,15,exchange,3,3,1269,0,transfer,1269,phone,delivery,คนส่ง B
T00860,2026-06-10,09:51,C204,WP,15,exchange,1,1,423,0,credit,0,phone,delivery,คนส่ง B
T00861,2026-06-10,11:45,C169,WP,15,exchange,3,3,1269,0,credit,0,phone,delivery,คนส่ง A
T00862,2026-06-10,13:14,C216,WP,15,exchange,1,1,423,0,transfer,423,phone,delivery,คนส่ง B
T00863,2026-06-10,14:30,C186,UNQ,15,exchange,1,2,423,0,credit,0,line,delivery,คนส่ง B
T00864,2026-06-10,17:48,C198,SGP,4,exchange,1,1,160,0,transfer,160,phone,delivery,คนส่ง A
T00865,2026-06-10,17:54,C184,PTT,48,exchange,4,4,5400,0,cash,5400,walk_in,pickup,
T00866,2026-06-11,07:34,C203,PTT,4,exchange,1,1,160,0,cash,160,phone,delivery,คนส่ง B
T00867,2026-06-11,08:49,C151,UNQ,48,exchange,3,3,4050,0,cash,4050,phone,delivery,คนส่ง A
T00868,2026-06-11,09:00,C012,WP,15,exchange,1,1,423,0,cash,423,phone,delivery,คนส่ง B
T00869,2026-06-11,09:46,C164,PTT,15,exchange,3,3,1269,0,credit,0,phone,delivery,คนส่ง A
T00870,2026-06-11,09:46,C215,UNQ,4,exchange,1,1,160,0,transfer,160,walk_in,pickup,
T00871,2026-06-11,09:57,C187,WP,48,exchange,2,3,2700,0,transfer,2700,line,delivery,คนส่ง A
T00872,2026-06-11,10:49,C167,UNQ,15,exchange,5,5,2115,0,transfer,2115,phone,delivery,คนส่ง B
T00873,2026-06-11,11:45,C163,UNQ,15,exchange,3,3,1269,0,transfer,1269,phone,delivery,คนส่ง B
T00874,2026-06-11,12:23,C190,SGP,15,exchange,2,2,846,0,credit,0,line,delivery,คนส่ง A
T00875,2026-06-11,13:45,C088,PTT,15,return_cylinder,0,2,0,-2600,cash,-2600,walk_in,pickup,
T00876,2026-06-11,15:40,C102,PTT,4,exchange,1,1,160,0,transfer,160,line,delivery,คนส่ง A
T00877,2026-06-11,16:03,C166,PTT,15,exchange,2,2,846,0,credit,0,line,delivery,คนส่ง A
T00878,2026-06-11,16:05,C014,WP,15,exchange,1,1,423,0,transfer,423,phone,delivery,คนส่ง A
T00879,2026-06-11,18:02,C054,UNQ,4,exchange,1,1,160,0,cash,160,walk_in,pickup,
T00880,2026-06-12,09:05,C208,WP,15,exchange,1,1,423,0,transfer,423,phone,delivery,คนส่ง A
T00881,2026-06-12,09:23,C211,WP,4,exchange,1,1,160,0,cash,160,walk_in,pickup,
T00882,2026-06-12,09:52,C176,PTT,15,exchange,3,3,1269,0,transfer,1269,phone,delivery,คนส่ง A
T00883,2026-06-12,10:14,C168,WP,48,exchange,5,5,6750,0,credit,0,phone,delivery,คนส่ง A
T00884,2026-06-12,11:30,C193,PTT,48,exchange,2,2,2700,0,credit,0,phone,delivery,คนส่ง B
T00885,2026-06-12,12:11,C028,PTT,4,exchange,1,1,160,0,transfer,160,line,delivery,คนส่ง B
T00886,2026-06-12,14:20,C040,UNQ,15,new_cylinder,1,0,423,1300,cash,1723,phone,delivery,คนส่ง A
T00887,2026-06-12,15:38,C160,WP,48,exchange,3,3,4050,0,cash,4050,walk_in,pickup,
T00888,2026-06-12,16:00,C152,UNQ,15,exchange,3,3,1269,0,credit,0,line,delivery,คนส่ง B
T00889,2026-06-12,16:23,C188,SGP,15,exchange,3,2,1269,0,credit,0,phone,delivery,คนส่ง B
T00890,2026-06-12,16:36,C074,PTT,15,exchange,1,1,423,0,cash,423,walk_in,pickup,
T00891,2026-06-12,16:42,C182,WP,15,exchange,2,2,846,0,transfer,846,line,delivery,คนส่ง A
T00892,2026-06-12,17:39,C056,WP,15,exchange,1,0,423,0,transfer,423,walk_in,pickup,
T00893,2026-06-13,09:11,C195,PTT,15,exchange,3,3,1269,0,cash,1269,phone,delivery,คนส่ง B
T00894,2026-06-13,10:22,C157,WP,15,exchange,3,3,1269,0,cash,1269,phone,delivery,คนส่ง A
T00895,2026-06-13,11:04,C159,WP,15,exchange,1,1,423,0,transfer,423,walk_in,pickup,
T00896,2026-06-13,13:01,C202,WP,4,exchange,1,1,160,0,credit,0,walk_in,pickup,
T00897,2026-06-13,13:08,C199,UNQ,15,exchange,1,0,423,0,cash,423,line,delivery,คนส่ง B
T00898,2026-06-13,13:37,C185,WP,15,exchange,1,1,423,0,credit,0,line,delivery,คนส่ง A
T00899,2026-06-13,14:35,C177,UNQ,48,exchange,2,2,2700,0,credit,0,phone,delivery,คนส่ง B
T00900,2026-06-13,15:08,C013,PTT,15,exchange,1,1,423,0,transfer,423,line,delivery,คนส่ง B
T00901,2026-06-13,16:02,C153,WP,48,exchange,4,4,5400,0,credit,0,phone,delivery,คนส่ง B
T00902,2026-06-13,17:30,C154,UNQ,48,exchange,3,3,4050,0,transfer,4050,walk_in,pickup,
T00903,2026-06-13,17:43,C197,WP,15,exchange,1,1,423,0,cash,423,phone,delivery,คนส่ง B
T00904,2026-06-14,08:30,C001,SGP,15,exchange,1,1,423,0,transfer,423,phone,delivery,คนส่ง A
T00905,2026-06-14,09:02,C205,WP,15,exchange,1,1,423,0,cash,423,line,delivery,คนส่ง A
T00906,2026-06-14,11:46,C170,UNQ,15,exchange,3,3,1269,0,cash,1269,phone,delivery,คนส่ง A
T00907,2026-06-14,12:01,C194,PTT,15,exchange,3,3,1269,0,credit,0,phone,delivery,คนส่ง B
T00908,2026-06-15,07:32,C145,PTT,15,exchange,1,1,423,0,cash,423,phone,delivery,คนส่ง B
T00909,2026-06-15,08:19,C181,WP,15,exchange,1,0,423,0,credit,0,walk_in,pickup,
T00910,2026-06-15,08:43,C183,UNQ,15,exchange,3,3,1269,0,credit,0,phone,delivery,คนส่ง A
T00911,2026-06-15,09:04,C158,WP,48,exchange,4,4,5400,0,credit,0,phone,delivery,คนส่ง B
T00912,2026-06-15,09:40,C192,PTT,15,exchange,1,0,423,0,cash,423,line,delivery,คนส่ง A
T00913,2026-06-15,11:10,C218,WP,15,exchange,1,1,423,0,cash,423,phone,delivery,คนส่ง A
T00914,2026-06-15,11:18,C169,WP,15,exchange,3,3,1269,0,credit,0,walk_in,pickup,
T00915,2026-06-15,11:47,C039,PTT,15,exchange,1,1,423,0,cash,423,line,delivery,คนส่ง A
T00916,2026-06-15,11:51,C207,PTT,15,exchange,1,1,423,0,cash,423,phone,delivery,คนส่ง B
T00917,2026-06-15,11:56,C179,WP,15,exchange,2,2,846,0,transfer,846,walk_in,pickup,
T00918,2026-06-15,11:58,C150,UNQ,15,exchange,1,1,423,0,transfer,423,phone,delivery,คนส่ง A
T00919,2026-06-15,12:14,C217,SGP,4,exchange,1,1,160,0,transfer,160,walk_in,pickup,
T00920,2026-06-15,12:26,C174,SGP,48,exchange,3,3,4050,0,credit,0,walk_in,pickup,
T00921,2026-06-15,15:15,C166,PTT,15,exchange,2,2,846,0,credit,0,phone,delivery,คนส่ง B
T00922,2026-06-15,16:06,C219,PTT,4,exchange,1,1,160,0,cash,160,phone,delivery,คนส่ง B
T00923,2026-06-15,16:09,C155,SGP,48,exchange,2,2,2700,0,cash,2700,phone,delivery,คนส่ง A
T00924,2026-06-15,16:15,C162,PTT,15,exchange,4,4,1692,0,cash,1692,line,delivery,คนส่ง B
T00925,2026-06-15,16:46,C184,PTT,48,exchange,5,5,6750,0,cash,6750,phone,delivery,คนส่ง B
T00926,2026-06-15,16:52,C156,WP,15,exchange,2,2,846,0,credit,0,walk_in,pickup,
T00927,2026-06-15,16:59,C192,PTT,15,new_cylinder,1,0,423,1300,cash,1723,phone,delivery,คนส่ง A
T00928,2026-06-15,17:08,C171,SGP,48,exchange,3,3,4050,0,transfer,4050,line,delivery,คนส่ง B
T00929,2026-06-15,17:12,C178,WP,15,exchange,2,2,846,0,credit,0,walk_in,pickup,
T00930,2026-06-15,18:35,C175,SGP,15,exchange,2,2,846,0,cash,846,phone,delivery,คนส่ง B
T00931,2026-06-16,08:19,C151,UNQ,48,exchange,3,3,4050,0,cash,4050,line,delivery,คนส่ง B
T00932,2026-06-16,08:28,C125,WP,15,exchange,1,1,423,0,transfer,423,walk_in,pickup,
T00933,2026-06-16,09:24,C004,SGP,15,exchange,1,1,423,0,transfer,423,walk_in,pickup,
T00934,2026-06-16,11:14,C026,WP,15,exchange,1,1,423,0,transfer,423,line,delivery,คนส่ง B
T00935,2026-06-16,11:29,C168,WP,48,exchange,5,5,6750,0,credit,0,line,delivery,คนส่ง A
T00936,2026-06-16,11:59,C139,WP,15,exchange,1,1,423,0,cash,423,phone,delivery,คนส่ง B
T00937,2026-06-16,13:26,C214,SGP,15,exchange,1,0,423,0,transfer,423,phone,delivery,คนส่ง A
T00938,2026-06-16,15:08,C186,UNQ,15,exchange,2,2,846,0,credit,0,line,delivery,คนส่ง A
T00939,2026-06-16,15:55,C189,WP,48,exchange,2,1,2700,0,transfer,2700,phone,delivery,คนส่ง A
T00940,2026-06-16,15:56,C011,WP,15,exchange,1,1,423,0,cash,423,line,delivery,คนส่ง B
T00941,2026-06-16,16:09,C002,SGP,15,exchange,1,0,423,0,cash,423,phone,delivery,คนส่ง A
T00942,2026-06-16,16:23,C187,WP,48,exchange,2,2,2700,0,transfer,2700,phone,delivery,คนส่ง B
T00943,2026-06-16,17:16,C165,WP,48,exchange,3,3,4050,0,credit,0,line,delivery,คนส่ง B
T00944,2026-06-17,07:09,C213,WP,4,exchange,1,1,160,0,cash,160,line,delivery,คนส่ง A
T00945,2026-06-17,07:27,C190,SGP,15,exchange,2,2,846,0,credit,0,phone,delivery,คนส่ง A
T00946,2026-06-17,07:45,C204,WP,15,exchange,1,1,423,0,credit,0,phone,delivery,คนส่ง A
T00947,2026-06-17,09:33,C220,PTT,15,exchange,1,1,423,0,cash,423,phone,delivery,คนส่ง B
T00948,2026-06-17,10:50,C191,PTT,15,exchange,2,3,846,0,credit,0,phone,delivery,คนส่ง B
T00949,2026-06-17,10:55,C131,SGP,15,exchange,1,1,423,0,transfer,423,line,delivery,คนส่ง A
T00950,2026-06-17,10:56,C173,WP,48,exchange,3,3,4050,0,cash,4050,line,delivery,คนส่ง A
T00951,2026-06-17,14:21,C161,PTT,15,exchange,1,1,423,0,cash,423,walk_in,pickup,
T00952,2026-06-17,16:05,C112,WP,15,exchange,1,1,423,0,transfer,423,walk_in,pickup,
T00953,2026-06-17,16:29,C185,WP,15,exchange,2,2,846,0,credit,0,phone,delivery,คนส่ง B
T00954,2026-06-18,07:53,C082,UNQ,15,exchange,1,1,423,0,cash,423,phone,delivery,คนส่ง A
T00955,2026-06-18,09:02,C193,PTT,48,exchange,2,2,2700,0,credit,0,phone,delivery,คนส่ง A
T00956,2026-06-18,09:22,C188,SGP,15,exchange,2,3,846,0,credit,0,walk_in,pickup,
T00957,2026-06-18,09:24,C167,UNQ,15,exchange,2,2,846,0,cash,846,phone,delivery,คนส่ง B
T00958,2026-06-18,09:59,C164,PTT,15,exchange,2,2,846,0,credit,0,line,delivery,คนส่ง A
T00959,2026-06-18,11:13,C152,UNQ,15,exchange,4,4,1692,0,credit,0,phone,delivery,คนส่ง B
T00960,2026-06-18,11:34,C199,UNQ,15,exchange,1,3,423,0,cash,423,phone,delivery,คนส่ง A
T00961,2026-06-18,11:48,C180,PTT,15,exchange,6,6,2538,0,cash,2538,phone,delivery,คนส่ง B
T00962,2026-06-18,12:22,C200,WP,15,exchange,1,1,423,0,transfer,423,walk_in,pickup,
T00963,2026-06-18,15:19,C195,PTT,15,exchange,5,5,2115,0,transfer,2115,walk_in,pickup,
T00964,2026-06-18,15:53,C031,WP,15,new_cylinder,1,0,423,1300,transfer,1723,walk_in,pickup,
T00965,2026-06-18,15:54,C201,WP,4,exchange,1,1,160,0,transfer,160,phone,delivery,คนส่ง B
T00966,2026-06-18,16:10,C159,WP,15,exchange,3,3,1269,0,cash,1269,phone,delivery,คนส่ง B
T00967,2026-06-18,16:16,C192,PTT,15,exchange,2,3,846,0,transfer,846,walk_in,pickup,
T00968,2026-06-19,08:15,C182,WP,15,exchange,1,1,423,0,cash,423,phone,delivery,คนส่ง A
T00969,2026-06-19,10:16,C208,WP,15,exchange,1,2,423,0,transfer,423,phone,delivery,คนส่ง A
T00970,2026-06-19,10:26,C104,UNQ,15,exchange,1,1,423,0,cash,423,line,delivery,คนส่ง B
T00971,2026-06-19,10:46,C006,PTT,15,exchange,1,1,423,0,cash,423,walk_in,pickup,
T00972,2026-06-19,11:29,C176,PTT,15,exchange,3,3,1269,0,cash,1269,phone,delivery,คนส่ง B
T00973,2026-06-19,11:57,C037,WP,15,exchange,1,1,423,0,cash,423,phone,delivery,คนส่ง A
T00974,2026-06-19,11:57,C176,PTT,15,new_cylinder,1,0,423,1300,transfer,1723,phone,delivery,คนส่ง B
T00975,2026-06-19,13:51,C065,SGP,15,exchange,1,1,423,0,cash,423,walk_in,pickup,
T00976,2026-06-19,15:23,C141,SGP,15,exchange,1,1,423,0,cash,423,walk_in,pickup,
T00977,2026-06-19,16:50,C210,PTT,4,exchange,1,1,160,0,transfer,160,walk_in,pickup,
T00978,2026-06-19,17:17,C163,UNQ,15,exchange,3,3,1269,0,transfer,1269,phone,delivery,คนส่ง B
T00979,2026-06-20,07:07,C154,UNQ,48,exchange,4,3,5400,0,cash,5400,phone,delivery,คนส่ง A
T00980,2026-06-20,08:56,C205,WP,15,exchange,1,1,423,0,cash,423,phone,delivery,คนส่ง A
T00981,2026-06-20,09:29,C189,WP,48,exchange,2,2,2700,0,cash,2700,phone,delivery,คนส่ง A
T00982,2026-06-20,09:41,C171,SGP,48,exchange,2,2,2700,0,transfer,2700,walk_in,pickup,
T00983,2026-06-20,10:48,C177,UNQ,48,exchange,2,2,2700,0,credit,0,phone,delivery,คนส่ง A
T00984,2026-06-20,10:58,C183,UNQ,15,exchange,3,3,1269,0,credit,0,walk_in,pickup,
T00985,2026-06-20,11:13,C160,WP,48,exchange,3,3,4050,0,transfer,4050,phone,delivery,คนส่ง B
T00986,2026-06-20,11:26,C175,SGP,15,exchange,3,3,1269,0,cash,1269,phone,delivery,คนส่ง A
T00987,2026-06-20,14:08,C179,WP,15,exchange,1,2,423,0,cash,423,phone,delivery,คนส่ง B
T00988,2026-06-20,16:02,C158,WP,48,exchange,4,4,5400,0,credit,0,phone,delivery,คนส่ง A
T00989,2026-06-20,16:22,C184,PTT,48,exchange,4,4,5400,0,transfer,5400,walk_in,pickup,
T00990,2026-06-20,16:34,C153,WP,48,exchange,4,4,5400,0,credit,0,line,delivery,คนส่ง B
T00991,2026-06-20,17:56,C156,WP,15,exchange,2,2,846,0,credit,0,line,delivery,คนส่ง A
T00992,2026-06-21,10:21,C216,WP,15,exchange,1,1,423,0,transfer,423,line,delivery,คนส่ง A
T00993,2026-06-21,12:01,C215,UNQ,4,exchange,1,1,160,0,transfer,160,phone,delivery,คนส่ง A
T00994,2026-06-21,12:31,C155,SGP,48,exchange,5,5,6750,0,transfer,6750,phone,delivery,คนส่ง A
T00995,2026-06-21,15:12,C186,UNQ,15,exchange,2,2,846,0,credit,0,phone,delivery,คนส่ง B
T00996,2026-06-21,15:57,C157,WP,15,exchange,3,3,1269,0,cash,1269,phone,delivery,คนส่ง A
T00997,2026-06-21,17:04,C166,PTT,15,exchange,2,2,846,0,credit,0,line,delivery,คนส่ง A
T00998,2026-06-21,17:55,C211,WP,4,exchange,1,1,160,0,cash,160,phone,delivery,คนส่ง A
T00999,2026-06-22,07:10,C174,SGP,48,exchange,3,3,4050,0,credit,0,line,delivery,คนส่ง A
T01000,2026-06-22,07:37,C159,WP,15,exchange,4,4,1692,0,transfer,1692,line,delivery,คนส่ง B
T01001,2026-06-22,08:21,C062,WP,15,exchange,1,1,423,0,cash,423,line,delivery,คนส่ง B
T01002,2026-06-22,08:36,C203,PTT,4,exchange,1,1,160,0,transfer,160,phone,delivery,คนส่ง A
T01003,2026-06-22,09:32,C162,PTT,15,exchange,3,3,1269,0,transfer,1269,walk_in,pickup,
T01004,2026-06-22,10:20,C132,WP,15,exchange,1,1,423,0,transfer,423,phone,delivery,คนส่ง B
T01005,2026-06-22,10:55,C191,PTT,15,exchange,3,3,1269,0,credit,0,line,delivery,คนส่ง A
T01006,2026-06-22,11:00,C198,SGP,4,exchange,1,1,160,0,transfer,160,phone,delivery,คนส่ง A
T01007,2026-06-22,11:13,C170,UNQ,15,exchange,4,4,1692,0,transfer,1692,line,delivery,คนส่ง A
T01008,2026-06-22,11:39,C194,PTT,15,exchange,3,3,1269,0,credit,0,phone,delivery,คนส่ง A
T01009,2026-06-22,13:21,C007,SGP,15,exchange,1,1,423,0,transfer,423,phone,delivery,คนส่ง B
T01010,2026-06-22,14:11,C181,WP,15,exchange,3,3,1269,0,credit,0,phone,delivery,คนส่ง B
T01011,2026-06-22,15:07,C178,WP,15,exchange,4,3,1692,0,credit,0,phone,delivery,คนส่ง B
T01012,2026-06-22,15:16,C173,WP,48,exchange,1,1,1350,0,transfer,1350,walk_in,pickup,
T01013,2026-06-22,15:25,C192,PTT,15,exchange,2,2,846,0,transfer,846,line,delivery,คนส่ง A
T01014,2026-06-22,16:32,C033,UNQ,15,exchange,1,1,423,0,transfer,423,phone,delivery,คนส่ง A
T01015,2026-06-22,16:36,C187,WP,48,exchange,1,1,1350,0,transfer,1350,walk_in,pickup,
T01016,2026-06-22,17:23,C196,WP,15,exchange,1,1,423,0,cash,423,walk_in,pickup,
T01017,2026-06-23,07:00,C135,PTT,15,exchange,1,1,423,0,transfer,423,phone,delivery,คนส่ง B
T01018,2026-06-23,07:08,C046,WP,15,exchange,1,1,423,0,cash,423,phone,delivery,คนส่ง B
T01019,2026-06-23,08:49,C168,WP,48,exchange,4,4,5400,0,credit,0,phone,delivery,คนส่ง A
T01020,2026-06-23,09:21,C217,SGP,4,exchange,1,1,160,0,cash,160,phone,delivery,คนส่ง A
T01021,2026-06-23,10:12,C175,SGP,15,exchange,3,3,1269,0,cash,1269,phone,delivery,คนส่ง A
T01022,2026-06-23,10:23,C185,WP,15,exchange,2,2,846,0,credit,0,line,delivery,คนส่ง B
T01023,2026-06-23,10:49,C164,PTT,15,exchange,3,3,1269,0,credit,0,phone,delivery,คนส่ง B
T01024,2026-06-23,11:32,C036,WP,15,exchange,1,1,423,0,transfer,423,phone,delivery,คนส่ง A
T01025,2026-06-23,14:40,C050,SGP,15,exchange,1,1,423,0,cash,423,line,delivery,คนส่ง B
T01026,2026-06-23,15:02,C109,WP,15,exchange,1,1,423,0,cash,423,line,delivery,คนส่ง A
T01027,2026-06-23,15:21,C202,WP,4,exchange,1,1,160,0,credit,0,walk_in,pickup,
T01028,2026-06-23,16:02,C195,PTT,15,exchange,3,3,1269,0,transfer,1269,line,delivery,คนส่ง B
T01029,2026-06-23,16:38,C218,WP,15,exchange,1,1,423,0,transfer,423,phone,delivery,คนส่ง A
T01030,2026-06-23,17:52,C151,UNQ,48,exchange,4,4,5400,0,cash,5400,phone,delivery,คนส่ง A
T01031,2026-06-24,10:25,C167,UNQ,15,exchange,4,4,1692,0,transfer,1692,walk_in,pickup,
T01032,2026-06-24,10:40,C180,PTT,15,exchange,5,5,2115,0,transfer,2115,walk_in,pickup,
T01033,2026-06-24,11:55,C152,UNQ,15,exchange,4,3,1692,0,credit,0,phone,delivery,คนส่ง B
T01034,2026-06-24,12:32,C166,PTT,15,exchange,3,3,1269,0,credit,0,phone,delivery,คนส่ง B
T01035,2026-06-24,12:35,C048,UNQ,15,exchange,1,1,423,0,cash,423,walk_in,pickup,
T01036,2026-06-24,13:43,C165,WP,48,exchange,2,2,2700,0,credit,0,walk_in,pickup,
T01037,2026-06-24,14:04,C213,WP,4,exchange,1,1,160,0,transfer,160,walk_in,pickup,
T01038,2026-06-24,14:51,C171,SGP,48,exchange,2,2,2700,0,transfer,2700,phone,delivery,คนส่ง B
T01039,2026-06-24,15:43,C190,SGP,15,exchange,2,2,846,0,credit,0,phone,delivery,คนส่ง B
T01040,2026-06-24,16:11,C219,PTT,4,exchange,1,1,160,0,cash,160,phone,delivery,คนส่ง A
T01041,2026-06-24,16:17,C136,PTT,15,exchange,1,1,423,0,transfer,423,walk_in,pickup,
T01042,2026-06-24,16:20,C207,PTT,15,exchange,1,1,423,0,cash,423,phone,delivery,คนส่ง B
T01043,2026-06-24,16:21,C193,PTT,48,exchange,1,0,1350,0,credit,0,line,delivery,คนส่ง A
T01044,2026-06-24,16:25,C060,SGP,15,exchange,1,1,423,0,cash,423,walk_in,pickup,
T01045,2026-06-24,17:55,C171,SGP,48,new_cylinder,1,0,1350,3800,cash,5150,walk_in,pickup,
T01046,2026-06-25,08:18,C200,WP,15,exchange,1,1,423,0,transfer,423,walk_in,pickup,
T01047,2026-06-25,08:54,C210,PTT,4,exchange,1,1,160,0,cash,160,line,delivery,คนส่ง B
T01048,2026-06-25,09:03,C115,PTT,15,exchange,1,1,423,0,cash,423,walk_in,pickup,
T01049,2026-06-25,10:16,C177,UNQ,48,exchange,4,4,5400,0,credit,0,phone,delivery,คนส่ง A
T01050,2026-06-25,10:39,C073,PTT,15,exchange,1,1,423,0,cash,423,phone,delivery,คนส่ง B
T01051,2026-06-25,10:42,C107,UNQ,15,exchange,1,1,423,0,cash,423,phone,delivery,คนส่ง A
T01052,2026-06-25,11:13,C186,UNQ,15,exchange,2,2,846,0,credit,0,walk_in,pickup,
T01053,2026-06-25,11:48,C156,WP,15,exchange,1,0,423,0,credit,0,phone,delivery,คนส่ง A
T01054,2026-06-25,11:58,C163,UNQ,15,exchange,3,3,1269,0,transfer,1269,phone,delivery,คนส่ง A
T01055,2026-06-25,12:12,C154,UNQ,48,exchange,2,2,2700,0,transfer,2700,walk_in,pickup,
T01056,2026-06-25,13:28,C097,WP,15,exchange,1,1,423,0,transfer,423,phone,delivery,คนส่ง B
T01057,2026-06-25,14:24,C123,WP,15,exchange,1,1,423,0,cash,423,phone,delivery,คนส่ง A
T01058,2026-06-25,14:30,C161,PTT,15,exchange,2,2,846,0,transfer,846,phone,delivery,คนส่ง B
T01059,2026-06-25,15:42,C176,PTT,15,exchange,2,2,846,0,transfer,846,line,delivery,คนส่ง B
T01060,2026-06-25,16:39,C197,WP,15,exchange,1,1,423,0,cash,423,phone,delivery,คนส่ง A
T01061,2026-06-25,17:10,C188,SGP,15,exchange,3,3,1269,0,credit,0,phone,delivery,คนส่ง B
T01062,2026-06-25,17:21,C158,WP,48,exchange,2,2,2700,0,credit,0,walk_in,pickup,
T01063,2026-06-26,07:39,C160,WP,48,exchange,3,3,4050,0,cash,4050,line,delivery,คนส่ง A
T01064,2026-06-26,08:32,C093,UNQ,15,exchange,1,1,423,0,transfer,423,phone,delivery,คนส่ง A
T01065,2026-06-26,08:45,C076,WP,15,exchange,1,1,423,0,cash,423,phone,delivery,คนส่ง B
T01066,2026-06-26,08:46,C153,WP,48,exchange,4,4,5400,0,credit,0,walk_in,pickup,
T01067,2026-06-26,10:28,C157,WP,15,exchange,3,3,1269,0,transfer,1269,walk_in,pickup,
T01068,2026-06-26,10:30,C183,UNQ,15,exchange,3,3,1269,0,credit,0,walk_in,pickup,
T01069,2026-06-26,10:33,C067,PTT,4,exchange,1,1,160,0,transfer,160,phone,delivery,คนส่ง B
T01070,2026-06-26,11:27,C159,WP,15,exchange,4,4,1692,0,cash,1692,walk_in,pickup,
T01071,2026-06-26,13:04,C153,WP,48,new_cylinder,1,0,1350,3800,credit,0,phone,delivery,คนส่ง B
T01072,2026-06-26,14:12,C220,PTT,15,exchange,1,1,423,0,transfer,423,line,delivery,คนส่ง B
T01073,2026-06-26,15:38,C029,WP,15,exchange,1,1,423,0,cash,423,phone,delivery,คนส่ง A
T01074,2026-06-26,18:37,C121,WP,15,exchange,1,1,423,0,transfer,423,phone,delivery,คนส่ง A
T01075,2026-06-26,18:58,C118,UNQ,4,exchange,1,1,160,0,transfer,160,phone,delivery,คนส่ง B
T01076,2026-06-27,08:03,C068,PTT,15,exchange,1,1,423,0,cash,423,line,delivery,คนส่ง A
T01077,2026-06-27,10:48,C194,PTT,15,exchange,1,1,423,0,credit,0,walk_in,pickup,
T01078,2026-06-27,10:54,C179,WP,15,exchange,2,2,846,0,transfer,846,phone,delivery,คนส่ง B
T01079,2026-06-27,12:06,C204,WP,15,exchange,1,1,423,0,credit,0,phone,delivery,คนส่ง B
T01080,2026-06-27,12:07,C016,WP,15,exchange,1,1,423,0,cash,423,line,delivery,คนส่ง A
T01081,2026-06-27,12:51,C059,WP,4,exchange,1,1,160,0,transfer,160,walk_in,pickup,
T01082,2026-06-27,15:50,C182,WP,15,exchange,2,2,846,0,cash,846,phone,delivery,คนส่ง A
T01083,2026-06-27,15:53,C189,WP,48,exchange,3,3,4050,0,cash,4050,phone,delivery,คนส่ง B
T01084,2026-06-27,16:37,C045,PTT,4,exchange,1,1,160,0,transfer,160,phone,delivery,คนส่ง A
T01085,2026-06-27,16:51,C155,SGP,48,exchange,2,2,2700,0,cash,2700,walk_in,pickup,
T01086,2026-06-27,18:58,C214,SGP,15,exchange,1,2,423,0,cash,423,phone,delivery,คนส่ง B
T01087,2026-06-28,08:13,C152,UNQ,15,exchange,4,4,1692,0,credit,0,phone,delivery,คนส่ง B
T01088,2026-06-28,10:51,C191,PTT,15,exchange,3,3,1269,0,credit,0,phone,delivery,คนส่ง B
T01089,2026-06-28,14:46,C168,WP,48,exchange,6,5,8100,0,credit,0,phone,delivery,คนส่ง B
T01090,2026-06-28,14:55,C181,WP,15,exchange,2,2,846,0,credit,0,phone,delivery,คนส่ง B
T01091,2026-06-28,15:03,C199,UNQ,15,exchange,1,1,423,0,cash,423,walk_in,pickup,
T01092,2026-06-28,15:40,C185,WP,15,exchange,1,1,423,0,credit,0,walk_in,pickup,
T01093,2026-06-28,17:22,C192,PTT,15,exchange,2,2,846,0,transfer,846,phone,delivery,คนส่ง B
T01094,2026-06-28,17:46,C129,WP,15,exchange,1,1,423,0,cash,423,phone,delivery,คนส่ง A
T01095,2026-06-29,08:39,C058,WP,15,exchange,1,1,423,0,cash,423,phone,delivery,คนส่ง A
T01096,2026-06-29,09:01,C201,WP,4,exchange,1,1,160,0,transfer,160,phone,delivery,คนส่ง B
T01097,2026-06-29,09:42,C173,WP,48,exchange,4,4,5400,0,transfer,5400,line,delivery,คนส่ง B
T01098,2026-06-29,10:56,C193,PTT,48,exchange,2,3,2700,0,credit,0,walk_in,pickup,
T01099,2026-06-29,11:23,C070,WP,15,exchange,1,1,423,0,cash,423,line,delivery,คนส่ง B
T01100,2026-06-29,11:24,C173,WP,48,new_cylinder,1,0,1350,3800,cash,5150,phone,delivery,คนส่ง B
T01101,2026-06-29,11:57,C170,UNQ,15,exchange,4,4,1692,0,transfer,1692,phone,delivery,คนส่ง B
T01102,2026-06-29,11:58,C113,WP,15,exchange,1,1,423,0,cash,423,walk_in,pickup,
T01103,2026-06-29,13:59,C162,PTT,15,exchange,2,1,846,0,cash,846,phone,delivery,คนส่ง B
T01104,2026-06-29,14:11,C187,WP,48,exchange,2,2,2700,0,cash,2700,phone,delivery,คนส่ง B
T01105,2026-06-29,14:38,C178,WP,15,exchange,3,3,1269,0,credit,0,line,delivery,คนส่ง B
T01106,2026-06-29,15:07,C096,WP,15,exchange,1,1,423,0,transfer,423,line,delivery,คนส่ง B
T01107,2026-06-29,15:50,C167,UNQ,15,exchange,3,3,1269,0,transfer,1269,phone,delivery,คนส่ง B
T01108,2026-06-29,16:19,C083,UNQ,15,exchange,1,1,423,0,transfer,423,line,delivery,คนส่ง A
T01109,2026-06-29,16:37,C165,WP,48,exchange,4,4,5400,0,credit,0,phone,delivery,คนส่ง A
T01110,2026-06-29,16:59,C184,PTT,48,exchange,2,2,2700,0,cash,2700,line,delivery,คนส่ง B
T01111,2026-06-29,17:06,C171,SGP,48,exchange,3,3,4050,0,cash,4050,phone,delivery,คนส่ง B
T01112,2026-06-29,17:19,C211,WP,4,exchange,1,1,160,0,cash,160,walk_in,pickup,
T01113,2026-06-29,17:39,C175,SGP,15,exchange,3,3,1269,0,transfer,1269,walk_in,pickup,
T01114,2026-06-29,17:43,C119,WP,4,exchange,1,1,160,0,cash,160,line,delivery,คนส่ง B
T01115,2026-06-29,17:44,C208,WP,15,exchange,1,1,423,0,transfer,423,line,delivery,คนส่ง B
T01116,2026-06-29,18:07,C195,PTT,15,exchange,5,5,2115,0,cash,2115,phone,delivery,คนส่ง A
T01117,2026-06-30,08:23,C186,UNQ,15,exchange,4,4,1692,0,credit,0,phone,delivery,คนส่ง A
T01118,2026-06-30,09:09,C183,UNQ,15,exchange,2,2,846,0,credit,0,line,delivery,คนส่ง A
T01119,2026-06-30,09:16,C156,WP,15,exchange,2,2,846,0,credit,0,phone,delivery,คนส่ง A
T01120,2026-06-30,10:35,C166,PTT,15,exchange,2,2,846,0,credit,0,line,delivery,คนส่ง B
T01121,2026-06-30,11:37,C215,UNQ,4,exchange,1,1,160,0,cash,160,line,delivery,คนส่ง A
T01122,2026-06-30,12:16,C151,UNQ,48,exchange,3,3,4050,0,cash,4050,phone,delivery,คนส่ง B
T01123,2026-06-30,13:40,C176,PTT,15,exchange,4,3,1692,0,transfer,1692,phone,delivery,คนส่ง B
T01124,2026-06-30,15:33,C180,PTT,15,exchange,5,5,2115,0,cash,2115,line,delivery,คนส่ง B
T01125,2026-06-30,17:33,C205,WP,15,exchange,1,1,423,0,transfer,423,line,delivery,คนส่ง A
T01126,2026-07-01,07:25,C044,WP,15,exchange,1,1,423,0,cash,423,phone,delivery,คนส่ง A
T01127,2026-07-01,07:47,C133,WP,15,exchange,1,1,423,0,transfer,423,phone,delivery,คนส่ง A
T01128,2026-07-01,09:04,C161,PTT,15,exchange,2,2,846,0,cash,846,phone,delivery,คนส่ง A
T01129,2026-07-01,09:05,C009,SGP,15,exchange,1,1,423,0,cash,423,phone,delivery,คนส่ง A
T01130,2026-07-01,10:38,C219,PTT,4,exchange,1,1,160,0,cash,160,walk_in,pickup,
T01131,2026-07-01,10:59,C189,WP,48,exchange,1,1,1350,0,cash,1350,walk_in,pickup,
T01132,2026-07-01,11:36,C174,SGP,48,exchange,3,3,4050,0,credit,0,line,delivery,คนส่ง B
T01133,2026-07-01,11:43,C071,UNQ,15,exchange,1,1,423,0,transfer,423,phone,delivery,คนส่ง B
T01134,2026-07-01,12:52,C110,UNQ,15,new_cylinder,1,0,423,1300,cash,1723,phone,delivery,คนส่ง B
T01135,2026-07-01,15:40,C194,PTT,15,exchange,3,3,1269,0,credit,0,phone,delivery,คนส่ง B
T01136,2026-07-02,09:24,C094,SGP,15,exchange,1,1,423,0,cash,423,line,delivery,คนส่ง B
T01137,2026-07-02,09:36,C216,WP,15,exchange,1,1,423,0,cash,423,line,delivery,คนส่ง B
T01138,2026-07-02,10:13,C213,WP,4,exchange,1,1,160,0,transfer,160,phone,delivery,คนส่ง A
T01139,2026-07-02,10:42,C159,WP,15,exchange,3,3,1269,0,transfer,1269,walk_in,pickup,
T01140,2026-07-02,10:42,C164,PTT,15,exchange,3,3,1269,0,credit,0,line,delivery,คนส่ง B
T01141,2026-07-02,10:44,C163,UNQ,15,new_cylinder,1,0,423,1300,transfer,1723,walk_in,pickup,
T01142,2026-07-02,10:45,C190,SGP,15,exchange,3,3,1269,0,credit,0,walk_in,pickup,
T01143,2026-07-02,11:19,C153,WP,48,exchange,4,4,5400,0,credit,0,phone,delivery,คนส่ง B
T01144,2026-07-02,15:07,C188,SGP,15,exchange,2,2,846,0,credit,0,phone,delivery,คนส่ง A
T01145,2026-07-02,15:30,C152,UNQ,15,exchange,5,5,2115,0,credit,0,phone,delivery,คนส่ง A
T01146,2026-07-02,15:40,C191,PTT,15,exchange,4,4,1692,0,credit,0,walk_in,pickup,
T01147,2026-07-02,16:16,C163,UNQ,15,exchange,2,2,846,0,cash,846,line,delivery,คนส่ง B
T01148,2026-07-02,16:22,C032,UNQ,15,exchange,1,1,423,0,cash,423,line,delivery,คนส่ง A
T01149,2026-07-02,16:28,C182,WP,15,exchange,1,1,423,0,transfer,423,phone,delivery,คนส่ง B
T01150,2026-07-02,16:47,C154,UNQ,48,exchange,3,3,4050,0,transfer,4050,walk_in,pickup,
T01151,2026-07-02,18:04,C198,SGP,4,exchange,1,1,160,0,cash,160,walk_in,pickup,
T01152,2026-07-03,08:20,C165,WP,48,exchange,3,3,4050,0,credit,0,line,delivery,คนส่ง B
T01153,2026-07-03,08:30,C202,WP,4,exchange,1,1,160,0,credit,0,line,delivery,คนส่ง B
T01154,2026-07-03,08:36,C192,PTT,15,exchange,2,2,846,0,cash,846,line,delivery,คนส่ง A
T01155,2026-07-03,08:42,C203,PTT,4,exchange,1,1,160,0,cash,160,line,delivery,คนส่ง B
T01156,2026-07-03,09:07,C124,WP,15,exchange,1,1,423,0,transfer,423,line,delivery,คนส่ง A
T01157,2026-07-03,09:14,C053,PTT,15,exchange,1,1,423,0,transfer,423,phone,delivery,คนส่ง B
T01158,2026-07-03,09:49,C155,SGP,48,exchange,3,2,4050,0,transfer,4050,phone,delivery,คนส่ง A
T01159,2026-07-03,10:19,C158,WP,48,exchange,4,4,5400,0,credit,0,walk_in,pickup,
T01160,2026-07-03,12:47,C218,WP,15,exchange,1,1,423,0,cash,423,line,delivery,คนส่ง B
T01161,2026-07-03,15:09,C196,WP,15,exchange,1,1,423,0,cash,423,line,delivery,คนส่ง B
T01162,2026-07-03,15:15,C069,WP,15,exchange,1,1,423,0,cash,423,walk_in,pickup,
T01163,2026-07-03,16:14,C177,UNQ,48,exchange,3,3,4050,0,credit,0,walk_in,pickup,
T01164,2026-07-03,16:31,C122,UNQ,15,exchange,1,2,423,0,cash,423,line,delivery,คนส่ง B
T01165,2026-07-03,17:58,C098,WP,15,exchange,1,1,423,0,cash,423,walk_in,pickup,
T01166,2026-07-04,10:11,C170,UNQ,15,exchange,3,2,1269,0,cash,1269,walk_in,pickup,
T01167,2026-07-04,10:30,C066,SGP,15,exchange,1,1,423,0,cash,423,phone,delivery,คนส่ง A
T01168,2026-07-04,11:02,C142,PTT,15,exchange,1,1,423,0,transfer,423,walk_in,pickup,
T01169,2026-07-04,12:14,C157,WP,15,exchange,2,2,846,0,cash,846,phone,delivery,คนส่ง A
T01170,2026-07-04,12:38,C187,WP,48,exchange,1,1,1350,0,cash,1350,phone,delivery,คนส่ง B
T01171,2026-07-04,14:28,C197,WP,15,exchange,1,1,423,0,cash,423,phone,delivery,คนส่ง A
T01172,2026-07-04,15:31,C041,UNQ,15,exchange,1,1,423,0,cash,423,line,delivery,คนส่ง B
T01173,2026-07-04,16:02,C185,WP,15,exchange,1,1,423,0,credit,0,phone,delivery,คนส่ง B
T01174,2026-07-04,16:18,C099,WP,15,exchange,1,1,423,0,transfer,423,phone,delivery,คนส่ง A
T01175,2026-07-04,16:20,C160,WP,48,exchange,4,4,5400,0,cash,5400,walk_in,pickup,
T01176,2026-07-04,16:34,C027,UNQ,15,exchange,1,1,423,0,transfer,423,line,delivery,คนส่ง A
T01177,2026-07-04,16:47,C207,PTT,15,exchange,1,1,423,0,transfer,423,walk_in,pickup,
T01178,2026-07-05,07:30,C181,WP,15,exchange,3,3,1269,0,credit,0,walk_in,pickup,
T01179,2026-07-05,08:01,C176,PTT,15,exchange,4,4,1692,0,cash,1692,line,delivery,คนส่ง B
T01180,2026-07-05,10:09,C167,UNQ,15,exchange,4,4,1692,0,cash,1692,phone,delivery,คนส่ง A
T01181,2026-07-05,11:59,C025,WP,15,exchange,1,1,423,0,transfer,423,walk_in,pickup,
T01182,2026-07-05,15:51,C200,WP,15,exchange,1,1,423,0,cash,423,walk_in,pickup,
T01183,2026-07-05,16:44,C162,PTT,15,exchange,3,4,1269,0,cash,1269,line,delivery,คนส่ง B
T01184,2026-07-06,07:24,C168,WP,48,exchange,4,5,5400,0,credit,0,walk_in,pickup,
T01185,2026-07-06,07:36,C116,SGP,15,exchange,1,1,423,0,cash,423,line,delivery,คนส่ง A
T01186,2026-07-06,08:15,C151,UNQ,48,exchange,3,3,4050,0,transfer,4050,line,delivery,คนส่ง A
T01187,2026-07-06,09:27,C140,PTT,15,exchange,1,1,423,0,transfer,423,line,delivery,คนส่ง B
T01188,2026-07-06,09:44,C220,PTT,15,exchange,1,1,423,0,transfer,423,phone,delivery,คนส่ง B
T01189,2026-07-06,09:58,C210,PTT,4,exchange,1,1,160,0,transfer,160,walk_in,pickup,
T01190,2026-07-06,10:12,C072,WP,15,exchange,1,1,423,0,cash,423,phone,delivery,คนส่ง B
T01191,2026-07-06,10:15,C005,WP,15,exchange,1,1,423,0,transfer,423,phone,delivery,คนส่ง B
T01192,2026-07-06,10:27,C194,PTT,15,exchange,3,2,1269,0,credit,0,walk_in,pickup,
T01193,2026-07-06,10:31,C175,SGP,15,exchange,2,2,846,0,cash,846,phone,delivery,คนส่ง B
T01194,2026-07-06,10:34,C179,WP,15,exchange,2,2,846,0,transfer,846,phone,delivery,คนส่ง B
T01195,2026-07-06,10:35,C042,WP,15,exchange,1,1,423,0,transfer,423,line,delivery,คนส่ง A
T01196,2026-07-06,11:35,C195,PTT,15,exchange,3,3,1269,0,transfer,1269,phone,delivery,คนส่ง A
T01197,2026-07-06,11:50,C055,PTT,15,exchange,1,1,423,0,cash,423,phone,delivery,คนส่ง A
T01198,2026-07-06,11:55,C019,PTT,15,exchange,1,1,423,0,cash,423,walk_in,pickup,
T01199,2026-07-06,11:56,C174,SGP,48,exchange,3,3,4050,0,credit,0,phone,delivery,คนส่ง B
T01200,2026-07-06,12:02,C163,UNQ,15,exchange,5,5,2115,0,transfer,2115,phone,delivery,คนส่ง B
T01201,2026-07-06,12:36,C105,WP,15,exchange,1,1,423,0,cash,423,walk_in,pickup,
T01202,2026-07-06,13:33,C171,SGP,48,exchange,3,3,4050,0,transfer,4050,phone,delivery,คนส่ง A
T01203,2026-07-06,13:53,C163,UNQ,15,new_cylinder,1,0,423,1300,transfer,1723,phone,delivery,คนส่ง A
T01204,2026-07-06,13:56,C184,PTT,48,exchange,3,3,4050,0,transfer,4050,walk_in,pickup,
T01205,2026-07-06,14:25,C156,WP,15,exchange,3,3,1269,0,credit,0,walk_in,pickup,
T01206,2026-07-06,15:03,C137,PTT,15,exchange,1,0,423,0,transfer,423,line,delivery,คนส่ง B
T01207,2026-07-06,15:12,C217,SGP,4,exchange,1,1,160,0,cash,160,phone,delivery,คนส่ง A
T01208,2026-07-06,16:02,C128,WP,15,exchange,1,1,423,0,cash,423,phone,delivery,คนส่ง A
T01209,2026-07-06,16:21,C147,WP,15,exchange,1,1,423,0,transfer,423,phone,delivery,คนส่ง A
T01210,2026-07-06,16:27,C178,WP,15,exchange,4,4,1692,0,credit,0,line,delivery,คนส่ง B
T01211,2026-07-06,16:44,C079,UNQ,15,exchange,1,1,423,0,cash,423,walk_in,pickup,
T01212,2026-07-06,16:47,C108,WP,15,exchange,1,1,423,0,transfer,423,phone,delivery,คนส่ง B
T01213,2026-07-06,16:50,C173,WP,48,exchange,2,2,2700,0,transfer,2700,walk_in,pickup,
T01214,2026-07-06,16:54,C134,PTT,15,exchange,1,1,423,0,cash,423,walk_in,pickup,
T01215,2026-07-06,17:16,C183,UNQ,15,exchange,2,2,846,0,credit,0,line,delivery,คนส่ง B
T01216,2026-07-06,17:50,C154,UNQ,48,exchange,4,4,5400,0,transfer,5400,phone,delivery,คนส่ง B
T01217,2026-07-06,17:51,C204,WP,15,exchange,1,1,423,0,credit,0,phone,delivery,คนส่ง B
T01218,2026-07-06,18:51,C193,PTT,48,exchange,2,2,2700,0,credit,0,phone,delivery,คนส่ง B
T01219,2026-07-07,08:34,C170,UNQ,15,exchange,4,4,1692,0,cash,1692,phone,delivery,คนส่ง A
T01220,2026-07-07,10:35,C023,SGP,15,exchange,1,1,423,0,transfer,423,walk_in,pickup,
T01221,2026-07-07,10:43,C180,PTT,15,exchange,5,5,2115,0,cash,2115,phone,delivery,คนส่ง B
T01222,2026-07-07,10:56,C095,WP,15,exchange,1,1,423,0,transfer,423,phone,delivery,คนส่ง A
T01223,2026-07-07,12:26,C144,WP,15,exchange,1,1,423,0,cash,423,phone,delivery,คนส่ง A
T01224,2026-07-07,15:17,C186,UNQ,15,exchange,2,2,846,0,credit,0,walk_in,pickup,
T01225,2026-07-07,16:06,C164,PTT,15,exchange,1,1,423,0,credit,0,walk_in,pickup,
T01226,2026-07-07,16:09,C161,PTT,15,exchange,2,2,846,0,cash,846,walk_in,pickup,
T01227,2026-07-07,18:45,C165,WP,48,exchange,2,2,2700,0,credit,0,phone,delivery,คนส่ง A
T01228,2026-07-08,09:20,C106,PTT,4,exchange,1,1,160,0,transfer,160,phone,delivery,คนส่ง B
T01229,2026-07-08,09:26,C159,WP,15,exchange,5,5,2115,0,cash,2115,phone,delivery,คนส่ง A
T01230,2026-07-08,10:08,C189,WP,48,exchange,2,3,2700,0,cash,2700,line,delivery,คนส่ง B
T01231,2026-07-08,10:19,C182,WP,15,exchange,2,2,846,0,transfer,846,phone,delivery,คนส่ง A
T01232,2026-07-08,10:41,C199,UNQ,15,exchange,1,1,423,0,cash,423,phone,delivery,คนส่ง A
T01233,2026-07-08,11:15,C160,WP,48,exchange,3,3,4050,0,cash,4050,line,delivery,คนส่ง A
T01234,2026-07-08,13:33,C101,WP,15,exchange,1,1,423,0,cash,423,walk_in,pickup,
T01235,2026-07-08,15:48,C214,SGP,15,exchange,1,1,423,0,transfer,423,phone,delivery,คนส่ง A
T01236,2026-07-08,16:05,C191,PTT,15,exchange,6,6,2538,0,credit,0,phone,delivery,คนส่ง B
T01237,2026-07-08,16:10,C208,WP,15,exchange,1,1,423,0,cash,423,phone,delivery,คนส่ง A
T01238,2026-07-08,17:25,C166,PTT,15,exchange,2,2,846,0,credit,0,line,delivery,คนส่ง B
T01239,2026-07-09,07:25,C138,WP,15,exchange,1,1,423,0,transfer,423,walk_in,pickup,
T01240,2026-07-09,07:26,C075,WP,15,new_cylinder,1,0,423,1300,transfer,1723,line,delivery,คนส่ง B
T01241,2026-07-09,07:50,C177,UNQ,48,exchange,4,4,5400,0,credit,0,walk_in,pickup,
T01242,2026-07-09,09:19,C162,PTT,15,exchange,4,4,1692,0,transfer,1692,phone,delivery,คนส่ง A
T01243,2026-07-09,10:55,C216,WP,15,exchange,1,1,423,0,cash,423,phone,delivery,คนส่ง B
T01244,2026-07-09,12:43,C167,UNQ,15,exchange,2,2,846,0,cash,846,phone,delivery,คนส่ง A
T01245,2026-07-09,14:15,C153,WP,48,exchange,3,3,4050,0,credit,0,phone,delivery,คนส่ง B
T01246,2026-07-09,14:41,C192,PTT,15,exchange,2,2,846,0,cash,846,phone,delivery,คนส่ง B
T01247,2026-07-09,15:24,C190,SGP,15,exchange,2,2,846,0,credit,0,phone,delivery,คนส่ง B
T01248,2026-07-09,16:04,C188,SGP,15,exchange,2,2,846,0,credit,0,phone,delivery,คนส่ง A
T01249,2026-07-09,16:23,C158,WP,48,exchange,3,3,4050,0,credit,0,line,delivery,คนส่ง A
T01250,2026-07-09,17:01,C201,WP,4,exchange,1,1,160,0,cash,160,phone,delivery,คนส่ง A
T01251,2026-07-09,18:28,C155,SGP,48,exchange,3,3,4050,0,cash,4050,walk_in,pickup,
T01252,2026-07-09,18:53,C020,UNQ,15,exchange,1,1,423,0,transfer,423,line,delivery,คนส่ง A
T01253,2026-07-10,07:09,C187,WP,48,exchange,2,2,2700,0,transfer,2700,phone,delivery,คนส่ง B
T01254,2026-07-10,07:23,C074,PTT,15,exchange,1,1,423,0,cash,423,walk_in,pickup,
T01255,2026-07-10,09:06,C018,WP,15,exchange,1,1,423,0,transfer,423,line,delivery,คนส่ง B
T01256,2026-07-10,09:13,C163,UNQ,15,exchange,5,5,2115,0,cash,2115,line,delivery,คนส่ง A
T01257,2026-07-10,09:59,C084,PTT,4,exchange,1,1,160,0,cash,160,phone,delivery,คนส่ง B
T01258,2026-07-10,10:50,C203,PTT,4,exchange,1,1,160,0,cash,160,phone,delivery,คนส่ง B
T01259,2026-07-10,10:53,C089,UNQ,15,exchange,1,1,423,0,cash,423,phone,delivery,คนส่ง A
T01260,2026-07-10,11:11,C185,WP,15,exchange,1,1,423,0,credit,0,phone,delivery,คนส่ง B
T01261,2026-07-10,11:47,C014,WP,15,exchange,1,1,423,0,cash,423,phone,delivery,คนส่ง B
T01262,2026-07-10,11:52,C168,WP,48,exchange,3,3,4050,0,credit,0,walk_in,pickup,
T01263,2026-07-10,12:58,C091,PTT,15,exchange,1,1,423,0,transfer,423,walk_in,pickup,
T01264,2026-07-10,13:08,C151,UNQ,48,exchange,2,2,2700,0,transfer,2700,line,delivery,คนส่ง B
T01265,2026-07-10,13:53,C152,UNQ,15,exchange,3,3,1269,0,credit,0,phone,delivery,คนส่ง A
T01266,2026-07-10,15:10,C179,WP,15,exchange,1,1,423,0,cash,423,line,delivery,คนส่ง A
T01267,2026-07-10,15:47,C024,PTT,15,exchange,1,1,423,0,cash,423,line,delivery,คนส่ง A
T01268,2026-07-10,16:13,C157,WP,15,exchange,5,5,2115,0,cash,2115,line,delivery,คนส่ง A
T01269,2026-07-10,16:42,C173,WP,48,exchange,2,2,2700,0,transfer,2700,phone,delivery,คนส่ง A
T01270,2026-07-10,16:59,C184,PTT,48,exchange,2,2,2700,0,transfer,2700,phone,delivery,คนส่ง A
T01271,2026-07-10,17:05,C143,UNQ,15,exchange,1,1,423,0,cash,423,phone,delivery,คนส่ง B
T01272,2026-07-10,17:59,C205,WP,15,exchange,1,1,423,0,cash,423,walk_in,pickup,
T01273,2026-07-11,09:28,C156,WP,15,exchange,2,3,846,0,credit,0,walk_in,pickup,
T01274,2026-07-11,10:42,C008,WP,15,exchange,1,1,423,0,cash,423,walk_in,pickup,
T01275,2026-07-11,11:01,C219,PTT,4,exchange,1,1,160,0,transfer,160,line,delivery,คนส่ง B
T01276,2026-07-11,11:03,C211,WP,4,exchange,1,1,160,0,transfer,160,phone,delivery,คนส่ง B
T01277,2026-07-11,11:13,C176,PTT,15,exchange,1,1,423,0,transfer,423,phone,delivery,คนส่ง A
T01278,2026-07-11,11:37,C213,WP,4,exchange,1,1,160,0,cash,160,walk_in,pickup,
T01279,2026-07-11,11:44,C078,UNQ,4,exchange,1,1,160,0,cash,160,line,delivery,คนส่ง A
T01280,2026-07-11,16:36,C202,WP,4,exchange,1,0,160,0,credit,0,line,delivery,คนส่ง B
T01281,2026-07-11,16:46,C003,PTT,4,exchange,1,1,160,0,cash,160,line,delivery,คนส่ง A
T01282,2026-07-11,17:04,C171,SGP,48,exchange,3,3,4050,0,cash,4050,phone,delivery,คนส่ง B
T01283,2026-07-12,07:14,C051,UNQ,15,new_cylinder,1,0,423,1300,transfer,1723,line,delivery,คนส่ง B
T01284,2026-07-12,07:58,C010,WP,15,exchange,1,1,423,0,cash,423,phone,delivery,คนส่ง A
T01285,2026-07-12,08:14,C183,UNQ,15,exchange,3,2,1269,0,credit,0,phone,delivery,คนส่ง B
T01286,2026-07-12,11:27,C161,PTT,15,exchange,1,1,423,0,cash,423,phone,delivery,คนส่ง B
T01287,2026-07-12,13:43,C017,PTT,15,exchange,1,1,423,0,transfer,423,line,delivery,คนส่ง B
T01288,2026-07-12,14:30,C215,UNQ,4,exchange,1,1,160,0,cash,160,phone,delivery,คนส่ง B
T01289,2026-07-12,15:54,C149,UNQ,15,exchange,1,1,423,0,transfer,423,phone,delivery,คนส่ง B
T01290,2026-07-12,16:07,C170,UNQ,15,exchange,5,5,2115,0,transfer,2115,line,delivery,คนส่ง B
T01291,2026-07-12,16:18,C174,SGP,48,exchange,4,4,5400,0,credit,0,line,delivery,คนส่ง B
T01292,2026-07-12,16:55,C181,WP,15,exchange,2,3,846,0,credit,0,line,delivery,คนส่ง B
T01293,2026-07-13,07:21,C218,WP,15,exchange,1,1,423,0,cash,423,line,delivery,คนส่ง B
T01294,2026-07-13,07:30,C061,WP,15,exchange,1,1,423,0,transfer,423,walk_in,pickup,
T01295,2026-07-13,09:43,C153,WP,48,exchange,4,4,5400,0,credit,0,walk_in,pickup,
T01296,2026-07-13,09:44,C175,SGP,15,exchange,2,2,846,0,cash,846,phone,delivery,คนส่ง A
T01297,2026-07-13,09:51,C100,PTT,15,exchange,1,1,423,0,transfer,423,line,delivery,คนส่ง B
T01298,2026-07-13,10:26,C195,PTT,15,exchange,4,4,1692,0,cash,1692,phone,delivery,คนส่ง A
T01299,2026-07-13,10:28,C164,PTT,15,exchange,4,4,1692,0,credit,0,phone,delivery,คนส่ง A
T01300,2026-07-13,11:30,C165,WP,48,exchange,3,3,4050,0,credit,0,phone,delivery,คนส่ง B
T01301,2026-07-13,11:55,C207,PTT,15,exchange,1,1,423,0,cash,423,walk_in,pickup,
T01302,2026-07-13,13:29,C178,WP,15,exchange,4,5,1692,0,credit,0,line,delivery,คนส่ง B
T01303,2026-07-13,13:35,C182,WP,15,exchange,2,2,846,0,cash,846,phone,delivery,คนส่ง B
T01304,2026-07-13,14:14,C154,UNQ,48,exchange,5,6,6750,0,cash,6750,phone,delivery,คนส่ง A
T01305,2026-07-13,14:27,C194,PTT,15,exchange,3,3,1269,0,credit,0,line,delivery,คนส่ง A
T01306,2026-07-13,14:45,C200,WP,15,exchange,1,1,423,0,cash,423,phone,delivery,คนส่ง B
T01307,2026-07-13,16:36,C193,PTT,48,exchange,2,2,2700,0,credit,0,phone,delivery,คนส่ง A
T01308,2026-07-14,10:03,C187,WP,48,exchange,2,2,2700,0,cash,2700,walk_in,pickup,
T01309,2026-07-14,10:33,C087,WP,15,exchange,1,1,423,0,cash,423,phone,delivery,คนส่ง A
T01310,2026-07-14,10:41,C155,SGP,48,exchange,2,3,2700,0,cash,2700,phone,delivery,คนส่ง A
T01311,2026-07-14,10:48,C063,WP,15,exchange,1,1,423,0,cash,423,line,delivery,คนส่ง B
T01312,2026-07-14,10:51,C196,WP,15,exchange,1,1,423,0,cash,423,walk_in,pickup,
T01313,2026-07-14,13:04,C180,PTT,15,exchange,2,2,846,0,cash,846,walk_in,pickup,
T01314,2026-07-14,15:22,C186,UNQ,15,exchange,2,2,846,0,credit,0,phone,delivery,คนส่ง A
T01315,2026-07-14,15:57,C169,WP,15,return_cylinder,0,5,0,-6500,transfer,-6500,walk_in,pickup,
T01316,2026-07-14,16:53,C166,PTT,15,exchange,3,2,1269,0,credit,0,walk_in,pickup,
T01317,2026-07-14,17:11,C198,SGP,4,exchange,1,1,160,0,transfer,160,walk_in,pickup,
T01318,2026-07-14,18:53,C197,WP,15,exchange,1,1,423,0,transfer,423,phone,delivery,คนส่ง B
T01319,2026-07-15,07:58,C151,UNQ,48,exchange,3,3,4050,0,transfer,4050,phone,delivery,คนส่ง B
T01320,2026-07-15,09:32,C167,UNQ,15,exchange,4,4,1692,0,transfer,1692,phone,delivery,คนส่ง B
T01321,2026-07-15,10:39,C043,WP,15,exchange,1,1,423,0,transfer,423,walk_in,pickup,
T01322,2026-07-15,11:15,C185,WP,15,exchange,1,1,423,0,credit,0,line,delivery,คนส่ง A
T01323,2026-07-15,11:37,C162,PTT,15,exchange,4,4,1692,0,cash,1692,phone,delivery,คนส่ง B
T01324,2026-07-15,12:14,C188,SGP,15,exchange,2,2,846,0,credit,0,walk_in,pickup,
T01325,2026-07-15,12:44,C217,SGP,4,exchange,1,1,160,0,cash,160,line,delivery,คนส่ง B
T01326,2026-07-15,14:01,C190,SGP,15,exchange,2,2,846,0,credit,0,line,delivery,คนส่ง B
T01327,2026-07-15,14:25,C210,PTT,4,exchange,1,1,160,0,transfer,160,phone,delivery,คนส่ง A
T01328,2026-07-15,14:54,C173,WP,48,exchange,4,4,5400,0,transfer,5400,line,delivery,คนส่ง B
T01329,2026-07-15,15:41,C167,UNQ,15,new_cylinder,1,0,423,1300,cash,1723,phone,delivery,คนส่ง A
T01330,2026-07-15,17:33,C152,UNQ,15,exchange,4,4,1692,0,credit,0,phone,delivery,คนส่ง B
T01331,2026-07-15,17:55,C191,PTT,15,exchange,5,4,2115,0,credit,0,phone,delivery,คนส่ง A
T01332,2026-07-16,07:15,C174,SGP,48,exchange,2,2,2700,0,credit,0,phone,delivery,คนส่ง B
T01333,2026-07-16,07:48,C148,PTT,4,exchange,1,1,160,0,cash,160,phone,delivery,คนส่ง A
T01334,2026-07-16,08:04,C168,WP,48,exchange,6,6,8100,0,credit,0,walk_in,pickup,
T01335,2026-07-16,08:25,C181,WP,15,exchange,2,2,846,0,credit,0,line,delivery,คนส่ง A
T01336,2026-07-16,09:28,C160,WP,48,exchange,3,3,4050,0,transfer,4050,phone,delivery,คนส่ง B
T01337,2026-07-16,10:33,C179,WP,15,exchange,3,3,1269,0,transfer,1269,line,delivery,คนส่ง A
T01338,2026-07-16,10:35,C158,WP,48,exchange,4,4,5400,0,credit,0,walk_in,pickup,
T01339,2026-07-16,10:51,C040,UNQ,15,exchange,1,1,423,0,transfer,423,line,delivery,คนส่ง B
T01340,2026-07-16,11:12,C192,PTT,15,exchange,1,1,423,0,transfer,423,walk_in,pickup,
T01341,2026-07-16,11:20,C177,UNQ,48,exchange,4,4,5400,0,credit,0,phone,delivery,คนส่ง A
T01342,2026-07-16,11:40,C038,SGP,15,exchange,1,2,423,0,cash,423,line,delivery,คนส่ง A
T01343,2026-07-16,16:22,C203,PTT,4,exchange,1,1,160,0,transfer,160,phone,delivery,คนส่ง A
T01344,2026-07-16,16:33,C157,WP,15,exchange,3,3,1269,0,transfer,1269,line,delivery,คนส่ง B
T01345,2026-07-16,17:16,C189,WP,48,exchange,2,2,2700,0,transfer,2700,walk_in,pickup,
T01346,2026-07-16,17:37,C159,WP,15,exchange,2,2,846,0,transfer,846,phone,delivery,คนส่ง B
T01347,2026-07-16,17:48,C117,PTT,4,exchange,1,1,160,0,cash,160,phone,delivery,คนส่ง A
T01348,2026-07-17,07:10,C176,PTT,15,exchange,5,6,2115,0,cash,2115,phone,delivery,คนส่ง A
T01349,2026-07-17,07:27,C219,PTT,4,exchange,1,1,160,0,transfer,160,phone,delivery,คนส่ง B
T01350,2026-07-17,08:34,C156,WP,15,exchange,1,1,423,0,credit,0,walk_in,pickup,
T01351,2026-07-17,10:32,C030,PTT,15,exchange,1,1,423,0,transfer,423,phone,delivery,คนส่ง B
T01352,2026-07-17,11:58,C052,WP,15,exchange,1,1,423,0,cash,423,phone,delivery,คนส่ง B
T01353,2026-07-17,14:09,C163,UNQ,15,exchange,3,3,1269,0,transfer,1269,line,delivery,คนส่ง A
T01354,2026-07-17,16:12,C208,WP,15,exchange,1,1,423,0,cash,423,line,delivery,คนส่ง A
T01355,2026-07-18,07:47,C199,UNQ,15,exchange,1,0,423,0,cash,423,phone,delivery,คนส่ง A
T01356,2026-07-18,09:34,C182,WP,15,exchange,2,2,846,0,transfer,846,phone,delivery,คนส่ง A
T01357,2026-07-18,10:02,C220,PTT,15,exchange,1,1,423,0,transfer,423,phone,delivery,คนส่ง B
T01358,2026-07-18,11:03,C201,WP,4,exchange,1,1,160,0,cash,160,line,delivery,คนส่ง B
T01359,2026-07-18,11:54,C184,PTT,48,exchange,4,3,5400,0,cash,5400,phone,delivery,คนส่ง A
T01360,2026-07-18,12:22,C183,UNQ,15,exchange,2,3,846,0,credit,0,phone,delivery,คนส่ง A
T01361,2026-07-18,13:02,C171,SGP,48,exchange,4,4,5400,0,cash,5400,phone,delivery,คนส่ง A
T01362,2026-07-18,13:10,C213,WP,4,exchange,1,1,160,0,transfer,160,phone,delivery,คนส่ง A
T01363,2026-07-18,15:56,C178,WP,15,exchange,3,3,1269,0,credit,0,phone,delivery,คนส่ง B
T01364,2026-07-18,16:02,C165,WP,48,exchange,4,4,5400,0,credit,0,phone,delivery,คนส่ง B
T01365,2026-07-18,16:41,C015,UNQ,15,exchange,1,1,423,0,cash,423,phone,delivery,คนส่ง A
T01366,2026-07-19,08:34,C170,UNQ,15,exchange,4,4,1692,0,cash,1692,phone,delivery,คนส่ง B
T01367,2026-07-19,09:26,C139,WP,15,exchange,1,1,423,0,cash,423,line,delivery,คนส่ง A
T01368,2026-07-19,11:44,C204,WP,15,exchange,1,1,423,0,credit,0,walk_in,pickup,
T01369,2026-07-19,15:36,C175,SGP,15,exchange,1,1,423,0,cash,423,phone,delivery,คนส่ง A
T01370,2026-07-20,07:38,C195,PTT,15,exchange,3,3,1269,0,transfer,1269,phone,delivery,คนส่ง A
T01371,2026-07-20,08:10,C173,WP,48,exchange,3,3,4050,0,transfer,4050,walk_in,pickup,
T01372,2026-07-20,08:15,C166,PTT,15,exchange,4,5,1692,0,credit,0,line,delivery,คนส่ง A
T01373,2026-07-20,10:52,C214,SGP,15,exchange,1,1,423,0,transfer,423,phone,delivery,คนส่ง B
T01374,2026-07-20,11:19,C153,WP,48,exchange,6,6,8100,0,credit,0,phone,delivery,คนส่ง A
T01375,2026-07-20,12:14,C164,PTT,15,exchange,3,3,1269,0,credit,0,phone,delivery,คนส่ง A
T01376,2026-07-20,12:26,C185,WP,15,exchange,2,2,846,0,credit,0,phone,delivery,คนส่ง A
T01377,2026-07-20,12:30,C187,WP,48,exchange,2,2,2700,0,cash,2700,phone,delivery,คนส่ง B
T01378,2026-07-20,12:48,C180,PTT,15,exchange,3,3,1269,0,transfer,1269,phone,delivery,คนส่ง B
T01379,2026-07-20,13:23,C193,PTT,48,exchange,2,2,2700,0,credit,0,line,delivery,คนส่ง B
T01380,2026-07-20,14:48,C035,UNQ,15,exchange,1,1,423,0,transfer,423,walk_in,pickup,
T01381,2026-07-20,15:00,C161,PTT,15,exchange,2,1,846,0,cash,846,line,delivery,คนส่ง B
T01382,2026-07-20,15:38,C034,UNQ,15,exchange,1,1,423,0,transfer,423,walk_in,pickup,
T01383,2026-07-20,15:41,C111,WP,15,exchange,1,1,423,0,cash,423,phone,delivery,คนส่ง B
T01384,2026-07-20,16:11,C186,UNQ,15,exchange,2,2,846,0,credit,0,phone,delivery,คนส่ง B
T01385,2026-07-20,16:40,C202,WP,4,exchange,1,1,160,0,credit,0,phone,delivery,คนส่ง A
T01386,2026-07-20,16:41,C162,PTT,15,exchange,4,4,1692,0,cash,1692,phone,delivery,คนส่ง A
T01387,2026-07-20,16:53,C211,WP,4,exchange,1,1,160,0,cash,160,phone,delivery,คนส่ง A
T01388,2026-07-21,07:10,C205,WP,15,exchange,1,1,423,0,transfer,423,walk_in,pickup,
T01389,2026-07-21,07:27,C155,SGP,48,exchange,1,1,1350,0,transfer,1350,phone,delivery,คนส่ง B
T01390,2026-07-21,09:00,C056,WP,15,exchange,1,2,423,0,transfer,423,phone,delivery,คนส่ง A
T01391,2026-07-21,10:09,C190,SGP,15,exchange,2,2,846,0,credit,0,phone,delivery,คนส่ง B
T01392,2026-07-21,10:10,C215,UNQ,4,exchange,1,1,160,0,transfer,160,line,delivery,คนส่ง B
T01393,2026-07-21,10:22,C177,UNQ,48,exchange,1,1,1350,0,credit,0,walk_in,pickup,
T01394,2026-07-21,11:20,C152,UNQ,15,exchange,2,3,846,0,credit,0,phone,delivery,คนส่ง A
T01395,2026-07-21,11:29,C154,UNQ,48,exchange,2,2,2700,0,cash,2700,phone,delivery,คนส่ง A
T01396,2026-07-21,11:32,C157,WP,15,exchange,6,6,2538,0,cash,2538,walk_in,pickup,
T01397,2026-07-21,11:38,C054,UNQ,4,exchange,1,0,160,0,cash,160,line,delivery,คนส่ง B
T01398,2026-07-21,12:36,C179,WP,15,exchange,2,1,846,0,transfer,846,phone,delivery,คนส่ง A
T01399,2026-07-21,14:00,C194,PTT,15,exchange,2,2,846,0,credit,0,line,delivery,คนส่ง A
T01400,2026-07-21,16:20,C151,UNQ,48,exchange,2,2,2700,0,cash,2700,phone,delivery,คนส่ง B
T01401,2026-07-22,07:32,C156,WP,15,exchange,2,2,846,0,credit,0,line,delivery,คนส่ง A
T01402,2026-07-22,09:31,C191,PTT,15,exchange,3,4,1269,0,credit,0,phone,delivery,คนส่ง A
T01403,2026-07-22,10:12,C167,UNQ,15,exchange,2,1,846,0,transfer,846,line,delivery,คนส่ง B
T01404,2026-07-22,10:47,C026,WP,15,exchange,1,1,423,0,transfer,423,walk_in,pickup,
T01405,2026-07-22,11:00,C125,WP,15,exchange,1,1,423,0,cash,423,phone,delivery,คนส่ง B
T01406,2026-07-22,11:00,C216,WP,15,exchange,1,1,423,0,cash,423,walk_in,pickup,
T01407,2026-07-22,11:14,C158,WP,48,exchange,3,3,4050,0,credit,0,phone,delivery,คนส่ง B
T01408,2026-07-22,11:16,C163,UNQ,15,exchange,3,3,1269,0,cash,1269,phone,delivery,คนส่ง A
T01409,2026-07-22,11:51,C102,PTT,4,exchange,1,1,160,0,transfer,160,phone,delivery,คนส่ง B
T01410,2026-07-22,13:45,C218,WP,15,exchange,1,1,423,0,cash,423,line,delivery,คนส่ง A
T01411,2026-07-22,13:50,C176,PTT,15,exchange,3,3,1269,0,transfer,1269,phone,delivery,คนส่ง A
T01412,2026-07-22,14:06,C203,PTT,4,exchange,1,1,160,0,transfer,160,phone,delivery,คนส่ง A
T01413,2026-07-22,14:32,C049,PTT,15,exchange,1,1,423,0,transfer,423,walk_in,pickup,
T01414,2026-07-22,15:11,C174,SGP,48,exchange,3,3,4050,0,credit,0,phone,delivery,คนส่ง B
T01415,2026-07-22,15:26,C189,WP,48,exchange,2,2,2700,0,cash,2700,line,delivery,คนส่ง B
T01416,2026-07-22,15:37,C207,PTT,15,exchange,1,1,423,0,cash,423,phone,delivery,คนส่ง B
T01417,2026-07-22,16:15,C004,SGP,15,exchange,1,1,423,0,cash,423,phone,delivery,คนส่ง B
T01418,2026-07-22,16:16,C168,WP,48,exchange,5,5,6750,0,credit,0,line,delivery,คนส่ง B
T01419,2026-07-22,17:21,C159,WP,15,exchange,4,4,1692,0,transfer,1692,walk_in,pickup,
T01420,2026-07-22,17:29,C150,UNQ,15,exchange,1,1,423,0,transfer,423,phone,delivery,คนส่ง A
T01421,2026-07-22,17:54,C192,PTT,15,exchange,2,2,846,0,cash,846,walk_in,pickup,
T01422,2026-07-23,08:48,C160,WP,48,exchange,2,2,2700,0,transfer,2700,walk_in,pickup,
T01423,2026-07-23,10:17,C183,UNQ,15,exchange,1,1,423,0,credit,0,phone,delivery,คนส่ง B
T01424,2026-07-23,11:01,C103,PTT,15,new_cylinder,1,0,423,1300,transfer,1723,phone,delivery,คนส่ง B
T01425,2026-07-23,11:52,C197,WP,15,exchange,1,1,423,0,cash,423,walk_in,pickup,
T01426,2026-07-23,14:20,C011,WP,15,exchange,1,1,423,0,cash,423,phone,delivery,คนส่ง A
T01427,2026-07-24,08:03,C200,WP,15,exchange,1,1,423,0,cash,423,line,delivery,คนส่ง B
T01428,2026-07-24,08:48,C182,WP,15,exchange,2,2,846,0,cash,846,line,delivery,คนส่ง B
T01429,2026-07-24,08:59,C181,WP,15,exchange,2,2,846,0,credit,0,walk_in,pickup,
T01430,2026-07-24,09:24,C175,SGP,15,exchange,2,2,846,0,cash,846,phone,delivery,คนส่ง B
T01431,2026-07-24,10:47,C145,PTT,15,exchange,1,1,423,0,transfer,423,phone,delivery,คนส่ง B
T01432,2026-07-24,10:47,C165,WP,48,exchange,2,2,2700,0,credit,0,phone,delivery,คนส่ง B
T01433,2026-07-24,11:38,C184,PTT,48,exchange,2,3,2700,0,transfer,2700,walk_in,pickup,
T01434,2026-07-24,11:59,C164,PTT,15,exchange,3,3,1269,0,credit,0,phone,delivery,คนส่ง A
T01435,2026-07-24,16:19,C171,SGP,48,exchange,3,3,4050,0,transfer,4050,walk_in,pickup,
T01436,2026-07-25,07:09,C012,WP,15,exchange,1,1,423,0,transfer,423,phone,delivery,คนส่ง A
T01437,2026-07-25,07:28,C028,PTT,4,exchange,1,1,160,0,cash,160,phone,delivery,คนส่ง B
T01438,2026-07-25,07:30,C132,WP,15,exchange,1,1,423,0,transfer,423,walk_in,pickup,
T01439,2026-07-25,09:23,C208,WP,15,exchange,1,1,423,0,cash,423,walk_in,pickup,
T01440,2026-07-25,09:31,C064,PTT,15,exchange,1,0,423,0,transfer,423,phone,delivery,คนส่ง A
T01441,2026-07-25,10:48,C180,PTT,15,exchange,4,4,1692,0,cash,1692,phone,delivery,คนส่ง A
T01442,2026-07-25,11:39,C195,PTT,15,exchange,4,4,1692,0,transfer,1692,phone,delivery,คนส่ง A
T01443,2026-07-25,14:04,C153,WP,48,exchange,5,5,6750,0,credit,0,line,delivery,คนส่ง B
T01444,2026-07-25,14:56,C217,SGP,4,exchange,1,1,160,0,cash,160,walk_in,pickup,
T01445,2026-07-25,17:28,C196,WP,15,exchange,1,1,423,0,transfer,423,phone,delivery,คนส่ง B
T01446,2026-07-25,17:52,C161,PTT,15,exchange,2,3,846,0,transfer,846,line,delivery,คนส่ง B
T01447,2026-07-26,09:33,C187,WP,48,exchange,2,2,2700,0,cash,2700,line,delivery,คนส่ง A
T01448,2026-07-26,10:33,C186,UNQ,15,exchange,3,3,1269,0,credit,0,line,delivery,คนส่ง A
T01449,2026-07-26,11:12,C163,UNQ,15,exchange,4,4,1692,0,transfer,1692,line,delivery,คนส่ง B
T01450,2026-07-26,11:53,C198,SGP,4,exchange,1,1,160,0,transfer,160,walk_in,pickup,
T01451,2026-07-26,16:05,C174,SGP,48,exchange,3,3,4050,0,credit,0,phone,delivery,คนส่ง B
T01452,2026-07-27,08:15,C189,WP,48,exchange,2,2,2700,0,transfer,2700,phone,delivery,คนส่ง B
T01453,2026-07-27,08:54,C185,WP,15,exchange,1,1,423,0,credit,0,walk_in,pickup,
T01454,2026-07-27,09:08,C112,WP,15,exchange,1,1,423,0,transfer,423,line,delivery,คนส่ง B
T01455,2026-07-27,09:37,C073,PTT,15,exchange,1,1,423,0,cash,423,phone,delivery,คนส่ง A
T01456,2026-07-27,09:47,C170,UNQ,15,exchange,4,4,1692,0,transfer,1692,walk_in,pickup,
T01457,2026-07-27,09:59,C179,WP,15,exchange,2,3,846,0,transfer,846,phone,delivery,คนส่ง B
T01458,2026-07-27,10:20,C202,WP,4,exchange,1,1,160,0,credit,0,phone,delivery,คนส่ง B
T01459,2026-07-27,11:30,C166,PTT,15,exchange,2,2,846,0,credit,0,phone,delivery,คนส่ง A
T01460,2026-07-27,11:42,C210,PTT,4,exchange,1,1,160,0,cash,160,phone,delivery,คนส่ง A
T01461,2026-07-27,14:09,C177,UNQ,48,exchange,4,4,5400,0,credit,0,line,delivery,คนส่ง B
T01462,2026-07-27,14:25,C162,PTT,15,exchange,2,2,846,0,transfer,846,walk_in,pickup,
T01463,2026-07-27,14:38,C178,WP,15,exchange,3,3,1269,0,credit,0,walk_in,pickup,
T01464,2026-07-27,14:53,C062,WP,15,exchange,1,1,423,0,transfer,423,phone,delivery,คนส่ง A
T01465,2026-07-27,14:59,C031,WP,15,exchange,1,1,423,0,cash,423,walk_in,pickup,
T01466,2026-07-27,15:17,C059,WP,4,exchange,1,1,160,0,cash,160,line,delivery,คนส่ง A
T01467,2026-07-27,15:58,C159,WP,15,exchange,5,5,2115,0,transfer,2115,walk_in,pickup,
T01468,2026-07-27,16:42,C173,WP,48,exchange,4,4,5400,0,transfer,5400,phone,delivery,คนส่ง A
T01469,2026-07-27,16:54,C001,SGP,15,exchange,1,1,423,0,transfer,423,phone,delivery,คนส่ง B
T01470,2026-07-27,17:44,C154,UNQ,48,exchange,2,2,2700,0,transfer,2700,phone,delivery,คนส่ง A
T01471,2026-07-27,17:45,C164,PTT,15,exchange,2,2,846,0,credit,0,phone,delivery,คนส่ง A
T01472,2026-07-27,18:23,C193,PTT,48,exchange,2,2,2700,0,credit,0,line,delivery,คนส่ง A
T01473,2026-07-28,07:06,C220,PTT,15,exchange,1,1,423,0,cash,423,walk_in,pickup,
T01474,2026-07-28,08:04,C152,UNQ,15,exchange,4,4,1692,0,credit,0,phone,delivery,คนส่ง A
T01475,2026-07-28,08:45,C213,WP,4,exchange,1,1,160,0,transfer,160,walk_in,pickup,
T01476,2026-07-28,10:11,C157,WP,15,exchange,4,4,1692,0,transfer,1692,phone,delivery,คนส่ง A
T01477,2026-07-28,10:29,C190,SGP,15,exchange,3,3,1269,0,credit,0,walk_in,pickup,
T01478,2026-07-28,10:36,C201,WP,4,exchange,1,1,160,0,transfer,160,phone,delivery,คนส่ง A
T01479,2026-07-28,11:29,C194,PTT,15,exchange,5,5,2115,0,credit,0,phone,delivery,คนส่ง A
T01480,2026-07-28,11:29,C199,UNQ,15,exchange,1,2,423,0,cash,423,phone,delivery,คนส่ง A
T01481,2026-07-28,12:08,C204,WP,15,exchange,1,1,423,0,credit,0,line,delivery,คนส่ง B
T01482,2026-07-28,12:22,C021,PTT,15,exchange,1,1,423,0,transfer,423,phone,delivery,คนส่ง B
T01483,2026-07-28,12:28,C184,PTT,48,exchange,3,3,4050,0,cash,4050,walk_in,pickup,
T01484,2026-07-28,12:49,C002,SGP,15,exchange,1,1,423,0,cash,423,walk_in,pickup,
T01485,2026-07-28,13:22,C183,UNQ,15,exchange,1,1,423,0,credit,0,phone,delivery,คนส่ง A
T01486,2026-07-28,14:31,C158,WP,48,exchange,4,4,5400,0,credit,0,line,delivery,คนส่ง A
T01487,2026-07-28,14:33,C155,SGP,48,exchange,2,2,2700,0,cash,2700,walk_in,pickup,
T01488,2026-07-28,15:17,C165,WP,48,exchange,2,2,2700,0,credit,0,walk_in,pickup,
T01489,2026-07-28,15:55,C209,WP,4,new_cylinder,2,0,320,1400,transfer,1720,phone,delivery,คนส่ง A
T01490,2026-07-29,08:51,C168,WP,48,exchange,5,5,6750,0,credit,0,walk_in,pickup,
T01491,2026-07-29,09:08,C161,PTT,15,exchange,1,1,423,0,cash,423,phone,delivery,คนส่ง A
T01492,2026-07-29,10:31,C167,UNQ,15,exchange,3,3,1269,0,cash,1269,phone,delivery,คนส่ง B
T01493,2026-07-29,10:38,C192,PTT,15,exchange,1,1,423,0,transfer,423,walk_in,pickup,
T01494,2026-07-29,10:38,C219,PTT,4,exchange,1,1,160,0,transfer,160,line,delivery,คนส่ง B
T01495,2026-07-29,11:06,C214,SGP,15,exchange,1,1,423,0,cash,423,walk_in,pickup,
T01496,2026-07-29,11:12,C186,UNQ,15,exchange,2,2,846,0,credit,0,phone,delivery,คนส่ง B
T01497,2026-07-29,11:18,C007,SGP,15,exchange,1,1,423,0,cash,423,phone,delivery,คนส่ง A
T01498,2026-07-29,14:50,C156,WP,15,exchange,2,2,846,0,credit,0,phone,delivery,คนส่ง B
T01499,2026-07-29,15:32,C160,WP,48,exchange,3,3,4050,0,cash,4050,phone,delivery,คนส่ง A
T01500,2026-07-29,15:35,C006,PTT,15,exchange,1,1,423,0,cash,423,line,delivery,คนส่ง B
T01501,2026-07-29,16:17,C151,UNQ,48,exchange,2,2,2700,0,transfer,2700,walk_in,pickup,
T01502,2026-07-29,17:03,C182,WP,15,exchange,1,1,423,0,cash,423,phone,delivery,คนส่ง A
T01503,2026-07-29,17:09,C181,WP,15,exchange,3,3,1269,0,credit,0,line,delivery,คนส่ง B
T01504,2026-07-30,09:38,C044,WP,15,exchange,1,1,423,0,transfer,423,line,delivery,คนส่ง B
T01505,2026-07-30,09:43,C180,PTT,15,exchange,2,1,846,0,transfer,846,phone,delivery,คนส่ง A
T01506,2026-07-30,10:04,C046,WP,15,exchange,1,0,423,0,cash,423,line,delivery,คนส่ง A
T01507,2026-07-30,10:35,C175,SGP,15,exchange,2,2,846,0,transfer,846,line,delivery,คนส่ง B
T01508,2026-07-30,10:57,C171,SGP,48,exchange,3,3,4050,0,transfer,4050,phone,delivery,คนส่ง B
T01509,2026-07-30,11:20,C080,WP,15,new_cylinder,1,0,423,1300,cash,1723,phone,delivery,คนส่ง B
T01510,2026-07-30,14:07,C179,WP,15,exchange,2,2,846,0,cash,846,walk_in,pickup,
T01511,2026-07-30,16:25,C123,WP,15,exchange,1,1,423,0,transfer,423,walk_in,pickup,
T01512,2026-07-30,16:34,C060,SGP,15,exchange,1,1,423,0,cash,423,phone,delivery,คนส่ง A
T01513,2026-07-30,16:49,C176,PTT,15,exchange,5,5,2115,0,cash,2115,phone,delivery,คนส่ง B
T01514,2026-07-30,17:04,C215,UNQ,4,exchange,1,1,160,0,transfer,160,phone,delivery,คนส่ง A
T01515,2026-07-31,08:05,C113,WP,15,exchange,1,1,423,0,cash,423,phone,delivery,คนส่ง A
T01516,2026-07-31,08:22,C174,SGP,48,exchange,4,4,5400,0,credit,0,phone,delivery,คนส่ง A
T01517,2026-07-31,09:27,C029,WP,15,exchange,1,1,423,0,cash,423,walk_in,pickup,
T01518,2026-07-31,09:43,C203,PTT,4,exchange,1,1,160,0,cash,160,phone,delivery,คนส่ง A
T01519,2026-07-31,13:36,C191,PTT,15,exchange,5,5,2115,0,credit,0,walk_in,pickup,
T01520,2026-07-31,13:38,C218,WP,15,exchange,1,1,423,0,cash,423,phone,delivery,คนส่ง A
T01521,2026-07-31,14:51,C096,WP,15,exchange,1,0,423,0,transfer,423,phone,delivery,คนส่ง A
T01522,2026-07-31,15:28,C153,WP,48,exchange,3,3,4050,0,credit,0,walk_in,pickup,
T01523,2026-07-31,16:00,C065,SGP,15,exchange,1,1,423,0,cash,423,walk_in,pickup,
T01524,2026-08-01,08:07,C032,UNQ,15,exchange,1,1,423,0,cash,423,phone,delivery,คนส่ง A
T01525,2026-08-01,08:18,C067,PTT,4,exchange,1,1,160,0,cash,160,walk_in,pickup,
T01526,2026-08-01,09:20,C173,WP,48,exchange,3,3,4050,0,transfer,4050,walk_in,pickup,
T01527,2026-08-01,10:16,C129,WP,15,exchange,1,1,423,0,cash,423,line,delivery,คนส่ง B
T01528,2026-08-01,10:28,C207,PTT,15,exchange,1,1,423,0,transfer,423,line,delivery,คนส่ง A
T01529,2026-08-01,10:49,C200,WP,15,exchange,1,1,423,0,transfer,423,line,delivery,คนส่ง B
T01530,2026-08-01,11:37,C162,PTT,15,exchange,2,2,846,0,cash,846,phone,delivery,คนส่ง B
T01531,2026-08-01,15:18,C205,WP,15,exchange,1,1,423,0,transfer,423,walk_in,pickup,
T01532,2026-08-01,15:40,C189,WP,48,exchange,3,3,4050,0,cash,4050,phone,delivery,คนส่ง B
T01533,2026-08-01,15:58,C170,UNQ,15,exchange,3,4,1269,0,cash,1269,phone,delivery,คนส่ง B
T01534,2026-08-01,16:11,C083,UNQ,15,exchange,1,1,423,0,cash,423,phone,delivery,คนส่ง A
T01535,2026-08-01,16:44,C039,PTT,15,exchange,1,1,423,0,transfer,423,walk_in,pickup,
T01536,2026-08-02,10:13,C187,WP,48,exchange,2,2,2700,0,transfer,2700,walk_in,pickup,
T01537,2026-08-02,12:07,C195,PTT,15,exchange,3,3,1269,0,transfer,1269,walk_in,pickup,
T01538,2026-08-02,13:30,C217,SGP,4,exchange,1,1,160,0,transfer,160,walk_in,pickup,
T01539,2026-08-02,13:47,C050,SGP,15,exchange,1,1,423,0,cash,423,phone,delivery,คนส่ง A
T01540,2026-08-02,15:50,C211,WP,4,exchange,1,1,160,0,cash,160,line,delivery,คนส่ง B
T01541,2026-08-03,07:16,C082,UNQ,15,exchange,1,1,423,0,cash,423,line,delivery,คนส่ง A
T01542,2026-08-03,08:02,C142,PTT,15,exchange,1,2,423,0,transfer,423,phone,delivery,คนส่ง B
T01543,2026-08-03,08:06,C013,PTT,15,exchange,1,1,423,0,cash,423,line,delivery,คนส่ง B
T01544,2026-08-03,08:37,C185,WP,15,exchange,1,1,423,0,credit,0,walk_in,pickup,
T01545,2026-08-03,08:55,C071,UNQ,15,exchange,1,1,423,0,transfer,423,phone,delivery,คนส่ง B
T01546,2026-08-03,09:01,C168,WP,48,exchange,4,4,5400,0,credit,0,line,delivery,คนส่ง B
T01547,2026-08-03,09:26,C183,UNQ,15,exchange,4,4,1692,0,credit,0,line,delivery,คนส่ง A
T01548,2026-08-03,09:51,C216,WP,15,exchange,1,1,423,0,cash,423,walk_in,pickup,
T01549,2026-08-03,10:52,C164,PTT,15,exchange,4,4,1692,0,credit,0,phone,delivery,คนส่ง B
T01550,2026-08-03,11:21,C184,PTT,48,exchange,4,4,5400,0,transfer,5400,line,delivery,คนส่ง A
T01551,2026-08-03,11:32,C092,WP,15,new_cylinder,1,0,423,1300,transfer,1723,phone,delivery,คนส่ง A
T01552,2026-08-03,11:45,C161,PTT,15,exchange,1,1,423,0,transfer,423,line,delivery,คนส่ง A
T01553,2026-08-03,13:38,C154,UNQ,48,exchange,2,2,2700,0,transfer,2700,walk_in,pickup,
T01554,2026-08-03,14:28,C158,WP,48,exchange,3,3,4050,0,credit,0,phone,delivery,คนส่ง B
T01555,2026-08-03,14:30,C159,WP,15,exchange,2,2,846,0,cash,846,phone,delivery,คนส่ง B
T01556,2026-08-03,15:23,C131,SGP,15,exchange,1,1,423,0,cash,423,phone,delivery,คนส่ง A
T01557,2026-08-03,15:45,C194,PTT,15,exchange,4,4,1692,0,credit,0,walk_in,pickup,
T01558,2026-08-03,15:46,C036,WP,15,exchange,1,1,423,0,transfer,423,walk_in,pickup,
T01559,2026-08-03,16:18,C152,UNQ,15,exchange,4,4,1692,0,credit,0,walk_in,pickup,
T01560,2026-08-03,16:50,C160,WP,48,exchange,3,3,4050,0,cash,4050,phone,delivery,คนส่ง B
T01561,2026-08-03,16:51,C163,UNQ,15,exchange,6,5,2538,0,transfer,2538,phone,delivery,คนส่ง B
T01562,2026-08-03,17:03,C167,UNQ,15,exchange,6,7,2538,0,cash,2538,phone,delivery,คนส่ง A
T01563,2026-08-03,17:45,C208,WP,15,exchange,1,1,423,0,transfer,423,walk_in,pickup,
T01564,2026-08-03,18:06,C098,WP,15,exchange,1,1,423,0,cash,423,line,delivery,คนส่ง B
T01565,2026-08-03,18:24,C182,WP,15,exchange,2,2,846,0,transfer,846,phone,delivery,คนส่ง B
T01566,2026-08-03,18:32,C116,SGP,15,exchange,1,1,423,0,cash,423,phone,delivery,คนส่ง A
T01567,2026-08-04,07:45,C190,SGP,15,exchange,3,3,1269,0,credit,0,phone,delivery,คนส่ง A
T01568,2026-08-04,08:18,C213,WP,4,exchange,1,1,160,0,transfer,160,walk_in,pickup,
T01569,2026-08-04,09:09,C165,WP,48,exchange,2,2,2700,0,credit,0,walk_in,pickup,
T01570,2026-08-04,09:12,C196,WP,15,exchange,1,1,423,0,cash,423,walk_in,pickup,
T01571,2026-08-04,10:42,C193,PTT,48,exchange,2,2,2700,0,credit,0,line,delivery,คนส่ง B
T01572,2026-08-04,10:49,C093,UNQ,15,exchange,1,1,423,0,cash,423,phone,delivery,คนส่ง A
T01573,2026-08-04,10:57,C104,UNQ,15,exchange,1,1,423,0,cash,423,line,delivery,คนส่ง B
T01574,2026-08-04,11:15,C166,PTT,15,exchange,2,2,846,0,credit,0,walk_in,pickup,
T01575,2026-08-04,11:49,C153,WP,48,exchange,6,5,8100,0,credit,0,line,delivery,คนส่ง B
T01576,2026-08-04,14:06,C178,WP,15,exchange,3,3,1269,0,credit,0,phone,delivery,คนส่ง A
T01577,2026-08-04,14:32,C177,UNQ,48,exchange,2,2,2700,0,credit,0,line,delivery,คนส่ง B
T01578,2026-08-04,15:10,C097,WP,15,exchange,1,1,423,0,cash,423,walk_in,pickup,
T01579,2026-08-04,16:19,C068,PTT,15,exchange,1,1,423,0,transfer,423,walk_in,pickup,
T01580,2026-08-04,16:36,C155,SGP,48,exchange,4,4,5400,0,cash,5400,walk_in,pickup,
T01581,2026-08-04,16:59,C151,UNQ,48,exchange,3,3,4050,0,cash,4050,walk_in,pickup,
T01582,2026-08-04,17:03,C171,SGP,48,exchange,2,2,2700,0,cash,2700,line,delivery,คนส่ง A
T01583,2026-08-04,17:41,C175,SGP,15,exchange,3,3,1269,0,transfer,1269,phone,delivery,คนส่ง A
T01584,2026-08-05,07:30,C048,UNQ,15,exchange,1,0,423,0,transfer,423,line,delivery,คนส่ง A
T01585,2026-08-05,07:36,C191,PTT,15,exchange,2,2,846,0,credit,0,phone,delivery,คนส่ง A
T01586,2026-08-05,10:01,C176,PTT,15,exchange,4,4,1692,0,cash,1692,walk_in,pickup,
T01587,2026-08-05,10:14,C099,WP,15,exchange,1,1,423,0,cash,423,phone,delivery,คนส่ง A
T01588,2026-08-05,12:53,C197,WP,15,exchange,1,1,423,0,cash,423,line,delivery,คนส่ง B
T01589,2026-08-05,13:50,C174,SGP,48,exchange,4,4,5400,0,credit,0,walk_in,pickup,
T01590,2026-08-05,13:55,C209,WP,4,exchange,1,1,160,0,transfer,160,walk_in,pickup,
T01591,2026-08-05,16:20,C192,PTT,15,exchange,2,2,846,0,transfer,846,phone,delivery,คนส่ง B
T01592,2026-08-05,16:43,C181,WP,15,exchange,3,3,1269,0,credit,0,line,delivery,คนส่ง A
T01593,2026-08-05,17:17,C076,WP,15,exchange,1,1,423,0,cash,423,phone,delivery,คนส่ง B
T01594,2026-08-05,18:33,C157,WP,15,exchange,1,1,423,0,cash,423,phone,delivery,คนส่ง A
T01595,2026-08-06,09:17,C180,PTT,15,exchange,1,1,423,0,transfer,423,line,delivery,คนส่ง A
T01596,2026-08-06,10:40,C141,SGP,15,exchange,1,1,423,0,cash,423,phone,delivery,คนส่ง A
T01597,2026-08-06,10:53,C198,SGP,4,exchange,1,1,160,0,transfer,160,phone,delivery,คนส่ง B
T01598,2026-08-06,11:43,C009,SGP,15,exchange,1,1,423,0,cash,423,phone,delivery,คนส่ง A
T01599,2026-08-06,12:21,C162,PTT,15,exchange,4,4,1692,0,transfer,1692,phone,delivery,คนส่ง B
T01600,2026-08-06,13:36,C179,WP,15,exchange,2,1,846,0,cash,846,phone,delivery,คนส่ง B
T01601,2026-08-06,14:36,C212,SGP,15,new_cylinder,2,0,846,2600,cash,3446,walk_in,pickup,
T01602,2026-08-06,14:51,C107,UNQ,15,exchange,1,1,423,0,cash,423,line,delivery,คนส่ง A
T01603,2026-08-06,15:27,C135,PTT,15,exchange,1,1,423,0,cash,423,line,delivery,คนส่ง B
T01604,2026-08-06,16:16,C186,UNQ,15,exchange,2,2,846,0,credit,0,walk_in,pickup,
T01605,2026-08-06,16:23,C199,UNQ,15,exchange,1,1,423,0,cash,423,walk_in,pickup,
T01606,2026-08-06,16:25,C137,PTT,15,exchange,1,2,423,0,cash,423,walk_in,pickup,
T01607,2026-08-06,16:27,C156,WP,15,exchange,2,2,846,0,credit,0,line,delivery,คนส่ง B
T01608,2026-08-06,16:34,C202,WP,4,exchange,1,2,160,0,credit,0,phone,delivery,คนส่ง B
T01609,2026-08-06,17:29,C167,UNQ,15,exchange,3,3,1269,0,cash,1269,walk_in,pickup,
T01610,2026-08-07,08:17,C214,SGP,15,exchange,1,1,423,0,transfer,423,phone,delivery,คนส่ง A
T01611,2026-08-07,08:20,C200,WP,15,exchange,1,1,423,0,cash,423,line,delivery,คนส่ง B
T01612,2026-08-07,08:34,C069,WP,15,exchange,1,1,423,0,cash,423,walk_in,pickup,
T01613,2026-08-07,10:31,C218,WP,15,exchange,1,1,423,0,transfer,423,line,delivery,คนส่ง B
T01614,2026-08-07,10:40,C033,UNQ,15,exchange,1,1,423,0,transfer,423,walk_in,pickup,
T01615,2026-08-07,10:52,C220,PTT,15,exchange,1,1,423,0,cash,423,walk_in,pickup,
T01616,2026-08-07,11:40,C207,PTT,15,exchange,1,1,423,0,cash,423,phone,delivery,คนส่ง B
T01617,2026-08-07,11:50,C136,PTT,15,exchange,1,1,423,0,cash,423,line,delivery,คนส่ง B
T01618,2026-08-07,15:34,C210,PTT,4,exchange,1,1,160,0,cash,160,line,delivery,คนส่ง A
T01619,2026-08-07,16:00,C115,PTT,15,exchange,1,1,423,0,cash,423,phone,delivery,คนส่ง A
T01620,2026-08-07,16:41,C159,WP,15,exchange,3,3,1269,0,transfer,1269,phone,delivery,คนส่ง A
T01621,2026-08-07,16:41,C163,UNQ,15,exchange,6,6,2538,0,cash,2538,phone,delivery,คนส่ง B
T01622,2026-08-07,16:46,C094,SGP,15,exchange,1,1,423,0,transfer,423,walk_in,pickup,
T01623,2026-08-08,07:27,C161,PTT,15,exchange,1,1,423,0,cash,423,phone,delivery,คนส่ง A
T01624,2026-08-08,08:22,C118,UNQ,4,exchange,1,1,160,0,transfer,160,phone,delivery,คนส่ง A
T01625,2026-08-08,09:15,C024,PTT,15,exchange,1,1,423,0,transfer,423,phone,delivery,คนส่ง A
T01626,2026-08-08,11:37,C164,PTT,15,exchange,3,3,1269,0,credit,0,line,delivery,คนส่ง B
T01627,2026-08-08,11:50,C173,WP,48,exchange,3,3,4050,0,transfer,4050,phone,delivery,คนส่ง A
T01628,2026-08-08,12:59,C187,WP,48,exchange,1,1,1350,0,cash,1350,phone,delivery,คนส่ง A
T01629,2026-08-08,13:49,C018,WP,15,exchange,1,1,423,0,cash,423,phone,delivery,คนส่ง B
T01630,2026-08-08,14:35,C195,PTT,15,exchange,4,4,1692,0,transfer,1692,walk_in,pickup,
T01631,2026-08-08,15:21,C204,WP,15,exchange,1,1,423,0,credit,0,phone,delivery,คนส่ง A
T01632,2026-08-08,15:36,C152,UNQ,15,exchange,2,2,846,0,credit,0,phone,delivery,คนส่ง B
T01633,2026-08-08,15:46,C185,WP,15,exchange,2,2,846,0,credit,0,walk_in,pickup,
T01634,2026-08-08,16:00,C189,WP,48,exchange,2,2,2700,0,cash,2700,phone,delivery,คนส่ง A
T01635,2026-08-08,18:40,C037,WP,15,exchange,1,1,423,0,cash,423,phone,delivery,คนส่ง B
T01636,2026-08-09,09:20,C216,WP,15,exchange,1,1,423,0,cash,423,line,delivery,คนส่ง A
T01637,2026-08-09,10:49,C178,WP,15,exchange,4,4,1692,0,credit,0,phone,delivery,คนส่ง B
T01638,2026-08-09,10:57,C151,UNQ,48,exchange,3,3,4050,0,transfer,4050,line,delivery,คนส่ง A
T01639,2026-08-09,17:18,C058,WP,15,exchange,1,1,423,0,transfer,423,phone,delivery,คนส่ง B
T01640,2026-08-10,07:22,C203,PTT,4,exchange,1,1,160,0,transfer,160,phone,delivery,คนส่ง A
T01641,2026-08-10,09:15,C177,UNQ,48,exchange,4,4,5400,0,credit,0,phone,delivery,คนส่ง A
T01642,2026-08-10,10:04,C217,SGP,4,exchange,1,1,160,0,cash,160,walk_in,pickup,
T01643,2026-08-10,11:08,C165,WP,48,exchange,3,3,4050,0,credit,0,phone,delivery,คนส่ง A
T01644,2026-08-10,11:48,C168,WP,48,exchange,5,5,6750,0,credit,0,walk_in,pickup,
T01645,2026-08-10,11:56,C191,PTT,15,exchange,5,4,2115,0,credit,0,walk_in,pickup,
T01646,2026-08-10,11:59,C175,SGP,15,exchange,2,2,846,0,transfer,846,line,delivery,คนส่ง A
T01647,2026-08-10,12:36,C153,WP,48,exchange,5,5,6750,0,credit,0,phone,delivery,คนส่ง A
T01648,2026-08-10,13:10,C119,WP,4,exchange,1,1,160,0,transfer,160,phone,delivery,คนส่ง A
T01649,2026-08-10,13:30,C158,WP,48,exchange,3,3,4050,0,credit,0,line,delivery,คนส่ง B
T01650,2026-08-10,13:34,C154,UNQ,48,exchange,2,2,2700,0,transfer,2700,line,delivery,คนส่ง B
T01651,2026-08-10,13:48,C171,SGP,48,exchange,1,1,1350,0,transfer,1350,phone,delivery,คนส่ง A
T01652,2026-08-10,14:26,C182,WP,15,exchange,2,2,846,0,cash,846,line,delivery,คนส่ง A
T01653,2026-08-10,14:37,C105,WP,15,exchange,1,1,423,0,transfer,423,line,delivery,คนส่ง A
T01654,2026-08-10,15:29,C205,WP,15,exchange,1,1,423,0,cash,423,phone,delivery,คนส่ง B
T01655,2026-08-10,16:16,C201,WP,4,exchange,1,1,160,0,transfer,160,line,delivery,คนส่ง A
T01656,2026-08-10,16:24,C155,SGP,48,exchange,3,3,4050,0,cash,4050,line,delivery,คนส่ง B
T01657,2026-08-10,16:31,C215,UNQ,4,exchange,1,1,160,0,cash,160,phone,delivery,คนส่ง A
T01658,2026-08-10,16:46,C160,WP,48,exchange,3,3,4050,0,cash,4050,line,delivery,คนส่ง A
T01659,2026-08-10,16:59,C109,WP,15,exchange,1,1,423,0,cash,423,phone,delivery,คนส่ง A
T01660,2026-08-10,17:02,C170,UNQ,15,exchange,2,2,846,0,transfer,846,phone,delivery,คนส่ง B
T01661,2026-08-11,07:33,C166,PTT,15,exchange,3,3,1269,0,credit,0,walk_in,pickup,
T01662,2026-08-11,07:34,C194,PTT,15,exchange,3,4,1269,0,credit,0,walk_in,pickup,
T01663,2026-08-11,09:28,C219,PTT,4,exchange,1,1,160,0,cash,160,walk_in,pickup,
T01664,2026-08-11,09:41,C079,UNQ,15,exchange,1,1,423,0,cash,423,walk_in,pickup,
T01665,2026-08-11,10:31,C122,UNQ,15,exchange,1,1,423,0,cash,423,phone,delivery,คนส่ง A
T01666,2026-08-11,10:34,C184,PTT,48,exchange,4,4,5400,0,transfer,5400,phone,delivery,คนส่ง B
T01667,2026-08-11,11:10,C176,PTT,15,exchange,4,4,1692,0,transfer,1692,phone,delivery,คนส่ง B
T01668,2026-08-11,11:17,C157,WP,15,exchange,2,2,846,0,cash,846,walk_in,pickup,
T01669,2026-08-11,11:54,C193,PTT,48,exchange,1,1,1350,0,credit,0,phone,delivery,คนส่ง A
T01670,2026-08-11,12:52,C192,PTT,15,exchange,2,2,846,0,transfer,846,phone,delivery,คนส่ง A
T01671,2026-08-11,13:26,C183,UNQ,15,exchange,6,6,2538,0,credit,0,line,delivery,คนส่ง B
T01672,2026-08-11,14:24,C156,WP,15,exchange,2,1,846,0,credit,0,line,delivery,คนส่ง A
T01673,2026-08-11,15:12,C055,PTT,15,exchange,1,1,423,0,cash,423,line,delivery,คนส่ง B
T01674,2026-08-11,17:04,C208,WP,15,exchange,1,1,423,0,cash,423,line,delivery,คนส่ง B
T01675,2026-08-11,18:17,C189,WP,48,exchange,2,2,2700,0,cash,2700,phone,delivery,คนส่ง A
T01676,2026-08-12,07:42,C174,SGP,48,exchange,1,1,1350,0,credit,0,walk_in,pickup,
T01677,2026-08-12,08:00,C047,SGP,15,new_cylinder,1,0,423,1300,cash,1723,walk_in,pickup,
T01678,2026-08-12,09:00,C173,WP,48,exchange,3,3,4050,0,cash,4050,walk_in,pickup,
T01679,2026-08-12,10:10,C061,WP,15,exchange,1,1,423,0,cash,423,walk_in,pickup,
T01680,2026-08-12,10:37,C197,WP,15,exchange,1,1,423,0,cash,423,phone,delivery,คนส่ง B
T01681,2026-08-12,11:08,C181,WP,15,exchange,3,3,1269,0,credit,0,walk_in,pickup,
T01682,2026-08-12,13:23,C162,PTT,15,exchange,3,3,1269,0,transfer,1269,walk_in,pickup,
T01683,2026-08-12,16:24,C190,SGP,15,exchange,3,3,1269,0,credit,0,line,delivery,คนส่ง A
T01684,2026-08-12,17:30,C186,UNQ,15,exchange,2,2,846,0,credit,0,line,delivery,คนส่ง A
T01685,2026-08-12,17:36,C196,WP,15,exchange,1,1,423,0,cash,423,walk_in,pickup,
T01686,2026-08-12,18:52,C213,WP,4,exchange,1,1,160,0,cash,160,phone,delivery,คนส่ง A
T01687,2026-08-13,07:29,C133,WP,15,exchange,1,1,423,0,cash,423,phone,delivery,คนส่ง A
T01688,2026-08-13,07:58,C108,WP,15,exchange,1,1,423,0,cash,423,phone,delivery,คนส่ง A
T01689,2026-08-13,08:10,C209,WP,4,exchange,1,1,160,0,cash,160,line,delivery,คนส่ง B
T01690,2026-08-13,09:49,C121,WP,15,exchange,1,1,423,0,transfer,423,phone,delivery,คนส่ง A
T01691,2026-08-13,10:14,C163,UNQ,15,exchange,6,7,2538,0,transfer,2538,line,delivery,คนส่ง B
T01692,2026-08-13,10:22,C212,SGP,15,exchange,1,1,423,0,transfer,423,walk_in,pickup,
T01693,2026-08-13,10:52,C151,UNQ,48,exchange,1,1,1350,0,cash,1350,walk_in,pickup,
T01694,2026-08-13,12:19,C180,PTT,15,exchange,3,3,1269,0,transfer,1269,phone,delivery,คนส่ง A
T01695,2026-08-13,12:21,C161,PTT,15,exchange,1,0,423,0,cash,423,line,delivery,คนส่ง B
T01696,2026-08-13,13:25,C200,WP,15,exchange,1,1,423,0,cash,423,walk_in,pickup,
T01697,2026-08-13,14:09,C089,UNQ,15,exchange,1,1,423,0,transfer,423,line,delivery,คนส่ง A
T01698,2026-08-13,14:51,C167,UNQ,15,exchange,3,3,1269,0,transfer,1269,walk_in,pickup,
T01699,2026-08-13,16:26,C171,SGP,48,exchange,2,2,2700,0,cash,2700,line,delivery,คนส่ง B
T01700,2026-08-13,16:38,C179,WP,15,exchange,2,3,846,0,transfer,846,walk_in,pickup,
T01701,2026-08-13,17:40,C101,WP,15,exchange,1,1,423,0,cash,423,phone,delivery,คนส่ง A
T01702,2026-08-13,17:52,C124,WP,15,exchange,1,1,423,0,cash,423,phone,delivery,คนส่ง B
T01703,2026-08-14,07:46,C192,PTT,15,exchange,2,2,846,0,transfer,846,walk_in,pickup,
T01704,2026-08-14,07:59,C220,PTT,15,exchange,1,1,423,0,cash,423,phone,delivery,คนส่ง A
T01705,2026-08-14,08:01,C182,WP,15,exchange,2,2,846,0,transfer,846,walk_in,pickup,
T01706,2026-08-14,08:44,C211,WP,4,exchange,1,1,160,0,transfer,160,line,delivery,คนส่ง A
T01707,2026-08-14,08:58,C100,PTT,15,exchange,1,1,423,0,transfer,423,walk_in,pickup,
T01708,2026-08-14,09:09,C019,PTT,15,exchange,1,1,423,0,cash,423,phone,delivery,คนส่ง B
T01709,2026-08-14,09:26,C152,UNQ,15,exchange,3,3,1269,0,credit,0,phone,delivery,คนส่ง A
T01710,2026-08-14,10:44,C185,WP,15,exchange,1,0,423,0,credit,0,phone,delivery,คนส่ง B
T01711,2026-08-14,14:50,C159,WP,15,exchange,3,3,1269,0,cash,1269,walk_in,pickup,
T01712,2026-08-14,15:00,C158,WP,48,exchange,3,3,4050,0,credit,0,phone,delivery,คนส่ง A
T01713,2026-08-14,15:50,C198,SGP,4,exchange,1,0,160,0,transfer,160,line,delivery,คนส่ง A
T01714,2026-08-14,16:44,C025,WP,15,exchange,1,1,423,0,cash,423,phone,delivery,คนส่ง A
T01715,2026-08-15,08:19,C210,PTT,4,exchange,1,1,160,0,transfer,160,line,delivery,คนส่ง A
T01716,2026-08-15,08:46,C154,UNQ,48,exchange,3,3,4050,0,transfer,4050,phone,delivery,คนส่ง B
T01717,2026-08-15,08:47,C187,WP,48,exchange,1,1,1350,0,cash,1350,phone,delivery,คนส่ง A
T01718,2026-08-15,10:12,C172,WP,15,new_cylinder,3,0,1269,3900,transfer,5169,line,delivery,คนส่ง B
T01719,2026-08-15,10:28,C168,WP,48,exchange,5,4,6750,0,credit,0,phone,delivery,คนส่ง A
T01720,2026-08-15,11:43,C218,WP,15,exchange,1,1,423,0,transfer,423,phone,delivery,คนส่ง B
T01721,2026-08-15,17:19,C027,UNQ,15,exchange,1,1,423,0,cash,423,walk_in,pickup,
T01722,2026-08-15,18:23,C072,WP,15,exchange,1,1,423,0,cash,423,walk_in,pickup,
T01723,2026-08-16,07:34,C193,PTT,48,exchange,3,3,4050,0,credit,0,line,delivery,คนส่ง A
T01724,2026-08-16,14:46,C176,PTT,15,exchange,3,3,1269,0,transfer,1269,line,delivery,คนส่ง A
T01725,2026-08-16,15:32,C016,WP,15,exchange,1,1,423,0,cash,423,line,delivery,คนส่ง A
T01726,2026-08-17,07:40,C164,PTT,15,exchange,2,2,846,0,credit,0,phone,delivery,คนส่ง A
T01727,2026-08-17,07:56,C017,PTT,15,exchange,1,1,423,0,transfer,423,phone,delivery,คนส่ง B
T01728,2026-08-17,08:37,C205,WP,15,exchange,1,1,423,0,transfer,423,phone,delivery,คนส่ง A
T01729,2026-08-17,09:03,C034,UNQ,15,exchange,1,1,423,0,cash,423,walk_in,pickup,
T01730,2026-08-17,09:07,C195,PTT,15,exchange,4,3,1692,0,transfer,1692,phone,delivery,คนส่ง B
T01731,2026-08-17,10:19,C183,UNQ,15,exchange,3,3,1269,0,credit,0,walk_in,pickup,
T01732,2026-08-17,10:20,C189,WP,48,exchange,2,2,2700,0,cash,2700,walk_in,pickup,
T01733,2026-08-17,10:48,C175,SGP,15,exchange,2,2,846,0,cash,846,phone,delivery,คนส่ง B
T01734,2026-08-17,12:06,C194,PTT,15,exchange,3,2,1269,0,credit,0,walk_in,pickup,
T01735,2026-08-17,12:17,C199,UNQ,15,exchange,1,1,423,0,transfer,423,walk_in,pickup,
T01736,2026-08-17,12:32,C156,WP,15,exchange,2,2,846,0,credit,0,line,delivery,คนส่ง A
T01737,2026-08-17,13:03,C216,WP,15,exchange,1,1,423,0,cash,423,phone,delivery,คนส่ง B
T01738,2026-08-17,14:17,C184,PTT,48,exchange,5,5,6750,0,cash,6750,walk_in,pickup,
T01739,2026-08-17,14:22,C178,WP,15,exchange,4,4,1692,0,credit,0,phone,delivery,คนส่ง B
T01740,2026-08-17,14:58,C157,WP,15,exchange,1,1,423,0,transfer,423,walk_in,pickup,
T01741,2026-08-17,15:00,C153,WP,48,exchange,4,5,5400,0,credit,0,phone,delivery,คนส่ง B
T01742,2026-08-17,15:34,C110,UNQ,15,exchange,1,1,423,0,transfer,423,walk_in,pickup,
T01743,2026-08-17,15:44,C177,UNQ,48,exchange,5,5,6750,0,credit,0,phone,delivery,คนส่ง A
T01744,2026-08-17,15:48,C214,SGP,15,exchange,1,1,423,0,transfer,423,line,delivery,คนส่ง A
T01745,2026-08-17,16:04,C165,WP,48,exchange,3,3,4050,0,credit,0,phone,delivery,คนส่ง B
T01746,2026-08-17,16:06,C155,SGP,48,exchange,3,3,4050,0,transfer,4050,walk_in,pickup,
T01747,2026-08-17,16:59,C173,WP,48,exchange,2,2,2700,0,cash,2700,line,delivery,คนส่ง A
T01748,2026-08-17,17:19,C014,WP,15,exchange,1,1,423,0,cash,423,phone,delivery,คนส่ง A
T01749,2026-08-17,17:55,C191,PTT,15,exchange,5,5,2115,0,credit,0,phone,delivery,คนส่ง B
T01750,2026-08-18,10:05,C170,UNQ,15,exchange,3,3,1269,0,transfer,1269,phone,delivery,คนส่ง A
T01751,2026-08-18,10:24,C160,WP,48,exchange,3,3,4050,0,cash,4050,line,delivery,คนส่ง B
T01752,2026-08-18,14:34,C151,UNQ,48,exchange,3,3,4050,0,transfer,4050,phone,delivery,คนส่ง A
T01753,2026-08-18,15:53,C023,SGP,15,exchange,1,1,423,0,transfer,423,line,delivery,คนส่ง B
T01754,2026-08-18,16:16,C174,SGP,48,exchange,4,4,5400,0,credit,0,phone,delivery,คนส่ง B
T01755,2026-08-18,17:07,C166,PTT,15,exchange,3,3,1269,0,credit,0,walk_in,pickup,
T01756,2026-08-18,17:28,C045,PTT,4,exchange,1,2,160,0,transfer,160,walk_in,pickup,
T01757,2026-08-18,17:34,C186,UNQ,15,exchange,2,2,846,0,credit,0,phone,delivery,คนส่ง A
T01758,2026-08-18,17:53,C202,WP,4,exchange,1,1,160,0,credit,0,walk_in,pickup,
T01759,2026-08-19,10:17,C217,SGP,4,exchange,1,1,160,0,cash,160,walk_in,pickup,
T01760,2026-08-19,10:39,C138,WP,15,exchange,1,1,423,0,cash,423,line,delivery,คนส่ง A
T01761,2026-08-19,10:46,C213,WP,4,exchange,1,1,160,0,transfer,160,phone,delivery,คนส่ง B
T01762,2026-08-19,10:52,C215,UNQ,4,exchange,1,1,160,0,cash,160,walk_in,pickup,
T01763,2026-08-19,11:20,C190,SGP,15,exchange,2,2,846,0,credit,0,walk_in,pickup,
T01764,2026-08-19,11:50,C008,WP,15,exchange,1,1,423,0,cash,423,phone,delivery,คนส่ง B
T01765,2026-08-19,12:48,C179,WP,15,exchange,1,1,423,0,cash,423,phone,delivery,คนส่ง B
T01766,2026-08-19,12:57,C040,UNQ,15,exchange,1,1,423,0,cash,423,walk_in,pickup,
T01767,2026-08-19,13:18,C204,WP,15,exchange,1,1,423,0,credit,0,walk_in,pickup,
T01768,2026-08-19,14:19,C159,WP,15,exchange,1,0,423,0,cash,423,walk_in,pickup,
T01769,2026-08-19,14:33,C181,WP,15,exchange,3,3,1269,0,credit,0,phone,delivery,คนส่ง A
T01770,2026-08-19,15:35,C143,UNQ,15,exchange,1,1,423,0,transfer,423,line,delivery,คนส่ง A
T01771,2026-08-19,15:44,C207,PTT,15,exchange,1,1,423,0,transfer,423,phone,delivery,คนส่ง A
T01772,2026-08-20,07:26,C010,WP,15,exchange,1,1,423,0,transfer,423,walk_in,pickup,
T01773,2026-08-20,07:31,C191,PTT,15,exchange,4,5,1692,0,credit,0,walk_in,pickup,
T01774,2026-08-20,08:06,C185,WP,15,exchange,1,1,423,0,credit,0,walk_in,pickup,
T01775,2026-08-20,10:08,C201,WP,4,exchange,1,1,160,0,cash,160,line,delivery,คนส่ง B
T01776,2026-08-20,10:26,C152,UNQ,15,exchange,5,5,2115,0,credit,0,phone,delivery,คนส่ง A
T01777,2026-08-20,10:46,C167,UNQ,15,exchange,4,4,1692,0,cash,1692,phone,delivery,คนส่ง A
T01778,2026-08-20,11:11,C198,SGP,4,exchange,1,2,160,0,cash,160,line,delivery,คนส่ง B
T01779,2026-08-20,11:29,C196,WP,15,exchange,1,1,423,0,transfer,423,phone,delivery,คนส่ง B
T01780,2026-08-20,12:40,C180,PTT,15,exchange,5,5,2115,0,transfer,2115,phone,delivery,คนส่ง B
T01781,2026-08-20,12:42,C134,PTT,15,exchange,1,1,423,0,cash,423,walk_in,pickup,
T01782,2026-08-20,13:53,C162,PTT,15,exchange,2,2,846,0,cash,846,phone,delivery,คนส่ง A
T01783,2026-08-20,14:08,C211,WP,4,exchange,1,1,160,0,cash,160,phone,delivery,คนส่ง B
T01784,2026-08-20,14:32,C158,WP,48,exchange,4,4,5400,0,credit,0,walk_in,pickup,
T01785,2026-08-20,15:11,C192,PTT,15,exchange,2,2,846,0,cash,846,phone,delivery,คนส่ง A
T01786,2026-08-20,17:29,C161,PTT,15,exchange,2,3,846,0,cash,846,phone,delivery,คนส่ง B
T01787,2026-08-20,17:46,C095,WP,15,exchange,1,1,423,0,transfer,423,line,delivery,คนส่ง B
T01788,2026-08-20,17:53,C041,UNQ,15,exchange,1,1,423,0,transfer,423,phone,delivery,คนส่ง B
T01789,2026-08-21,07:35,C066,SGP,15,exchange,1,1,423,0,transfer,423,phone,delivery,คนส่ง B
T01790,2026-08-21,08:34,C106,PTT,4,exchange,1,1,160,0,cash,160,line,delivery,คนส่ง B
T01791,2026-08-21,08:39,C168,WP,48,exchange,4,4,5400,0,credit,0,phone,delivery,คนส่ง B
T01792,2026-08-21,09:29,C140,PTT,15,exchange,1,1,423,0,transfer,423,phone,delivery,คนส่ง B
T01793,2026-08-21,10:02,C175,SGP,15,exchange,3,3,1269,0,cash,1269,phone,delivery,คนส่ง B
T01794,2026-08-21,10:56,C053,PTT,15,exchange,1,1,423,0,cash,423,line,delivery,คนส่ง A
T01795,2026-08-21,11:44,C063,WP,15,exchange,1,1,423,0,cash,423,phone,delivery,คนส่ง A
T01796,2026-08-21,12:41,C164,PTT,15,exchange,5,5,2115,0,credit,0,phone,delivery,คนส่ง A
T01797,2026-08-21,12:55,C219,PTT,4,exchange,1,0,160,0,cash,160,phone,delivery,คนส่ง A
T01798,2026-08-21,15:04,C171,SGP,48,exchange,3,3,4050,0,transfer,4050,walk_in,pickup,
T01799,2026-08-21,15:21,C128,WP,15,exchange,1,1,423,0,cash,423,phone,delivery,คนส่ง A
T01800,2026-08-21,15:23,C206,PTT,15,new_cylinder,2,0,846,2600,cash,3446,line,delivery,คนส่ง B
T01801,2026-08-21,15:41,C163,UNQ,15,exchange,3,3,1269,0,transfer,1269,phone,delivery,คนส่ง A
T01802,2026-08-21,15:53,C043,WP,15,exchange,1,1,423,0,transfer,423,line,delivery,คนส่ง A
T01803,2026-08-21,16:01,C182,WP,15,exchange,2,2,846,0,cash,846,line,delivery,คนส่ง A
T01804,2026-08-21,16:25,C091,PTT,15,exchange,1,1,423,0,transfer,423,line,delivery,คนส่ง A
T01805,2026-08-21,17:06,C203,PTT,4,exchange,1,1,160,0,transfer,160,walk_in,pickup,
T01806,2026-08-21,17:29,C193,PTT,48,exchange,2,2,2700,0,credit,0,phone,delivery,คนส่ง B
T01807,2026-08-22,08:48,C176,PTT,15,new_cylinder,1,0,423,1300,cash,1723,phone,delivery,คนส่ง A
T01808,2026-08-22,08:51,C197,WP,15,exchange,1,1,423,0,cash,423,phone,delivery,คนส่ง A
T01809,2026-08-22,11:10,C157,WP,15,exchange,2,2,846,0,cash,846,walk_in,pickup,
T01810,2026-08-22,11:19,C181,WP,15,exchange,2,2,846,0,credit,0,line,delivery,คนส่ง A
T01811,2026-08-22,12:35,C172,WP,15,exchange,1,1,423,0,cash,423,phone,delivery,คนส่ง B
T01812,2026-08-22,13:21,C189,WP,48,exchange,2,2,2700,0,cash,2700,line,delivery,คนส่ง A
T01813,2026-08-22,13:46,C166,PTT,15,exchange,3,2,1269,0,credit,0,phone,delivery,คนส่ง A
T01814,2026-08-22,14:18,C176,PTT,15,exchange,5,5,2115,0,transfer,2115,line,delivery,คนส่ง B
T01815,2026-08-22,14:59,C212,SGP,15,exchange,1,1,423,0,cash,423,phone,delivery,คนส่ง A
T01816,2026-08-22,15:11,C154,UNQ,48,exchange,3,3,4050,0,transfer,4050,phone,delivery,คนส่ง A
T01817,2026-08-22,15:30,C038,SGP,15,exchange,1,1,423,0,transfer,423,phone,delivery,คนส่ง B
T01818,2026-08-22,17:02,C208,WP,15,exchange,1,1,423,0,cash,423,line,delivery,คนส่ง A
T01819,2026-08-22,17:51,C125,WP,15,exchange,1,1,423,0,transfer,423,phone,delivery,คนส่ง B
T01820,2026-08-23,07:22,C155,SGP,48,exchange,4,4,5400,0,transfer,5400,walk_in,pickup,
T01821,2026-08-23,08:20,C151,UNQ,48,exchange,3,3,4050,0,cash,4050,line,delivery,คนส่ง B
T01822,2026-08-23,10:13,C184,PTT,48,exchange,5,5,6750,0,transfer,6750,phone,delivery,คนส่ง B
T01823,2026-08-23,11:47,C030,PTT,15,exchange,1,1,423,0,transfer,423,phone,delivery,คนส่ง B
T01824,2026-08-23,14:07,C177,UNQ,48,exchange,4,4,5400,0,credit,0,phone,delivery,คนส่ง A
T01825,2026-08-23,15:13,C156,WP,15,exchange,2,3,846,0,credit,0,line,delivery,คนส่ง B
T01826,2026-08-24,07:15,C147,WP,15,exchange,1,1,423,0,transfer,423,line,delivery,คนส่ง A
T01827,2026-08-24,08:38,C179,WP,15,exchange,2,2,846,0,transfer,846,phone,delivery,คนส่ง B
T01828,2026-08-24,09:07,C210,PTT,4,exchange,1,1,160,0,cash,160,line,delivery,คนส่ง B
T01829,2026-08-24,09:22,C183,UNQ,15,exchange,3,3,1269,0,credit,0,phone,delivery,คนส่ง A
T01830,2026-08-24,10:39,C192,PTT,15,exchange,2,2,846,0,cash,846,walk_in,pickup,
T01831,2026-08-24,11:14,C149,UNQ,15,exchange,1,1,423,0,transfer,423,phone,delivery,คนส่ง B
T01832,2026-08-24,11:29,C162,PTT,15,exchange,2,2,846,0,cash,846,phone,delivery,คนส่ง A
T01833,2026-08-24,12:07,C153,WP,48,exchange,5,5,6750,0,credit,0,line,delivery,คนส่ง B
T01834,2026-08-24,12:15,C159,WP,15,exchange,3,3,1269,0,transfer,1269,line,delivery,คนส่ง B
T01835,2026-08-24,12:33,C187,WP,48,exchange,2,2,2700,0,cash,2700,phone,delivery,คนส่ง A
T01836,2026-08-24,12:36,C195,PTT,15,exchange,4,4,1692,0,transfer,1692,phone,delivery,คนส่ง B
T01837,2026-08-24,14:37,C209,WP,4,exchange,1,1,160,0,transfer,160,line,delivery,คนส่ง B
T01838,2026-08-24,14:49,C020,UNQ,15,exchange,1,1,423,0,transfer,423,line,delivery,คนส่ง A
T01839,2026-08-24,15:34,C084,PTT,4,exchange,1,1,160,0,cash,160,phone,delivery,คนส่ง B
T01840,2026-08-24,16:19,C165,WP,48,exchange,2,2,2700,0,credit,0,phone,delivery,คนส่ง B
T01841,2026-08-24,16:51,C160,WP,48,exchange,3,3,4050,0,cash,4050,phone,delivery,คนส่ง A
T01842,2026-08-24,17:50,C170,UNQ,15,exchange,4,4,1692,0,transfer,1692,line,delivery,คนส่ง A
T01843,2026-08-25,08:14,C168,WP,48,exchange,5,6,6750,0,credit,0,walk_in,pickup,
T01844,2026-08-25,09:57,C042,WP,15,exchange,1,1,423,0,transfer,423,walk_in,pickup,
T01845,2026-08-25,10:17,C158,WP,48,exchange,4,4,5400,0,credit,0,phone,delivery,คนส่ง A
T01846,2026-08-25,10:23,C220,PTT,15,exchange,1,1,423,0,cash,423,phone,delivery,คนส่ง B
T01847,2026-08-25,10:40,C111,WP,15,exchange,1,1,423,0,cash,423,line,delivery,คนส่ง B
T01848,2026-08-25,11:17,C186,UNQ,15,exchange,3,3,1269,0,credit,0,phone,delivery,คนส่ง A
T01849,2026-08-25,11:49,C216,WP,15,exchange,1,1,423,0,cash,423,phone,delivery,คนส่ง A
T01850,2026-08-25,12:57,C015,UNQ,15,exchange,1,1,423,0,transfer,423,phone,delivery,คนส่ง B
T01851,2026-08-25,13:51,C174,SGP,48,exchange,2,2,2700,0,credit,0,line,delivery,คนส่ง A
T01852,2026-08-25,13:59,C152,UNQ,15,exchange,6,6,2538,0,credit,0,phone,delivery,คนส่ง B
T01853,2026-08-25,14:18,C194,PTT,15,exchange,4,5,1692,0,credit,0,phone,delivery,คนส่ง A
T01854,2026-08-25,15:51,C200,WP,15,exchange,1,1,423,0,transfer,423,walk_in,pickup,
T01855,2026-08-25,16:33,C190,SGP,15,exchange,1,1,423,0,credit,0,phone,delivery,คนส่ง A
T01856,2026-08-25,16:54,C178,WP,15,exchange,2,2,846,0,credit,0,phone,delivery,คนส่ง A
T01857,2026-08-25,18:28,C102,PTT,4,exchange,1,1,160,0,cash,160,line,delivery,คนส่ง B
T01858,2026-08-26,10:01,C205,WP,15,exchange,1,1,423,0,cash,423,phone,delivery,คนส่ง A
T01859,2026-08-26,11:07,C214,SGP,15,exchange,1,1,423,0,cash,423,phone,delivery,คนส่ง A
T01860,2026-08-26,11:24,C218,WP,15,exchange,1,1,423,0,cash,423,phone,delivery,คนส่ง A
T01861,2026-08-26,11:56,C164,PTT,15,exchange,3,3,1269,0,credit,0,line,delivery,คนส่ง A
T01862,2026-08-26,11:58,C161,PTT,15,exchange,1,1,423,0,cash,423,phone,delivery,คนส่ง A
T01863,2026-08-26,15:08,C191,PTT,15,exchange,4,4,1692,0,credit,0,walk_in,pickup,
T01864,2026-08-26,16:04,C144,WP,15,exchange,1,1,423,0,cash,423,phone,delivery,คนส่ง B
T01865,2026-08-26,16:19,C117,PTT,4,exchange,1,1,160,0,cash,160,walk_in,pickup,
T01866,2026-08-26,16:27,C139,WP,15,exchange,1,1,423,0,transfer,423,line,delivery,คนส่ง B
T01867,2026-08-26,16:43,C175,SGP,15,exchange,3,3,1269,0,cash,1269,phone,delivery,คนส่ง A
T01868,2026-08-26,17:25,C062,WP,15,exchange,1,1,423,0,cash,423,line,delivery,คนส่ง B
T01869,2026-08-26,18:30,C173,WP,48,exchange,2,2,2700,0,cash,2700,walk_in,pickup,
T01870,2026-08-27,08:04,C217,SGP,4,exchange,1,0,160,0,transfer,160,phone,delivery,คนส่ง A
T01871,2026-08-27,08:15,C073,PTT,15,exchange,1,1,423,0,transfer,423,phone,delivery,คนส่ง A
T01872,2026-08-27,08:19,C171,SGP,48,new_cylinder,1,0,1350,3800,transfer,5150,phone,delivery,คนส่ง A
T01873,2026-08-27,10:15,C184,PTT,48,exchange,3,3,4050,0,transfer,4050,phone,delivery,คนส่ง B
T01874,2026-08-27,10:21,C207,PTT,15,exchange,1,1,423,0,cash,423,phone,delivery,คนส่ง A
T01875,2026-08-27,10:52,C074,PTT,15,exchange,1,1,423,0,transfer,423,phone,delivery,คนส่ง A
T01876,2026-08-27,12:30,C003,PTT,4,exchange,1,1,160,0,transfer,160,walk_in,pickup,
T01877,2026-08-27,14:14,C171,SGP,48,exchange,3,3,4050,0,transfer,4050,phone,delivery,คนส่ง B
T01878,2026-08-27,14:52,C204,WP,15,exchange,1,1,423,0,credit,0,line,delivery,คนส่ง B
T01879,2026-08-27,16:19,C182,WP,15,exchange,3,3,1269,0,cash,1269,line,delivery,คนส่ง A
T01880,2026-08-27,16:49,C054,UNQ,4,exchange,1,2,160,0,cash,160,phone,delivery,คนส่ง A
T01881,2026-08-27,17:21,C180,PTT,15,exchange,4,5,1692,0,transfer,1692,walk_in,pickup,
T01882,2026-08-27,17:52,C181,WP,15,exchange,3,3,1269,0,credit,0,walk_in,pickup,
T01883,2026-08-28,07:37,C199,UNQ,15,exchange,1,1,423,0,cash,423,phone,delivery,คนส่ง A
T01884,2026-08-28,08:11,C193,PTT,48,exchange,2,2,2700,0,credit,0,walk_in,pickup,
T01885,2026-08-28,08:29,C002,SGP,15,exchange,1,2,423,0,cash,423,line,delivery,คนส่ง B
T01886,2026-08-28,09:06,C159,WP,15,exchange,4,4,1692,0,cash,1692,phone,delivery,คนส่ง A
T01887,2026-08-28,10:29,C197,WP,15,exchange,1,1,423,0,cash,423,walk_in,pickup,
T01888,2026-08-28,10:38,C167,UNQ,15,exchange,4,4,1692,0,transfer,1692,walk_in,pickup,
T01889,2026-08-28,10:51,C177,UNQ,48,exchange,5,5,6750,0,credit,0,walk_in,pickup,
T01890,2026-08-28,11:45,C154,UNQ,48,exchange,4,4,5400,0,cash,5400,phone,delivery,คนส่ง B
T01891,2026-08-28,11:56,C201,WP,4,exchange,1,1,160,0,cash,160,phone,delivery,คนส่ง B
T01892,2026-08-28,14:19,C163,UNQ,15,exchange,6,6,2538,0,cash,2538,walk_in,pickup,
T01893,2026-08-28,16:12,C078,UNQ,4,exchange,1,1,160,0,cash,160,walk_in,pickup,
T01894,2026-08-28,16:35,C065,SGP,15,exchange,1,1,423,0,cash,423,phone,delivery,คนส่ง B
T01895,2026-08-28,16:35,C157,WP,15,exchange,4,4,1692,0,transfer,1692,line,delivery,คนส่ง A
T01896,2026-08-28,16:36,C155,SGP,48,exchange,2,2,2700,0,transfer,2700,phone,delivery,คนส่ง A
T01897,2026-08-28,18:12,C185,WP,15,exchange,1,2,423,0,credit,0,walk_in,pickup,
T01898,2026-08-29,08:01,C166,PTT,15,exchange,1,2,423,0,credit,0,walk_in,pickup,
T01899,2026-08-29,09:43,C158,WP,48,exchange,5,5,6750,0,credit,0,phone,delivery,คนส่ง A
T01900,2026-08-29,09:50,C151,UNQ,48,exchange,2,2,2700,0,transfer,2700,walk_in,pickup,
T01901,2026-08-29,10:52,C172,WP,15,exchange,2,2,846,0,transfer,846,walk_in,pickup,
T01902,2026-08-29,10:59,C162,PTT,15,exchange,4,4,1692,0,cash,1692,phone,delivery,คนส่ง A
T01903,2026-08-29,11:09,C175,SGP,15,exchange,3,3,1269,0,transfer,1269,phone,delivery,คนส่ง B
T01904,2026-08-29,11:31,C219,PTT,4,exchange,1,1,160,0,transfer,160,line,delivery,คนส่ง A
T01905,2026-08-29,11:54,C176,PTT,15,exchange,3,3,1269,0,cash,1269,phone,delivery,คนส่ง A
T01906,2026-08-29,12:21,C049,PTT,15,exchange,1,1,423,0,transfer,423,line,delivery,คนส่ง A
T01907,2026-08-29,16:28,C152,UNQ,15,exchange,3,3,1269,0,credit,0,phone,delivery,คนส่ง B
T01908,2026-08-29,16:36,C031,WP,15,exchange,1,1,423,0,transfer,423,line,delivery,คนส่ง B
T01909,2026-08-29,16:49,C211,WP,4,exchange,1,1,160,0,cash,160,phone,delivery,คนส่ง A
T01910,2026-08-29,18:39,C176,PTT,15,new_cylinder,1,0,423,1300,cash,1723,phone,delivery,คนส่ง A
T01911,2026-08-29,18:39,C202,WP,4,exchange,1,1,160,0,credit,0,phone,delivery,คนส่ง B
T01912,2026-08-30,07:38,C183,UNQ,15,exchange,3,3,1269,0,credit,0,phone,delivery,คนส่ง B
T01913,2026-08-30,09:15,C156,WP,15,exchange,2,2,846,0,credit,0,phone,delivery,คนส่ง A
T01914,2026-08-30,11:10,C206,PTT,15,exchange,1,1,423,0,transfer,423,phone,delivery,คนส่ง B
T01915,2026-08-30,17:26,C195,PTT,15,exchange,2,2,846,0,transfer,846,phone,delivery,คนส่ง A
T01916,2026-08-30,18:13,C196,WP,15,exchange,1,1,423,0,transfer,423,walk_in,pickup,
T01917,2026-08-31,07:05,C153,WP,48,exchange,6,6,8100,0,credit,0,phone,delivery,คนส่ง B
T01918,2026-08-31,08:31,C179,WP,15,exchange,2,2,846,0,cash,846,phone,delivery,คนส่ง A
T01919,2026-08-31,08:50,C170,UNQ,15,exchange,4,4,1692,0,cash,1692,walk_in,pickup,
T01920,2026-08-31,09:01,C198,SGP,4,exchange,1,1,160,0,transfer,160,phone,delivery,คนส่ง B
T01921,2026-08-31,09:50,C145,PTT,15,exchange,1,1,423,0,transfer,423,walk_in,pickup,
T01922,2026-08-31,09:57,C173,WP,48,exchange,4,4,5400,0,cash,5400,phone,delivery,คนส่ง B
T01923,2026-08-31,11:00,C215,UNQ,4,exchange,1,1,160,0,transfer,160,line,delivery,คนส่ง A
T01924,2026-08-31,11:06,C168,WP,48,exchange,3,3,4050,0,credit,0,phone,delivery,คนส่ง B
T01925,2026-08-31,11:40,C189,WP,48,exchange,2,2,2700,0,cash,2700,line,delivery,คนส่ง B
T01926,2026-08-31,11:55,C190,SGP,15,exchange,4,4,1692,0,credit,0,walk_in,pickup,
T01927,2026-08-31,12:29,C022,PTT,15,new_cylinder,1,0,423,1300,cash,1723,phone,delivery,คนส่ง A
T01928,2026-08-31,13:08,C187,WP,48,exchange,1,1,1350,0,cash,1350,phone,delivery,คนส่ง B
T01929,2026-08-31,13:25,C191,PTT,15,exchange,4,4,1692,0,credit,0,walk_in,pickup,
T01930,2026-08-31,13:38,C052,WP,15,exchange,1,1,423,0,transfer,423,phone,delivery,คนส่ง A
T01931,2026-08-31,15:48,C192,PTT,15,exchange,2,2,846,0,cash,846,phone,delivery,คนส่ง A
T01932,2026-08-31,16:07,C104,UNQ,15,exchange,1,1,423,0,transfer,423,phone,delivery,คนส่ง B
T01933,2026-08-31,16:54,C177,UNQ,48,exchange,4,4,5400,0,credit,0,phone,delivery,คนส่ง B
T01934,2026-08-31,17:43,C186,UNQ,15,exchange,3,3,1269,0,credit,0,phone,delivery,คนส่ง A
T01935,2026-08-31,18:12,C028,PTT,4,exchange,1,1,160,0,transfer,160,phone,delivery,คนส่ง A
T01936,2026-08-31,18:21,C212,SGP,15,exchange,1,1,423,0,transfer,423,phone,delivery,คนส่ง A
T01937,2026-09-01,07:23,C213,WP,4,exchange,1,1,160,0,transfer,160,line,delivery,คนส่ง B
T01938,2026-09-01,07:37,C165,WP,48,exchange,3,3,4050,0,credit,0,walk_in,pickup,
T01939,2026-09-01,07:54,C039,PTT,15,exchange,1,1,423,0,transfer,423,line,delivery,คนส่ง B
T01940,2026-09-01,08:03,C011,WP,15,exchange,1,1,423,0,transfer,423,line,delivery,คนส่ง B
T01941,2026-09-01,08:32,C126,SGP,15,new_cylinder,1,0,423,1300,cash,1723,phone,delivery,คนส่ง A
T01942,2026-09-01,09:58,C051,UNQ,15,exchange,1,1,423,0,transfer,423,phone,delivery,คนส่ง A
T01943,2026-09-01,10:36,C160,WP,48,exchange,2,2,2700,0,transfer,2700,walk_in,pickup,
T01944,2026-09-01,11:17,C203,PTT,4,exchange,1,1,160,0,cash,160,walk_in,pickup,
T01945,2026-09-01,11:42,C220,PTT,15,exchange,1,1,423,0,transfer,423,phone,delivery,คนส่ง A
T01946,2026-09-01,11:45,C194,PTT,15,exchange,2,2,846,0,credit,0,walk_in,pickup,
T01947,2026-09-01,14:05,C064,PTT,15,exchange,1,1,423,0,transfer,423,phone,delivery,คนส่ง B
T01948,2026-09-01,16:19,C200,WP,15,exchange,1,1,423,0,transfer,423,phone,delivery,คนส่ง B
T01949,2026-09-01,16:45,C174,SGP,48,exchange,3,3,4050,0,credit,0,line,delivery,คนส่ง B
T01950,2026-09-01,17:08,C181,WP,15,exchange,3,3,1269,0,credit,0,walk_in,pickup,
T01951,2026-09-01,18:19,C178,WP,15,exchange,5,5,2115,0,credit,0,walk_in,pickup,
T01952,2026-09-01,18:49,C103,PTT,15,exchange,1,1,423,0,transfer,423,phone,delivery,คนส่ง A
T01953,2026-09-01,18:50,C171,SGP,48,exchange,4,4,5400,0,cash,5400,walk_in,pickup,
T01954,2026-09-02,08:01,C209,WP,4,exchange,1,1,160,0,transfer,160,phone,delivery,คนส่ง B
T01955,2026-09-02,08:28,C208,WP,15,exchange,1,1,423,0,cash,423,phone,delivery,คนส่ง A
T01956,2026-09-02,09:33,C180,PTT,15,exchange,4,4,1692,0,cash,1692,phone,delivery,คนส่ง B
T01957,2026-09-02,10:55,C184,PTT,48,exchange,3,3,4050,0,transfer,4050,phone,delivery,คนส่ง A
T01958,2026-09-02,11:15,C026,WP,15,exchange,1,1,423,0,cash,423,phone,delivery,คนส่ง A
T01959,2026-09-02,11:37,C161,PTT,15,exchange,1,1,423,0,transfer,423,walk_in,pickup,
T01960,2026-09-02,12:56,C167,UNQ,15,exchange,4,4,1692,0,cash,1692,phone,delivery,คนส่ง B
T01961,2026-09-02,13:38,C012,WP,15,exchange,1,1,423,0,cash,423,phone,delivery,คนส่ง B
T01962,2026-09-02,13:48,C155,SGP,48,exchange,3,3,4050,0,transfer,4050,walk_in,pickup,
T01963,2026-09-02,17:45,C163,UNQ,15,exchange,4,4,1692,0,transfer,1692,walk_in,pickup,
T01964,2026-09-02,18:07,C164,PTT,15,exchange,4,4,1692,0,credit,0,walk_in,pickup,
T01965,2026-09-03,08:51,C085,WP,15,new_cylinder,1,0,423,1300,transfer,1723,walk_in,pickup,
T01966,2026-09-03,09:06,C195,PTT,15,exchange,2,2,846,0,transfer,846,walk_in,pickup,
T01967,2026-09-03,09:08,C067,PTT,4,exchange,1,1,160,0,transfer,160,phone,delivery,คนส่ง A
T01968,2026-09-03,09:38,C154,UNQ,48,exchange,3,3,4050,0,transfer,4050,walk_in,pickup,
T01969,2026-09-03,09:52,C157,WP,15,exchange,3,2,1269,0,cash,1269,line,delivery,คนส่ง B
T01970,2026-09-03,10:28,C083,UNQ,15,exchange,1,1,423,0,transfer,423,line,delivery,คนส่ง A
T01971,2026-09-03,10:35,C210,PTT,4,exchange,1,1,160,0,transfer,160,phone,delivery,คนส่ง A
T01972,2026-09-03,11:18,C162,PTT,15,exchange,3,3,1269,0,transfer,1269,phone,delivery,คนส่ง B
T01973,2026-09-03,14:00,C152,UNQ,15,exchange,3,2,1269,0,credit,0,line,delivery,คนส่ง B
T01974,2026-09-03,14:53,C166,PTT,15,exchange,3,2,1269,0,credit,0,line,delivery,คนส่ง A
T01975,2026-09-03,16:00,C193,PTT,48,exchange,1,1,1350,0,credit,0,walk_in,pickup,
T01976,2026-09-03,16:11,C172,WP,15,exchange,2,2,846,0,transfer,846,line,delivery,คนส่ง B
T01977,2026-09-03,16:22,C059,WP,4,exchange,1,1,160,0,transfer,160,line,delivery,คนส่ง B
T01978,2026-09-03,16:33,C182,WP,15,exchange,2,2,846,0,cash,846,phone,delivery,คนส่ง B
T01979,2026-09-03,17:14,C092,WP,15,exchange,1,1,423,0,cash,423,walk_in,pickup,
T01980,2026-09-03,17:45,C185,WP,15,exchange,1,1,423,0,credit,0,walk_in,pickup,
T01981,2026-09-04,08:13,C156,WP,15,exchange,2,2,846,0,credit,0,walk_in,pickup,
T01982,2026-09-04,10:08,C205,WP,15,exchange,1,1,423,0,transfer,423,line,delivery,คนส่ง B
T01983,2026-09-04,10:15,C207,PTT,15,exchange,1,0,423,0,cash,423,walk_in,pickup,
T01984,2026-09-04,10:47,C199,UNQ,15,exchange,1,1,423,0,transfer,423,line,delivery,คนส่ง B
T01985,2026-09-04,10:59,C191,PTT,15,exchange,3,3,1269,0,credit,0,phone,delivery,คนส่ง B
T01986,2026-09-04,11:52,C058,WP,15,exchange,1,1,423,0,cash,423,line,delivery,คนส่ง A
T01987,2026-09-04,16:11,C159,WP,15,exchange,5,6,2115,0,transfer,2115,line,delivery,คนส่ง A
T01988,2026-09-04,16:32,C021,PTT,15,exchange,1,1,423,0,transfer,423,line,delivery,คนส่ง B
T01989,2026-09-04,16:50,C214,SGP,15,exchange,1,1,423,0,cash,423,line,delivery,คนส่ง B
T01990,2026-09-04,16:53,C204,WP,15,exchange,1,1,423,0,credit,0,phone,delivery,คนส่ง B
T01991,2026-09-04,16:57,C190,SGP,15,exchange,2,2,846,0,credit,0,phone,delivery,คนส่ง A
T01992,2026-09-05,07:05,C216,WP,15,exchange,1,1,423,0,transfer,423,walk_in,pickup,
T01993,2026-09-05,07:45,C007,SGP,15,exchange,1,1,423,0,cash,423,line,delivery,คนส่ง B
T01994,2026-09-05,07:45,C080,WP,15,exchange,1,1,423,0,transfer,423,phone,delivery,คนส่ง B
T01995,2026-09-05,09:03,C165,WP,48,exchange,3,3,4050,0,credit,0,phone,delivery,คนส่ง A
T01996,2026-09-05,09:24,C179,WP,15,exchange,1,1,423,0,transfer,423,phone,delivery,คนส่ง B
T01997,2026-09-05,10:00,C201,WP,4,exchange,1,1,160,0,transfer,160,line,delivery,คนส่ง A
T01998,2026-09-05,10:00,C218,WP,15,exchange,1,1,423,0,cash,423,phone,delivery,คนส่ง A
T01999,2026-09-05,11:33,C175,SGP,15,exchange,2,2,846,0,cash,846,line,delivery,คนส่ง B
T02000,2026-09-05,16:02,C151,UNQ,48,exchange,2,2,2700,0,transfer,2700,phone,delivery,คนส่ง B
T02001,2026-09-05,16:55,C187,WP,48,exchange,1,1,1350,0,transfer,1350,line,delivery,คนส่ง A
T02002,2026-09-05,17:36,C176,PTT,15,exchange,5,5,2115,0,transfer,2115,walk_in,pickup,
T02003,2026-09-05,17:49,C197,WP,15,exchange,1,1,423,0,transfer,423,phone,delivery,คนส่ง A
T02004,2026-09-06,07:16,C183,UNQ,15,exchange,3,3,1269,0,credit,0,phone,delivery,คนส่ง A
T02005,2026-09-06,08:03,C087,WP,15,exchange,1,1,423,0,transfer,423,phone,delivery,คนส่ง A
T02006,2026-09-06,10:52,C168,WP,48,exchange,3,3,4050,0,credit,0,line,delivery,คนส่ง B
T02007,2026-09-06,11:48,C185,WP,15,exchange,2,2,846,0,credit,0,phone,delivery,คนส่ง B
T02008,2026-09-06,13:50,C177,UNQ,48,exchange,3,3,4050,0,credit,0,line,delivery,คนส่ง B
T02009,2026-09-06,16:24,C183,UNQ,15,new_cylinder,1,0,423,1300,credit,0,line,delivery,คนส่ง B
T02010,2026-09-06,16:28,C096,WP,15,exchange,1,2,423,0,cash,423,line,delivery,คนส่ง B
T02011,2026-09-07,08:05,C158,WP,48,exchange,4,4,5400,0,credit,0,phone,delivery,คนส่ง B
T02012,2026-09-07,08:12,C154,UNQ,48,exchange,2,1,2700,0,transfer,2700,phone,delivery,คนส่ง A
T02013,2026-09-07,08:39,C195,PTT,15,exchange,4,5,1692,0,transfer,1692,phone,delivery,คนส่ง B
T02014,2026-09-07,09:10,C173,WP,48,exchange,4,4,5400,0,cash,5400,phone,delivery,คนส่ง A
T02015,2026-09-07,09:52,C186,UNQ,15,exchange,3,3,1269,0,credit,0,walk_in,pickup,
T02016,2026-09-07,10:22,C112,WP,15,exchange,1,1,423,0,cash,423,line,delivery,คนส่ง A
T02017,2026-09-07,10:26,C189,WP,48,exchange,4,4,5400,0,transfer,5400,line,delivery,คนส่ง B
T02018,2026-09-07,10:33,C157,WP,15,exchange,4,5,1692,0,cash,1692,walk_in,pickup,
T02019,2026-09-07,10:36,C178,WP,15,exchange,5,5,2115,0,credit,0,phone,delivery,คนส่ง B
T02020,2026-09-07,10:48,C170,UNQ,15,exchange,4,4,1692,0,transfer,1692,phone,delivery,คนส่ง B
T02021,2026-09-07,11:28,C153,WP,48,exchange,2,2,2700,0,credit,0,line,delivery,คนส่ง A
T02022,2026-09-07,11:52,C160,WP,48,exchange,3,3,4050,0,transfer,4050,phone,delivery,คนส่ง A
T02023,2026-09-07,11:53,C148,PTT,4,exchange,1,1,160,0,transfer,160,walk_in,pickup,
T02024,2026-09-07,13:00,C211,WP,4,exchange,1,1,160,0,transfer,160,line,delivery,คนส่ง B
T02025,2026-09-07,15:09,C194,PTT,15,exchange,4,4,1692,0,credit,0,line,delivery,คนส่ง B
T02026,2026-09-07,15:43,C155,SGP,48,exchange,4,4,5400,0,cash,5400,phone,delivery,คนส่ง B
T02027,2026-09-07,15:47,C171,SGP,48,exchange,3,3,4050,0,transfer,4050,phone,delivery,คนส่ง A
T02028,2026-09-07,16:10,C164,PTT,15,exchange,4,4,1692,0,credit,0,phone,delivery,คนส่ง B
T02029,2026-09-07,17:29,C212,SGP,15,exchange,1,1,423,0,transfer,423,phone,delivery,คนส่ง B
T02030,2026-09-07,18:52,C033,UNQ,15,exchange,1,1,423,0,transfer,423,phone,delivery,คนส่ง B
T02031,2026-09-08,07:34,C035,UNQ,15,exchange,1,1,423,0,cash,423,line,delivery,คนส่ง B
T02032,2026-09-08,08:01,C137,PTT,15,exchange,1,1,423,0,cash,423,phone,delivery,คนส่ง B
T02033,2026-09-08,09:23,C217,SGP,4,exchange,1,1,160,0,transfer,160,phone,delivery,คนส่ง B
T02034,2026-09-08,09:25,C077,UNQ,15,new_cylinder,1,0,423,1300,transfer,1723,line,delivery,คนส่ง B
T02035,2026-09-08,10:05,C163,UNQ,15,exchange,3,3,1269,0,transfer,1269,line,delivery,คนส่ง B
T02036,2026-09-08,10:09,C167,UNQ,15,exchange,3,3,1269,0,cash,1269,line,delivery,คนส่ง A
T02037,2026-09-08,10:25,C180,PTT,15,exchange,4,4,1692,0,transfer,1692,phone,delivery,คนส่ง B
T02038,2026-09-08,10:36,C166,PTT,15,exchange,3,3,1269,0,credit,0,phone,delivery,คนส่ง A
T02039,2026-09-08,10:55,C113,WP,15,exchange,1,1,423,0,cash,423,phone,delivery,คนส่ง A
T02040,2026-09-08,11:34,C150,UNQ,15,exchange,1,1,423,0,transfer,423,phone,delivery,คนส่ง B
T02041,2026-09-08,13:37,C127,SGP,15,new_cylinder,1,0,423,1300,cash,1723,phone,delivery,คนส่ง A
T02042,2026-09-08,13:57,C193,PTT,48,exchange,2,2,2700,0,credit,0,walk_in,pickup,
T02043,2026-09-08,14:06,C056,WP,15,exchange,1,1,423,0,transfer,423,phone,delivery,คนส่ง B
T02044,2026-09-09,07:51,C209,WP,4,exchange,1,1,160,0,transfer,160,walk_in,pickup,
T02045,2026-09-09,08:26,C135,PTT,15,exchange,1,1,423,0,transfer,423,phone,delivery,คนส่ง B
T02046,2026-09-09,08:36,C206,PTT,15,exchange,1,1,423,0,transfer,423,line,delivery,คนส่ง B
T02047,2026-09-09,09:49,C200,WP,15,exchange,1,1,423,0,transfer,423,line,delivery,คนส่ง A
T02048,2026-09-09,10:27,C198,SGP,4,exchange,1,1,160,0,cash,160,line,delivery,คนส่ง B
T02049,2026-09-09,10:53,C161,PTT,15,exchange,1,1,423,0,transfer,423,walk_in,pickup,
T02050,2026-09-09,10:57,C196,WP,15,exchange,1,1,423,0,transfer,423,phone,delivery,คนส่ง A
T02051,2026-09-09,13:09,C184,PTT,48,exchange,4,4,5400,0,transfer,5400,line,delivery,คนส่ง B
T02052,2026-09-09,14:12,C151,UNQ,48,exchange,3,3,4050,0,transfer,4050,phone,delivery,คนส่ง A
T02053,2026-09-09,14:15,C181,WP,15,exchange,3,3,1269,0,credit,0,line,delivery,คนส่ง A
T02054,2026-09-09,15:14,C152,UNQ,15,exchange,4,4,1692,0,credit,0,phone,delivery,คนส่ง A
T02055,2026-09-09,16:40,C006,PTT,15,exchange,1,1,423,0,cash,423,phone,delivery,คนส่ง A
T02056,2026-09-09,17:11,C174,SGP,48,exchange,3,3,4050,0,credit,0,walk_in,pickup,
T02057,2026-09-09,17:21,C019,PTT,15,exchange,1,1,423,0,cash,423,phone,delivery,คนส่ง B
T02058,2026-09-09,17:41,C136,PTT,15,exchange,1,1,423,0,cash,423,phone,delivery,คนส่ง A
T02059,2026-09-09,18:28,C192,PTT,15,exchange,3,3,1269,0,cash,1269,phone,delivery,คนส่ง A
T02060,2026-09-10,08:07,C159,WP,15,exchange,2,2,846,0,transfer,846,walk_in,pickup,
T02061,2026-09-10,08:45,C191,PTT,15,exchange,4,4,1692,0,credit,0,phone,delivery,คนส่ง B
T02062,2026-09-10,09:46,C175,SGP,15,exchange,3,3,1269,0,transfer,1269,phone,delivery,คนส่ง A
T02063,2026-09-10,11:05,C046,WP,15,exchange,1,1,423,0,cash,423,phone,delivery,คนส่ง B
T02064,2026-09-10,11:11,C185,WP,15,exchange,1,1,423,0,credit,0,phone,delivery,คนส่ง B
T02065,2026-09-10,11:36,C097,WP,15,exchange,1,1,423,0,transfer,423,line,delivery,คนส่ง B
T02066,2026-09-10,11:38,C004,SGP,15,exchange,1,1,423,0,transfer,423,walk_in,pickup,
T02067,2026-09-10,11:51,C176,PTT,15,exchange,4,4,1692,0,transfer,1692,walk_in,pickup,
T02068,2026-09-10,13:43,C172,WP,15,exchange,1,1,423,0,cash,423,walk_in,pickup,
T02069,2026-09-10,16:09,C190,SGP,15,exchange,2,2,846,0,credit,0,walk_in,pickup,
T02070,2026-09-10,17:19,C202,WP,4,exchange,1,1,160,0,credit,0,phone,delivery,คนส่ง B
T02071,2026-09-10,17:38,C162,PTT,15,exchange,3,3,1269,0,cash,1269,phone,delivery,คนส่ง A
T02072,2026-09-10,17:42,C099,WP,15,exchange,1,1,423,0,cash,423,walk_in,pickup,
T02073,2026-09-10,18:22,C179,WP,15,exchange,3,3,1269,0,transfer,1269,phone,delivery,คนส่ง B
T02074,2026-09-11,07:57,C182,WP,15,exchange,2,2,846,0,transfer,846,phone,delivery,คนส่ง A
T02075,2026-09-11,08:22,C220,PTT,15,exchange,1,1,423,0,cash,423,phone,delivery,คนส่ง A
T02076,2026-09-11,11:06,C201,WP,4,exchange,1,1,160,0,transfer,160,line,delivery,คนส่ง A
T02077,2026-09-11,11:18,C157,WP,15,exchange,1,1,423,0,transfer,423,walk_in,pickup,
T02078,2026-09-11,11:38,C044,WP,15,exchange,1,1,423,0,cash,423,walk_in,pickup,
T02079,2026-09-11,11:57,C219,PTT,4,exchange,1,1,160,0,transfer,160,line,delivery,คนส่ง A
T02080,2026-09-11,12:27,C156,WP,15,exchange,2,1,846,0,credit,0,phone,delivery,คนส่ง B
T02081,2026-09-11,16:05,C123,WP,15,exchange,1,1,423,0,cash,423,phone,delivery,คนส่ง B
T02082,2026-09-11,17:21,C177,UNQ,48,exchange,2,2,2700,0,credit,0,phone,delivery,คนส่ง A
T02083,2026-09-12,07:35,C165,WP,48,exchange,3,3,4050,0,credit,0,walk_in,pickup,
T02084,2026-09-12,07:49,C186,UNQ,15,exchange,2,2,846,0,credit,0,phone,delivery,คนส่ง B
T02085,2026-09-12,08:52,C036,WP,15,exchange,1,1,423,0,transfer,423,walk_in,pickup,
T02086,2026-09-12,10:22,C215,UNQ,4,exchange,1,0,160,0,cash,160,walk_in,pickup,
T02087,2026-09-12,11:41,C213,WP,4,exchange,1,1,160,0,transfer,160,phone,delivery,คนส่ง A
T02088,2026-09-12,14:24,C178,WP,15,exchange,3,3,1269,0,credit,0,phone,delivery,คนส่ง B
T02089,2026-09-12,15:25,C032,UNQ,15,exchange,1,1,423,0,transfer,423,walk_in,pickup,
T02090,2026-09-12,16:29,C164,PTT,15,exchange,4,4,1692,0,credit,0,phone,delivery,คนส่ง A
T02091,2026-09-12,16:38,C060,SGP,15,exchange,1,1,423,0,cash,423,walk_in,pickup,
T02092,2026-09-12,16:45,C107,UNQ,15,exchange,1,1,423,0,transfer,423,line,delivery,คนส่ง A
T02093,2026-09-13,08:16,C001,SGP,15,exchange,1,1,423,0,transfer,423,walk_in,pickup,
T02094,2026-09-13,08:20,C207,PTT,15,exchange,1,1,423,0,transfer,423,walk_in,pickup,
T02095,2026-09-13,08:47,C155,SGP,48,exchange,4,4,5400,0,cash,5400,walk_in,pickup,
T02096,2026-09-13,09:10,C170,UNQ,15,exchange,2,2,846,0,cash,846,walk_in,pickup,
T02097,2026-09-13,09:11,C163,UNQ,15,exchange,2,2,846,0,transfer,846,walk_in,pickup,
T02098,2026-09-13,09:21,C203,PTT,4,exchange,1,1,160,0,transfer,160,phone,delivery,คนส่ง A
T02099,2026-09-13,10:18,C048,UNQ,15,exchange,1,1,423,0,transfer,423,walk_in,pickup,
T02100,2026-09-13,11:53,C199,UNQ,15,exchange,1,1,423,0,cash,423,line,delivery,คนส่ง B
T02101,2026-09-13,14:27,C195,PTT,15,exchange,3,3,1269,0,cash,1269,phone,delivery,คนส่ง B
T02102,2026-09-13,15:26,C187,WP,48,exchange,1,1,1350,0,cash,1350,phone,delivery,คนส่ง B
T02103,2026-09-13,17:02,C191,PTT,15,exchange,2,2,846,0,credit,0,walk_in,pickup,
T02104,2026-09-14,07:52,C205,WP,15,exchange,1,1,423,0,transfer,423,line,delivery,คนส่ง A
T02105,2026-09-14,08:05,C050,SGP,15,exchange,1,1,423,0,cash,423,line,delivery,คนส่ง A
T02106,2026-09-14,08:48,C167,UNQ,15,exchange,4,4,1692,0,cash,1692,phone,delivery,คนส่ง B
T02107,2026-09-14,09:06,C115,PTT,15,exchange,1,1,423,0,cash,423,line,delivery,คนส่ง A
T02108,2026-09-14,09:13,C171,SGP,48,exchange,3,3,4050,0,transfer,4050,phone,delivery,คนส่ง A
T02109,2026-09-14,09:18,C189,WP,48,exchange,3,3,4050,0,transfer,4050,phone,delivery,คนส่ง A
T02110,2026-09-14,09:26,C193,PTT,48,exchange,2,2,2700,0,credit,0,walk_in,pickup,
T02111,2026-09-14,09:59,C153,WP,48,new_cylinder,1,0,1350,3800,credit,0,line,delivery,คนส่ง A
T02112,2026-09-14,10:04,C162,PTT,15,exchange,2,2,846,0,cash,846,line,delivery,คนส่ง B
T02113,2026-09-14,10:06,C168,WP,48,exchange,4,4,5400,0,credit,0,walk_in,pickup,
T02114,2026-09-14,10:07,C214,SGP,15,exchange,1,1,423,0,cash,423,walk_in,pickup,
T02115,2026-09-14,10:13,C181,WP,15,exchange,2,2,846,0,credit,0,phone,delivery,คนส่ง A
T02116,2026-09-14,10:14,C141,SGP,15,exchange,1,1,423,0,transfer,423,walk_in,pickup,
T02117,2026-09-14,10:17,C154,UNQ,48,exchange,3,4,4050,0,cash,4050,walk_in,pickup,
T02118,2026-09-14,10:22,C166,PTT,15,exchange,3,3,1269,0,credit,0,walk_in,pickup,
T02119,2026-09-14,10:23,C184,PTT,48,exchange,3,3,4050,0,cash,4050,phone,delivery,คนส่ง B
T02120,2026-09-14,10:32,C183,UNQ,15,exchange,4,4,1692,0,credit,0,walk_in,pickup,
T02121,2026-09-14,10:36,C160,WP,48,exchange,2,2,2700,0,cash,2700,phone,delivery,คนส่ง A
T02122,2026-09-14,10:44,C204,WP,15,exchange,1,1,423,0,credit,0,walk_in,pickup,
T02123,2026-09-14,10:54,C158,WP,48,exchange,4,4,5400,0,credit,0,line,delivery,คนส่ง A
T02124,2026-09-14,10:54,C181,WP,15,new_cylinder,1,0,423,1300,credit,0,walk_in,pickup,
T02125,2026-09-14,13:58,C153,WP,48,exchange,5,5,6750,0,credit,0,phone,delivery,คนส่ง A
T02126,2026-09-14,14:24,C194,PTT,15,exchange,3,3,1269,0,credit,0,walk_in,pickup,
T02127,2026-09-14,15:27,C013,PTT,15,exchange,1,1,423,0,transfer,423,phone,delivery,คนส่ง A
T02128,2026-09-14,15:37,C132,WP,15,exchange,1,1,423,0,cash,423,phone,delivery,คนส่ง A
T02129,2026-09-14,15:40,C175,SGP,15,exchange,4,4,1692,0,cash,1692,walk_in,pickup,
T02130,2026-09-14,15:46,C180,PTT,15,exchange,3,3,1269,0,transfer,1269,phone,delivery,คนส่ง B
T02131,2026-09-14,16:00,C151,UNQ,48,exchange,3,3,4050,0,cash,4050,phone,delivery,คนส่ง A
T02132,2026-09-14,16:33,C208,WP,15,exchange,1,1,423,0,transfer,423,phone,delivery,คนส่ง B
T02133,2026-09-14,17:02,C179,WP,15,exchange,2,2,846,0,transfer,846,line,delivery,คนส่ง B
T02134,2026-09-15,08:33,C116,SGP,15,exchange,1,1,423,0,transfer,423,line,delivery,คนส่ง B
T02135,2026-09-15,09:55,C198,SGP,4,exchange,1,1,160,0,cash,160,phone,delivery,คนส่ง B
T02136,2026-09-15,10:39,C017,PTT,15,exchange,1,1,423,0,transfer,423,line,delivery,คนส่ง B
T02137,2026-09-15,11:11,C173,WP,48,exchange,2,2,2700,0,transfer,2700,phone,delivery,คนส่ง A
T02138,2026-09-15,11:13,C098,WP,15,exchange,1,1,423,0,cash,423,phone,delivery,คนส่ง A
T02139,2026-09-15,11:33,C152,UNQ,15,exchange,3,2,1269,0,credit,0,phone,delivery,คนส่ง B
T02140,2026-09-15,13:12,C142,PTT,15,exchange,1,1,423,0,cash,423,phone,delivery,คนส่ง B
T02141,2026-09-15,16:57,C210,PTT,4,exchange,1,1,160,0,cash,160,line,delivery,คนส่ง A
T02142,2026-09-15,18:29,C174,SGP,48,exchange,3,3,4050,0,credit,0,phone,delivery,คนส่ง B
T02143,2026-09-16,08:48,C047,SGP,15,exchange,1,1,423,0,cash,423,line,delivery,คนส่ง B
T02144,2026-09-16,09:01,C192,PTT,15,exchange,2,2,846,0,transfer,846,line,delivery,คนส่ง A
T02145,2026-09-16,09:06,C121,WP,15,exchange,1,1,423,0,transfer,423,phone,delivery,คนส่ง A
T02146,2026-09-16,10:17,C185,WP,15,exchange,1,1,423,0,credit,0,walk_in,pickup,
T02147,2026-09-16,10:36,C156,WP,15,exchange,2,2,846,0,credit,0,phone,delivery,คนส่ง B
T02148,2026-09-16,12:40,C157,WP,15,exchange,2,2,846,0,cash,846,line,delivery,คนส่ง B
T02149,2026-09-16,15:23,C196,WP,15,exchange,1,1,423,0,transfer,423,line,delivery,คนส่ง B
T02150,2026-09-16,15:37,C161,PTT,15,exchange,1,1,423,0,cash,423,phone,delivery,คนส่ง B
T02151,2026-09-16,15:51,C172,WP,15,exchange,2,2,846,0,cash,846,walk_in,pickup,
T02152,2026-09-16,17:39,C182,WP,15,exchange,3,3,1269,0,transfer,1269,phone,delivery,คนส่ง A
T02153,2026-09-17,07:15,C216,WP,15,exchange,1,1,423,0,transfer,423,phone,delivery,คนส่ง B
T02154,2026-09-17,10:06,C197,WP,15,exchange,1,1,423,0,transfer,423,phone,delivery,คนส่ง B
T02155,2026-09-17,10:31,C218,WP,15,exchange,1,1,423,0,transfer,423,phone,delivery,คนส่ง A
T02156,2026-09-17,10:55,C211,WP,4,exchange,1,1,160,0,transfer,160,phone,delivery,คนส่ง A
T02157,2026-09-17,11:06,C176,PTT,15,exchange,3,3,1269,0,transfer,1269,walk_in,pickup,
T02158,2026-09-17,11:09,C177,UNQ,48,exchange,4,4,5400,0,credit,0,walk_in,pickup,
T02159,2026-09-17,14:39,C219,PTT,4,exchange,1,2,160,0,transfer,160,line,delivery,คนส่ง B
T02160,2026-09-17,16:01,C009,SGP,15,exchange,1,1,423,0,transfer,423,walk_in,pickup,
T02161,2026-09-17,17:22,C190,SGP,15,exchange,3,3,1269,0,credit,0,walk_in,pickup,
T02162,2026-09-17,18:14,C131,SGP,15,exchange,1,1,423,0,transfer,423,walk_in,pickup,
T02163,2026-09-18,08:12,C159,WP,15,exchange,4,4,1692,0,cash,1692,walk_in,pickup,
T02164,2026-09-18,09:33,C186,UNQ,15,exchange,2,2,846,0,credit,0,phone,delivery,คนส่ง B
T02165,2026-09-18,09:43,C105,WP,15,exchange,1,0,423,0,cash,423,phone,delivery,คนส่ง B
T02166,2026-09-18,10:07,C212,SGP,15,exchange,1,1,423,0,cash,423,line,delivery,คนส่ง B
T02167,2026-09-18,10:42,C069,WP,15,exchange,1,1,423,0,cash,423,walk_in,pickup,
T02168,2026-09-18,11:28,C094,SGP,15,exchange,1,1,423,0,transfer,423,phone,delivery,คนส่ง A
T02169,2026-09-18,11:44,C178,WP,15,exchange,3,3,1269,0,credit,0,phone,delivery,คนส่ง A
T02170,2026-09-18,12:02,C209,WP,4,exchange,1,1,160,0,transfer,160,phone,delivery,คนส่ง A
T02171,2026-09-18,13:45,C183,UNQ,15,exchange,4,4,1692,0,credit,0,walk_in,pickup,
T02172,2026-09-18,14:21,C201,WP,4,exchange,1,1,160,0,transfer,160,line,delivery,คนส่ง B
T02173,2026-09-18,14:38,C200,WP,15,exchange,1,1,423,0,transfer,423,phone,delivery,คนส่ง B
T02174,2026-09-18,16:56,C202,WP,4,exchange,1,1,160,0,credit,0,phone,delivery,คนส่ง B
T02175,2026-09-18,17:09,C217,SGP,4,exchange,1,2,160,0,cash,160,phone,delivery,คนส่ง B
T02176,2026-09-19,08:01,C166,PTT,15,exchange,4,5,1692,0,credit,0,line,delivery,คนส่ง A
T02177,2026-09-19,08:49,C170,UNQ,15,exchange,4,4,1692,0,cash,1692,walk_in,pickup,
T02178,2026-09-19,08:52,C181,WP,15,exchange,2,2,846,0,credit,0,phone,delivery,คนส่ง A
T02179,2026-09-19,10:16,C171,SGP,48,exchange,4,4,5400,0,transfer,5400,phone,delivery,คนส่ง B
T02180,2026-09-19,13:20,C180,PTT,15,exchange,3,3,1269,0,transfer,1269,phone,delivery,คนส่ง A
T02181,2026-09-19,14:20,C167,UNQ,15,exchange,3,3,1269,0,transfer,1269,phone,delivery,คนส่ง B
T02182,2026-09-19,14:33,C162,PTT,15,exchange,3,3,1269,0,transfer,1269,line,delivery,คนส่ง B
T02183,2026-09-19,14:49,C168,WP,48,exchange,6,6,8100,0,credit,0,phone,delivery,คนส่ง B
T02184,2026-09-19,15:00,C155,SGP,48,exchange,4,4,5400,0,transfer,5400,line,delivery,คนส่ง A
T02185,2026-09-19,15:37,C191,PTT,15,exchange,4,4,1692,0,credit,0,walk_in,pickup,
T02186,2026-09-19,17:12,C110,UNQ,15,exchange,1,1,423,0,transfer,423,phone,delivery,คนส่ง B
T02187,2026-09-19,17:14,C041,UNQ,15,exchange,1,1,423,0,cash,423,line,delivery,คนส่ง A
T02188,2026-09-19,17:39,C194,PTT,15,exchange,1,1,423,0,credit,0,walk_in,pickup,
T02189,2026-09-20,07:51,C175,SGP,15,exchange,3,3,1269,0,cash,1269,walk_in,pickup,
T02190,2026-09-20,08:21,C151,UNQ,48,exchange,3,3,4050,0,transfer,4050,walk_in,pickup,
T02191,2026-09-20,09:00,C037,WP,15,exchange,1,1,423,0,transfer,423,walk_in,pickup,
T02192,2026-09-20,09:14,C061,WP,15,exchange,1,1,423,0,transfer,423,line,delivery,คนส่ง B
T02193,2026-09-20,09:22,C206,PTT,15,exchange,1,1,423,0,cash,423,line,delivery,คนส่ง B
T02194,2026-09-20,10:15,C165,WP,48,exchange,3,3,4050,0,credit,0,line,delivery,คนส่ง A
T02195,2026-09-20,11:22,C182,WP,15,exchange,2,2,846,0,cash,846,phone,delivery,คนส่ง A
T02196,2026-09-20,13:08,C079,UNQ,15,exchange,1,0,423,0,transfer,423,phone,delivery,คนส่ง B
T02197,2026-09-20,13:24,C133,WP,15,exchange,1,1,423,0,cash,423,phone,delivery,คนส่ง A
T02198,2026-09-20,14:56,C163,UNQ,15,exchange,4,4,1692,0,transfer,1692,walk_in,pickup,
T02199,2026-09-20,16:20,C118,UNQ,4,exchange,1,1,160,0,cash,160,walk_in,pickup,
T02200,2026-09-20,16:42,C158,WP,48,exchange,2,2,2700,0,credit,0,line,delivery,คนส่ง B
T02201,2026-09-21,07:13,C089,UNQ,15,exchange,1,1,423,0,transfer,423,phone,delivery,คนส่ง B
T02202,2026-09-21,07:57,C040,UNQ,15,exchange,1,1,423,0,transfer,423,phone,delivery,คนส่ง A
T02203,2026-09-21,08:23,C029,WP,15,exchange,1,2,423,0,transfer,423,phone,delivery,คนส่ง A
T02204,2026-09-21,09:01,C164,PTT,15,exchange,3,3,1269,0,credit,0,line,delivery,คนส่ง A
T02205,2026-09-21,09:33,C068,PTT,15,exchange,1,1,423,0,cash,423,line,delivery,คนส่ง A
T02206,2026-09-21,10:23,C187,WP,48,exchange,1,1,1350,0,cash,1350,walk_in,pickup,
T02207,2026-09-21,10:57,C174,SGP,48,exchange,2,2,2700,0,credit,0,phone,delivery,คนส่ง A
T02208,2026-09-21,11:22,C199,UNQ,15,exchange,1,1,423,0,transfer,423,phone,delivery,คนส่ง A
T02209,2026-09-21,11:29,C179,WP,15,exchange,2,2,846,0,transfer,846,line,delivery,คนส่ง B
T02210,2026-09-21,11:42,C213,WP,4,exchange,1,1,160,0,transfer,160,walk_in,pickup,
T02211,2026-09-21,11:48,C203,PTT,4,exchange,1,1,160,0,cash,160,walk_in,pickup,
T02212,2026-09-21,12:28,C160,WP,48,exchange,4,4,5400,0,cash,5400,line,delivery,คนส่ง B
T02213,2026-09-21,12:47,C185,WP,15,exchange,2,2,846,0,credit,0,phone,delivery,คนส่ง A
T02214,2026-09-21,13:40,C195,PTT,15,exchange,4,4,1692,0,transfer,1692,phone,delivery,คนส่ง A
T02215,2026-09-21,14:17,C220,PTT,15,exchange,1,1,423,0,transfer,423,phone,delivery,คนส่ง A
T02216,2026-09-21,16:05,C154,UNQ,48,exchange,4,4,5400,0,cash,5400,line,delivery,คนส่ง A
T02217,2026-09-21,16:06,C156,WP,15,exchange,2,2,846,0,credit,0,line,delivery,คนส่ง B
T02218,2026-09-21,16:10,C157,WP,15,exchange,3,3,1269,0,transfer,1269,phone,delivery,คนส่ง B
T02219,2026-09-21,16:30,C153,WP,48,exchange,3,3,4050,0,credit,0,phone,delivery,คนส่ง A
T02220,2026-09-21,17:09,C071,UNQ,15,exchange,1,1,423,0,transfer,423,line,delivery,คนส่ง A
T02221,2026-09-21,17:44,C152,UNQ,15,exchange,4,6,1692,0,credit,0,phone,delivery,คนส่ง B
T02222,2026-09-22,09:13,C177,UNQ,48,exchange,2,2,2700,0,credit,0,phone,delivery,คนส่ง B
T02223,2026-09-22,09:14,C190,SGP,15,new_cylinder,1,0,423,1300,credit,0,walk_in,pickup,
T02224,2026-09-22,09:16,C192,PTT,15,exchange,2,1,846,0,cash,846,walk_in,pickup,
T02225,2026-09-22,10:17,C176,PTT,15,exchange,5,5,2115,0,transfer,2115,line,delivery,คนส่ง A
T02226,2026-09-22,10:32,C027,UNQ,15,exchange,1,1,423,0,cash,423,phone,delivery,คนส่ง A
T02227,2026-09-22,11:24,C172,WP,15,exchange,2,2,846,0,transfer,846,phone,delivery,คนส่ง B
T02228,2026-09-22,11:42,C055,PTT,15,exchange,1,1,423,0,transfer,423,phone,delivery,คนส่ง A
T02229,2026-09-22,12:56,C207,PTT,15,exchange,1,1,423,0,transfer,423,phone,delivery,คนส่ง B
T02230,2026-09-22,14:13,C184,PTT,48,exchange,5,5,6750,0,transfer,6750,line,delivery,คนส่ง A
T02231,2026-09-22,14:40,C161,PTT,15,exchange,1,1,423,0,transfer,423,walk_in,pickup,
T02232,2026-09-22,15:21,C140,PTT,15,exchange,1,1,423,0,transfer,423,phone,delivery,คนส่ง B
T02233,2026-09-22,15:27,C196,WP,15,exchange,1,1,423,0,cash,423,phone,delivery,คนส่ง B
T02234,2026-09-22,15:39,C108,WP,15,exchange,1,1,423,0,transfer,423,phone,delivery,คนส่ง B
T02235,2026-09-22,16:13,C193,PTT,48,exchange,2,2,2700,0,credit,0,walk_in,pickup,
T02236,2026-09-22,17:59,C190,SGP,15,exchange,3,3,1269,0,credit,0,walk_in,pickup,
T02237,2026-09-23,08:12,C173,WP,48,exchange,3,3,4050,0,transfer,4050,line,delivery,คนส่ง A
T02238,2026-09-23,08:30,C183,UNQ,15,exchange,4,4,1692,0,credit,0,phone,delivery,คนส่ง A
T02239,2026-09-23,09:21,C119,WP,4,exchange,1,1,160,0,transfer,160,line,delivery,คนส่ง B
T02240,2026-09-23,09:48,C129,WP,15,exchange,1,1,423,0,cash,423,phone,delivery,คนส่ง A
T02241,2026-09-23,11:08,C186,UNQ,15,exchange,2,2,846,0,credit,0,walk_in,pickup,
T02242,2026-09-23,14:34,C189,WP,48,exchange,2,2,2700,0,transfer,2700,phone,delivery,คนส่ง B
T02243,2026-09-23,15:52,C045,PTT,4,exchange,1,1,160,0,cash,160,phone,delivery,คนส่ง B
T02244,2026-09-23,16:31,C215,UNQ,4,exchange,1,1,160,0,transfer,160,phone,delivery,คนส่ง A
T02245,2026-09-23,17:30,C191,PTT,15,exchange,3,3,1269,0,credit,0,phone,delivery,คนส่ง B
T02246,2026-09-24,07:19,C109,WP,15,exchange,1,1,423,0,cash,423,phone,delivery,คนส่ง A
T02247,2026-09-24,09:52,C205,WP,15,exchange,1,1,423,0,transfer,423,phone,delivery,คนส่ง A
T02248,2026-09-24,10:30,C211,WP,4,exchange,1,1,160,0,transfer,160,phone,delivery,คนส่ง B
T02249,2026-09-24,10:34,C162,PTT,15,exchange,2,2,846,0,transfer,846,line,delivery,คนส่ง A
T02250,2026-09-24,10:58,C168,WP,48,exchange,3,3,4050,0,credit,0,line,delivery,คนส่ง A
T02251,2026-09-24,11:31,C111,WP,15,exchange,1,1,423,0,transfer,423,phone,delivery,คนส่ง B
T02252,2026-09-24,12:05,C202,WP,4,exchange,1,1,160,0,credit,0,walk_in,pickup,
T02253,2026-09-24,13:25,C093,UNQ,15,exchange,1,1,423,0,cash,423,walk_in,pickup,
T02254,2026-09-24,14:42,C166,PTT,15,exchange,4,4,1692,0,credit,0,phone,delivery,คนส่ง A
T02255,2026-09-24,17:28,C214,SGP,15,exchange,1,1,423,0,transfer,423,phone,delivery,คนส่ง A
T02256,2026-09-24,18:59,C030,PTT,15,exchange,1,1,423,0,transfer,423,phone,delivery,คนส่ง A
T02257,2026-09-25,07:45,C204,WP,15,exchange,1,1,423,0,credit,0,walk_in,pickup,
T02258,2026-09-25,08:26,C167,UNQ,15,exchange,4,4,1692,0,cash,1692,phone,delivery,คนส่ง B
T02259,2026-09-25,09:18,C160,WP,48,exchange,3,3,4050,0,cash,4050,phone,delivery,คนส่ง A
T02260,2026-09-25,09:38,C212,SGP,15,exchange,1,1,423,0,cash,423,line,delivery,คนส่ง B
T02261,2026-09-25,10:28,C155,SGP,48,exchange,3,2,4050,0,cash,4050,walk_in,pickup,
T02262,2026-09-25,10:40,C180,PTT,15,exchange,4,4,1692,0,transfer,1692,line,delivery,คนส่ง A
T02263,2026-09-25,10:57,C163,UNQ,15,exchange,5,5,2115,0,cash,2115,phone,delivery,คนส่ง A
T02264,2026-09-25,11:17,C170,UNQ,15,exchange,4,4,1692,0,cash,1692,phone,delivery,คนส่ง B
T02265,2026-09-25,11:56,C025,WP,15,exchange,1,0,423,0,cash,423,walk_in,pickup,
T02266,2026-09-25,14:03,C208,WP,15,exchange,1,1,423,0,cash,423,phone,delivery,คนส่ง A
T02267,2026-09-25,15:30,C171,SGP,48,exchange,4,4,5400,0,cash,5400,phone,delivery,คนส่ง A
T02268,2026-09-25,16:31,C143,UNQ,15,exchange,1,1,423,0,transfer,423,phone,delivery,คนส่ง A
T02269,2026-09-25,17:36,C018,WP,15,exchange,1,1,423,0,cash,423,phone,delivery,คนส่ง A
T02270,2026-09-26,08:20,C182,WP,15,exchange,1,1,423,0,transfer,423,line,delivery,คนส่ง B
T02271,2026-09-26,08:48,C216,WP,15,exchange,1,1,423,0,transfer,423,walk_in,pickup,
T02272,2026-09-26,09:04,C187,WP,48,exchange,1,1,1350,0,cash,1350,walk_in,pickup,
T02273,2026-09-26,09:18,C066,SGP,15,exchange,1,1,423,0,transfer,423,walk_in,pickup,
T02274,2026-09-26,09:21,C134,PTT,15,exchange,1,1,423,0,transfer,423,line,delivery,คนส่ง B
T02275,2026-09-26,12:28,C159,WP,15,exchange,3,3,1269,0,transfer,1269,line,delivery,คนส่ง B
T02276,2026-09-26,14:04,C165,WP,48,exchange,4,4,5400,0,credit,0,phone,delivery,คนส่ง A
T02277,2026-09-26,14:15,C175,SGP,15,exchange,2,2,846,0,cash,846,walk_in,pickup,
T02278,2026-09-26,14:56,C181,WP,15,exchange,2,2,846,0,credit,0,line,delivery,คนส่ง B
T02279,2026-09-26,16:11,C178,WP,15,exchange,2,1,846,0,credit,0,phone,delivery,คนส่ง A
T02280,2026-09-26,16:12,C122,UNQ,15,exchange,1,1,423,0,transfer,423,phone,delivery,คนส่ง B
T02281,2026-09-26,16:24,C172,WP,15,exchange,1,1,423,0,cash,423,line,delivery,คนส่ง A
T02282,2026-09-26,16:37,C158,WP,48,exchange,4,4,5400,0,credit,0,phone,delivery,คนส่ง B
T02283,2026-09-26,17:19,C219,PTT,4,exchange,1,1,160,0,transfer,160,walk_in,pickup,
T02284,2026-09-26,17:30,C024,PTT,15,exchange,1,1,423,0,transfer,423,walk_in,pickup,
T02285,2026-09-27,10:56,C210,PTT,4,exchange,1,1,160,0,cash,160,phone,delivery,คนส่ง B
T02286,2026-09-27,13:45,C203,PTT,4,exchange,1,1,160,0,transfer,160,walk_in,pickup,
T02287,2026-09-27,16:41,C198,SGP,4,exchange,1,1,160,0,transfer,160,walk_in,pickup,
T02288,2026-09-28,07:05,C154,UNQ,48,exchange,3,3,4050,0,cash,4050,line,delivery,คนส่ง A
T02289,2026-09-28,07:28,C206,PTT,15,exchange,1,1,423,0,transfer,423,phone,delivery,คนส่ง B
T02290,2026-09-28,07:57,C157,WP,15,exchange,2,2,846,0,transfer,846,phone,delivery,คนส่ง A
T02291,2026-09-28,09:52,C179,WP,15,exchange,3,3,1269,0,cash,1269,walk_in,pickup,
T02292,2026-09-28,10:11,C213,WP,4,exchange,1,1,160,0,cash,160,phone,delivery,คนส่ง A
T02293,2026-09-28,10:23,C034,UNQ,15,exchange,1,1,423,0,transfer,423,phone,delivery,คนส่ง A
T02294,2026-09-28,10:38,C152,UNQ,15,exchange,4,4,1692,0,credit,0,walk_in,pickup,
T02295,2026-09-28,10:38,C185,WP,15,exchange,1,1,423,0,credit,0,phone,delivery,คนส่ง A
T02296,2026-09-28,11:33,C218,WP,15,exchange,1,1,423,0,cash,423,phone,delivery,คนส่ง A
T02297,2026-09-28,12:03,C138,WP,15,exchange,1,1,423,0,transfer,423,walk_in,pickup,
T02298,2026-09-28,12:51,C164,PTT,15,exchange,4,4,1692,0,credit,0,line,delivery,คนส่ง B
T02299,2026-09-28,13:29,C102,PTT,4,exchange,1,1,160,0,cash,160,walk_in,pickup,
T02300,2026-09-28,13:50,C192,PTT,15,exchange,2,3,846,0,cash,846,phone,delivery,คนส่ง A
T02301,2026-09-28,14:08,C195,PTT,15,exchange,4,4,1692,0,transfer,1692,line,delivery,คนส่ง A
T02302,2026-09-28,14:35,C151,UNQ,48,exchange,2,2,2700,0,transfer,2700,phone,delivery,คนส่ง A
T02303,2026-09-28,15:26,C010,WP,15,exchange,1,1,423,0,cash,423,phone,delivery,คนส่ง A
T02304,2026-09-28,15:40,C209,WP,4,exchange,1,1,160,0,transfer,160,walk_in,pickup,
T02305,2026-09-28,15:51,C042,WP,15,exchange,1,1,423,0,cash,423,walk_in,pickup,
T02306,2026-09-28,15:51,C174,SGP,48,exchange,4,4,5400,0,credit,0,phone,delivery,คนส่ง B
T02307,2026-09-28,16:10,C176,PTT,15,exchange,5,5,2115,0,cash,2115,phone,delivery,คนส่ง A
T02308,2026-09-28,16:22,C084,PTT,4,exchange,1,1,160,0,cash,160,phone,delivery,คนส่ง A
T02309,2026-09-28,16:27,C194,PTT,15,exchange,3,3,1269,0,credit,0,phone,delivery,คนส่ง B
T02310,2026-09-28,16:28,C200,WP,15,exchange,1,1,423,0,transfer,423,line,delivery,คนส่ง A
T02311,2026-09-28,16:58,C100,PTT,15,exchange,1,1,423,0,transfer,423,walk_in,pickup,
T02312,2026-09-28,17:05,C153,WP,48,exchange,3,3,4050,0,credit,0,walk_in,pickup,
T02313,2026-09-28,17:34,C064,PTT,15,exchange,1,2,423,0,transfer,423,line,delivery,คนส่ง A
T02314,2026-09-28,18:35,C177,UNQ,48,exchange,4,4,5400,0,credit,0,walk_in,pickup,
T02315,2026-09-29,09:42,C193,PTT,48,exchange,1,1,1350,0,credit,0,phone,delivery,คนส่ง A
T02316,2026-09-29,10:16,C217,SGP,4,exchange,1,1,160,0,transfer,160,phone,delivery,คนส่ง B
T02317,2026-09-29,10:21,C162,PTT,15,exchange,2,2,846,0,cash,846,walk_in,pickup,
T02318,2026-09-29,10:21,C220,PTT,15,exchange,1,1,423,0,cash,423,line,delivery,คนส่ง A
T02319,2026-09-29,11:04,C156,WP,15,exchange,2,2,846,0,credit,0,phone,delivery,คนส่ง B
T02320,2026-09-29,11:44,C163,UNQ,15,exchange,5,5,2115,0,cash,2115,walk_in,pickup,
T02321,2026-09-29,11:56,C190,SGP,15,exchange,3,3,1269,0,credit,0,phone,delivery,คนส่ง A
T02322,2026-09-29,12:15,C191,PTT,15,exchange,5,5,2115,0,credit,0,line,delivery,คนส่ง A
T02323,2026-09-29,12:39,C016,WP,15,exchange,1,1,423,0,transfer,423,phone,delivery,คนส่ง B
T02324,2026-09-29,14:24,C197,WP,15,exchange,1,1,423,0,cash,423,phone,delivery,คนส่ง B
T02325,2026-09-29,14:46,C074,PTT,15,exchange,1,1,423,0,cash,423,phone,delivery,คนส่ง B
T02326,2026-09-29,16:26,C145,PTT,15,exchange,1,1,423,0,cash,423,phone,delivery,คนส่ง A
T02327,2026-09-29,18:00,C199,UNQ,15,exchange,1,1,423,0,transfer,423,line,delivery,คนส่ง A
T02328,2026-09-29,18:07,C183,UNQ,15,exchange,5,5,2115,0,credit,0,walk_in,pickup,
T02329,2026-09-30,08:56,C072,WP,15,exchange,1,1,423,0,cash,423,line,delivery,คนส่ง A
T02330,2026-09-30,08:58,C106,PTT,4,exchange,1,1,160,0,cash,160,phone,delivery,คนส่ง A
T02331,2026-09-30,09:11,C172,WP,15,exchange,2,2,846,0,cash,846,walk_in,pickup,
T02332,2026-09-30,09:18,C124,WP,15,exchange,1,1,423,0,cash,423,line,delivery,คนส่ง A
T02333,2026-09-30,09:28,C186,UNQ,15,exchange,2,2,846,0,credit,0,phone,delivery,คนส่ง A
T02334,2026-09-30,10:48,C159,WP,15,exchange,3,3,1269,0,transfer,1269,line,delivery,คนส่ง B
T02335,2026-09-30,11:06,C155,SGP,48,exchange,2,3,2700,0,transfer,2700,phone,delivery,คนส่ง A
T02336,2026-09-30,11:12,C043,WP,15,exchange,1,1,423,0,transfer,423,walk_in,pickup,
T02337,2026-09-30,11:43,C201,WP,4,exchange,1,1,160,0,cash,160,phone,delivery,คนส่ง A
T02338,2026-09-30,12:32,C161,PTT,15,exchange,2,2,846,0,cash,846,walk_in,pickup,
T02339,2026-09-30,12:37,C189,WP,48,exchange,3,3,4050,0,cash,4050,line,delivery,คนส่ง B
T02340,2026-09-30,12:55,C101,WP,15,exchange,1,1,423,0,transfer,423,walk_in,pickup,
T02341,2026-09-30,13:20,C168,WP,48,exchange,2,2,2700,0,credit,0,phone,delivery,คนส่ง A
T02342,2026-09-30,14:38,C091,PTT,15,exchange,1,1,423,0,transfer,423,phone,delivery,คนส่ง B
T02343,2026-09-30,15:09,C184,PTT,48,exchange,3,3,4050,0,cash,4050,phone,delivery,คนส่ง B
T02344,2026-09-30,16:37,C149,UNQ,15,exchange,1,1,423,0,cash,423,walk_in,pickup,
